S02B00002F55736572732F6A65636C6F7574652F53696D706C696369747953747564696F2F73616E64626F781D
S3150800000000040020010B0008090A0108090A010872
S31508000010090A0108090A0108090A0108090A010862
S31508000020090A0108090A0108090A0108453E0108E2
S31508000030090A0108090A0108E93D01081F620108C1
S31508000040090A0108090A0108090A0108090A010832
S31508000050090A0108090A0108090A0108090A010822
S31508000060090A0108090A0108090A0108DD670008E2
S31508000070292B0108090A0108090A0108090A0108C1
S31508000080090A0108090A0108090A0108090A0108F2
S31508000090090A0108AD140008090A0108090A010835
S315080000A0090A0108ED100008CD100008090A010820
S315080000B0090A010805F40008D9FC0008D339010823
S315080000C0CF3901084DF40008E9390108D739010884
S315080000D0A9FC0008DB39010819FD000881FD0008A4
S315080000E0090A0108090A0108090A0108090A010892
S315080000F0D1160108090A0108090A0108090A0108AE
S31508000100090A0108090A0108090A0108090A010871
S31508000110090A0108090A0108090A0108090A010861
S31508000120090A0108090A0108090A0108090A010851
S31508000130090A0108090A0108090A0108090A010841
S31508000140090A0108090A0108090A01089774010839
S315080001500DE10008090A0108BD390108C33901087B
S31508000160090A0108090A0108090A0108090A010811
S31508000170013800D0FCE770472DE9F04F93B0CDE980
S315080001800A32DDE91C530E9353EC102BCDE9080116
S31508000190104619468DED060B1E9E06F049FF80B1E6
S315080001A0DDE906014FF0FF32C54B06F069FF40B99D
S315080001B0DDE906014FF0FF326FF4801306F042FFC7
S315080001C070B1DDE908019DED060B0E9B1E96CDE983
S315080001D01C53DDE90A3213B0BDE8F04F00F088B9C8
S315080001E00022DDE90601002306F02CFF002800F0B6
S315080001F03381DDE906A303F1004BCBF30A5016F46D
S315080002008063A0F2FF3008BF06250F9306F03EFC78
S315080002109BA3D3E9002306F0A3FC9BA3D3E9002301
S3150800022006F0E8FACBF31304894644F07F5180467A
S315080002300022A44B504641F4401106F0D9FA94A383
S31508000240D3E9002306F08CFC02460B464046494695
S3150800025006F0D0FA06F01EFF044606F017FC8EA339
S31508000260D3E900238046894606F07AFC0022964B9D
S3150800027006F0C0FA06F00EFF89A3D3E90023074665
S315080002804946404606F06CFC80463846894606F0E4
S31508000290FDFB85A3D3E9002306F062FC02460B4664
S315080002A04046494606F0A4FA02460B46CDE90C2319
S315080002B006F056FCDDE90C238046894610461946A9
S315080002C006F098FA0022CDE91001804B40464946CF
S315080002D006F070FD00227E4B06F08CFA02460B46AD
S315080002E04046494606F066FD00227A4B06F082FA39
S315080002F002460B464046494606F05CFDDDE90C23FE
S315080003008046894600204FF0804106F071FA024681
S315080003100B464046494606F06DFA02460B46DDE9AD
S31508000320100106F047FD07F2FF3700226A4B06F078
S3150800033061FA00223B0506F013FC52465B468046EE
S31508000340894606F09DFE002840F08980CDE90C8993
S3150800035004F16303C72B34BF0427052731051BD5D2
S3150800036053A3D3E900235046594606F07FFE0028DA
S315080003707FD051A3D3E900235046594606F062FEC2
S31508000380002876D00027A542C6BF2C1B04F1FF35EE
S3150800039000253C4646F480660E9B9F422CBF4FF0D4
S315080003A00008A3EB070816F0020903D0002F18BFB0
S315080003B04FF000083CB1DDE90C235046594606F0DB
S315080003C0F9FC82468B46DDE906010022002306F089
S315080003D039FE10B10BF100439B46DDE9080126F40E
S315080003E00063CDE90183DDE90A324BEC10AB0095D9
S315080003F000F07EF802465FB3DDE9091316F0200F18
S3150800040000F10105089E0CBF65204520B047DDE9CF
S3150800041008010523002205930A23002CCDE90232A0
S3150800042007F1FF374FEAD473B8BF64422A460193EF
S3150800043004970A9B009412F07FFA0246B9F1000F5E
S3150800044006D00B9BC41A0B9B1A190E9BA34245D8C0
S31508000450104613B0BDE8F08FDDE906ABCDE6002205
S31508000460404649461A4B06F0A5FC013CCDE90C016D
S315080004706EE7002D90D00F9B002B8DD0013D8BE7AA
S31508000480FB799F501344D33FB3C8608B288AC63F75
S3150800049061436F63A787D23F71A379094F930A40D7
S315080004A01655B5BBB16B0240EF39FAFE422EE63F50
S315080004B02D431CEBE2361A3F0000000080842E41D3
S315080004C0FFFFEF7F0000F83F0000E03F00002C40F0
S315080004D000002440000018400000F03F2020DDE91D
S315080004E00913089DA8470134ADE700BF00000000C6
S315080004F02DE9F04F5BEC10AB97B0CDE90501DDE9CE
S315080005002057CDE90723504652465B465946229E58
S3150800051006F08EFD70B90323CDE902760193B04B40
S315080005200093DDE90501DDE9072312F025F917B087
S31508000530BDE8F08F4FF0FF326FF4801350465946EE
S3150800054006F080FD28B10423CDE902760193A54B78
S31508000550E6E74FF0FF3250465946A34B06F090FDAA
S3150800056068B1A24A06F00403002B08BF0322A04B79
S315080005701CBF13460422CDE902760192D0E7504605
S3150800058093A3D3E90023594606F07AFD38B992A316
S31508000590D3E900235046594606F054FD68B1DDE913
S315080005A00723DDE905014BEC10ABCDE92176209553
S315080005B017B0BDE8F04FFFF7DFBD00220023504615
S315080005C0594606F03FFD002800F09A805B465246E1
S315080005D00020002106F00CF9012382468B46099378
S315080005E016F4806400F08E80092D40F28E80002477
S315080005F030210EABA5F109020134202C03F8011BAA
S31508000600A5EB040901D09442F6D15946504606F0A6
S3150800061041FD784B054603EBC90393ED007B8DED51
S315080006200A7B06F033FA02460B465046594606F050
S31508000630DFF8DDE90A2306F093FA02460B46CDE910
S315080006400C2306F04FFD804606F010FA02460B46CC
S31508000650DDE90C0106F0CCF802460B46CDE90C2381
S315080006600022654B06F00CFD002851D008F1010860
S31508000670404606F0FBF902460B46DDE90A0106F09C
S31508000680EBFC10B14FF000080135B9F1000F50D15D
S31508000690284606F0FBF902460B465046594606F030
S315080006A0A7F80022544B8046894606F0CBFC30B1A9
S315080006B0002240464946504B06F0E2FC10B1E807D6
S315080006C000D501350A210EAB1A19202C0AD095FB44
S315080006D0F1F001FB1055303502F8015B013405468F
S315080006E00028F2D106F00302012A57D1002F55D06F
S315080006F0099A12B916F00C0F00D0013F302245E0D6
S3150800070009906DE74FF006097FE7A94600247CE7C4
S315080007100022DDE90C01384B06F094FC0028B4D120
S31508000720B8F1000F02D018F0010FAED008F1010899
S31508000730ABE70A210EAB2344202C0ED0B8FBF1F010
S3150800074001FB1082B8F1090F02F1300209F1FF39F5
S3150800075004F1010403F8012B11D83021A1440EAA93
S31508000760202CAFD0A14504F101030AD11C4609F19A
S3150800077058030DEB03092E2309F8203CA2E780460F
S31508000780DAE7A1541C46EBE71A550134A74205D906
S31508000790202CF9D1CDE902760194C1E6202CF9D0B6
S315080007A0099A3AB12D2104F158026A4402F8201C2C
S315080007B00134EFE7710704D504F158022B216A4486
S315080007C0F4E73207E6D504F1580220216A44EDE73A
S315080007D00000000065CDCD410000000065CDCDC10B
S315080007E0B1780108B5780108FFFFEF7FA8780108FE
S315080007F0AD780108C07801080000E03F0348044BC3
S31508000800834202D0034B03B118477047883900204A
S315080008108839002000000000064B0749C91A8910CC
S3150800082048BF0131491003D0044B0BB101481847A2
S31508000830704700BF88390020883900200000000072
S3150800084010B5064C237843B9FFF7D8FF044B13B10C
S315080008500448AFF300800123237010BD6C360020D6
S315080008600000000014E5010808B5054B1BB1054951
S315080008700548AFF30080BDE80840FFF7CDBF00BFCD
S3150800088000000000C81E002014E50108A3F5803A00
S31508000890704700BF174B002B08BF134B9D46FFF749
S315080008A0F5FF00218B460F461348144A121A12F018
S315080008B0B8F90E4B002B00D098470D4B002B00D0F3
S315080008C098470020002104000D000D48002802D09A
S315080008D00C48AFF3008007F03BF82000290011F020
S315080008E004FF06F0AFFD00BF00000800000000008E
S315080008F000000000000400200004002084370020C7
S3150800090000000000000000002DE9F0415D4C92B0A7
S3150800091009AD94E80F0085E80F000DAA174604F103
S31508000920100304F1200C164618685968083303C6E4
S3150800093063453246F7D11868534B08A930601879D1
S3150800094016F0B0FC514816F0B2FC514816F0AFFC50
S315080009504FF4807308984F49ADF83430814228BF68
S3150800096001460C9710F003FB294602250A904A48CF
S3150800097002F056FB484810F0A2FA474810F0C8FAA9
S31508000980454810F0B1FAB4F82480012204216846DB
S31508000990ADF8008010F0BBF9E78C0022012101A810
S315080009A0ADF8047010F0B3F9268D0122042102A8CF
S315080009B0ADF8086010F0ABF90122042103A8374C02
S315080009C0ADF80C5010F0A3F9354B4FF44870C4F845
S315080009D0C8344FF00213C4F8C43403F58033C4F89E
S315080009E0CC341C23C4F8B43404F0CAFC07A8ADF808
S315080009F01C5000F05BFB142004F0C2FC07A8ADF8FD
S31508000A001C5000F043FB232004F0BAFC07A8ADF8FD
S31508000A101C5000F04BFBB9211F4810F09EFA07A89E
S31508000A20ADF81C5000F032FB002204A81146ADF8C0
S31508000A30108010F06CF9002205A81146ADF8147064
S31508000A4010F065F90122002106A8ADF8186010F02B
S31508000A505EF90122002107A8ADF81C5010F057F9DD
S31508000A600D4802F0A3FA00230948C4F8B434C4F8C0
S31508000A70C834C4F8C434C4F8CC3416F01BFC12B01D
S31508000A80BDE8F081F8740108D4770108BC7701083D
S31508000A90C0770108E070720000000A5000C00350D9
S31508000AA00200010008B5044816F001FC11F0F6FF33
S31508000AB0BDE80840FFF728BFBC770108014816F0D3
S31508000AC0F6BB00BFBC77010840B1054A1378012B75
S31508000AD004D8037001330020137070470120704753
S31508000AE06D3600200348044A0449121A92100FF082
S31508000AF08CBF00BF70010008700100088437002011
S31508000B0008B5154B83F30A8800F030F8FFF7EAFFBB
S31508000B10124B13498B4212D30020124B12498B42B7
S31508000B2018D3FFF7B7FE186850F82240586840F8FF
S31508000B302240013298688242F5D30C33EAE7002254
S31508000B40F8E71C6844F8220001325C68A242F8D330
S31508000B500833E4E70022F8E7000000201CE5010856
S31508000B6028E5010828E5010828E501084FF4804131
S31508000B70124B134A70B59A60D3F88820114D42F487
S31508000B807002C3F88820104A05F5005491664FF0A4
S31508000B90FF3222660D4A62660222C3F8D020BFF3EE
S31508000BA04F8FBFF36F8F4FF44036002003F09AFB48
S31508000BB00020E66003F07AFB2E6170BD00ED00E0D0
S31508000BC0000000080080004400900050F7FF37003E
S31508000BD0014B1860704700BF88370020054B186026
S31508000BE0054B1B6F03F00703032B01D112F04CBF13
S31508000BF0704700BF9037002000800050002307B5DB
S31508000C000193054B1B6815F0DEFE019B002BFCD0FB
S31508000C1003B05DF804FB00BF94370020EFF30583AB
S31508000C200F2B84BF034A9B5C4FF0E023D3F80C3D9F
S31508000C30704700BFF0E300E008B500216FF004003C
S31508000C4010F048FD14F096FF4FF47A7300F2E7307F
S31508000C50B0FBF3F0084B094A18604FF0FF33B3FBBB
S31508000C60F0F30A3B136016F0D2FB054B186001201F
S31508000C70BDE8084013F0F2B8D8240020D02400209C
S31508000C80D424002070B5D0B1C9B10E4E431E013927
S31508000C9013F8014F2046325D02F00302012A11F8CB
S31508000CA0012F08BF04F12000B55C05F00305012DEE
S31508000CB008BF2032801A01D1002CE9D170BD01206D
S31508000CC0FCE700BF25A3010808B503F043FB014B69
S31508000CD0186008BDB82A002001480FF0A4BE00BF5E
S31508000CE0BC2A00202DE9F0410E469046054608B379
S31508000CF005291FD8F2B116F0CFFA07460E4B1C6825
S31508000D006CB9012329460C482B752E71C5F8088045
S31508000D100FF08CFE384616F0BAFA204606E023791C
S31508000D20B34205D1384616F0B2FA2E20BDE8F08156
S31508000D302468E5E72120F9E7BC2A002070B50546B6
S31508000D4068B116F0A9FA00240646294605482C7506
S31508000D500FF07FFE304616F09AFA204670BD212025
S31508000D60FCE700BFBC2A002005282DE9F34104460C
S31508000D708846164635D8002A33D016F08DFA074627
S31508000D80194B1D683DB92D24384616F080FA2046C1
S31508000D9002B0BDE8F0812B79A34214D12969A1B923
S31508000DA00C2001AA019104F085F804460028EBD12D
S31508000DB0019905F11000C1E901860FF037FE2B7B7A
S31508000DC001332B7309E02D68DCE78B689E4206D158
S31508000DD04B68019143EA08034B600024D4E709688D
S31508000DE0DDE72124D3E700BFBC2A002005282DE92A
S31508000DF0F04104460E4617462ED869B362B316F07C
S31508000E004BFA8046154B1D6835B92D24404616F019
S31508000E103EFA2046BDE8F0812B79A34203D12C691E
S31508000E201CB90024F2E72D68EEE7A3689F4211D1AA
S31508000E30636823EA06036360002BF2D105F110000C
S31508000E4021460FF006FE2B7B2046013B2B7311F043
S31508000E5015F9E6E72468E3E72124DAE7BC2A002047
S31508000E60F7B5054610B9212003B0F0BD174B1C682D
S31508000E709CB922462346284601A915F01AFCC21C2D
S31508000E80044619D1284615F046FC0028ECD0031D67
S31508000E90E9D0033017D11B20E6E7274657F8106F2D
S31508000EA00EB92468E4E7B368AB4203D13146384645
S31508000EB00FF0CFFD3668F3E71CB901A80FF05BFE0B
S31508000EC0D7E70434CFD00120CEE700BFBC2A0020E4
S31508000ED0194608B51346002215F0EBFB0430042822
S31508000EE096BF024B0120185C08BD00BF3475010887
S31508000EF0002307B52948019316F0D9F94FF4407332
S31508000F00012204216846ADF800300FF000FF0122E7
S31508000F10234B0520C3F8442401A916F0C3F9002879
S31508000F2039D1204BD3F8F02042F00102C3F8F02063
S31508000F30D3F8FC2042F08072C3F8FC201A4AA3F5C5
S31508000F405D431A60019B194A03F5D52303F2FC4356
S31508000F50B3FBF2F3164A013B13610223C2F8F030E1
S31508000F604FF48073C2F804334FF06043114AC3F854
S31508000F70B02F114AC3F8802ED3F8002E42F480729F
S31508000F80C3F8002EFF2283F82020D3F8002E22F47F
S31508000F908072C3F8002E03B05DF804FBBC77010825
S31508000FA000D0035000ED00E0FF030040F8590D00A3
S31508000FB0000004E055CEACC5090001004FF06043BF
S31508000FC0D3F8802E30B5D20715D501240B4D8440B1
S31508000FD0D5F8FC2042F08072C5F8FC20D3F8002E24
S31508000FE02243C3F8002E53F82020002AF0D003F835
S31508000FF02010002030BD1120FCE700BF00ED00E006
S31508001000F8B504460127124D0CB314F001000BD0B5
S31508001010002024F0010405EBC0021668002EF3D068
S315080010205168C0B2B047EFE72246013020284FEAA0
S31508001030520201D0D307F8D507FA00F20F2824EA9E
S315080010400204E8D9421E05EBC2021038E5E7F8BDEE
S31508001050C02A002008B50C4816F029F9192003F013
S3150800106033F928B1192003F03DF9192003F01EF9C8
S315080010701A2003F029F928B11A2003F033F91A20A7
S3150800108003F014F9002008BDBC77010848B1012215
S31508001090437801789A4030235943034B00205A502D
S315080010A070472220704700BF40D0035048B1012244
S315080010B0437801789A4030235943034B00205A500D
S315080010C070472220704700BF40E0035008B502F081
S315080010D05DF8054B00F0553020F05020C3F8200489
S315080010E0BDE80840FFF78CBF00E0035008B502F0E2
S315080010F04DF8054B00F0AA3020F0A020C3F82004D4
S31508001100BDE80840FFF77CBF00E003502DE9F04F2B
S315080011109A46564B85B01B7806460F461546DDF8A7
S315080011203C909DF844B0DDF85080002B00F0978085
S31508001130072A00F296800E9B002B00F09280B9F1E8
S31508001140000F00F08E80129BB3F5006F00F38980C4
S31508001150012803D1109B002B00F08380444B03EB3E
S3150800116005131B7B002B7ED0424C102200216846BB
S3150800117011F057FD04EB45141022A7BB394620464B
S3150800118011F04FFD43F210036380BBF1000F03D14A
S31508001190E37843F00303E370364A0E9B02EB451CE3
S315080011A0CCE90193129B6901581E9DF84C30C0F397
S315080011B00A0003F003039B0643EA001E53582E4811
S315080011C0012E00EA03004EEA0003CDF800A05350B2
S315080011D017D0B8F1000F2ED19CF8023068F304132B
S315080011E08CF8023027E00021204611F01AFD4FF452
S315080011F044736380BBF1000FCED1E37843F030032C
S31508001200C9E713230CF1100ECCF80C309CE80F003C
S315080012108EE80F006FF00301DCF81C20109B61F3C9
S315080012209F02012FCCF81C20CCF8143003D1CCF83F
S315080012301890CCF8043000270D4A290102EB051353
S3150800124042F80180159A28465A60694622469F60E8
S315080012505E7301F0C3FD384605B0BDE8F08F074858
S31508001260FAE70748F8E70748F6E700BF0F37002010
S31508001270B02C0020B02B00200F80FFF3028000F076
S31508001280018000F0078000F038B5124B05461B7840
S31508001290DBB1E0B116F000F80F4A00231146147BC3
S315080012A054B92B6001251A0101EB03131D738C50E9
S315080012B015F0EDFF204638BD0133082B02F1100268
S315080012C0EDD115F0E4FF0548F5E70548F3E70548CD
S315080012D0F1E700BF0F370020B02C0020048000F093
S315080012E0028000F0018000F038B515F0D5FF002324
S315080012F005460B4A147B6CB90133082B02F1100220
S31508001300F8D101F017FD074B28461C7015F0BFFFF2
S31508001310204603E0284615F0BAFF034838BD00BF4B
S31508001320B02C00200F370020058000F00D4B10B5BB
S315080013301B78044693B1072812D815F0ADFF0A4B5F
S3150800134003EB04131A7B2AB100241C7315F09FFFC4
S31508001350204610BD15F09BFF0448FAE70448F8E755
S315080013600448F6E70F370020B02C0020068000F06E
S31508001370028000F0018000F0154B13B518680023B1
S3150800138001908DF8043015F087FF124B1C7824B1B4
S3150800139015F07DFF104802B010BD01221A7015F035
S315080013A076FF0E4B01A81C731C7783F82C4083F834
S315080013B03C4083F84C4083F85C4083F86C4083F8E3
S315080013C07C4008238DF8073001F0D8FC2046E2E778
S315080013D0397501080F370020038000F0B02C002073
S315080013E0F8B50D4D2D7885B1072810DC0B4D060193
S315080013F005EB0014277B67B1AB510025069BA5605A
S31508001400636001F0EBFC2846F8BD0548FCE7054893
S31508001410FAE70548F8E700BF0F370020B02C002090
S31508001420028000F0018000F0078000F00A4A08B543
S3150800143012785AB107280BD8084A02EB00131B7B0F
S3150800144043B1002101F08CFC002008BD0448FCE7EC
S315080014500448FAE70448F8E70F370020B02C0020C4
S31508001460028000F0018000F0078000F00A4A08B503
S3150800147012785AB107280BD8084A02EB00131B7BCF
S3150800148043B1012101F06CFC002008BD0448FCE7CB
S315080014900448FAE70448F8E70F370020B02C002084
S315080014A0028000F0018000F0078000F0184B2DE95B
S315080014B0F0411F6D5B6D1F4000D5FEE70126002534
S315080014C0144CDFF85880374218D02368C8F85060A3
S315080014D0A3B1A168284601316268A1609847637B79
S315080014E0012B0BD150B90C4B03EB45131A7B60F358
S315080014F041021A731A7F60F341021A770135082DE3
S315080015004FEA460604F11004DDD1BDE8F08100BFBC
S3150800151000000450B02C0020B02B002000200450FE
S31508001520044BD3F88420D206FBD4D3F88400C0F346
S31508001530811070470040005038B5174B0546D3F860
S3150800154028310C4603F00703013B052B20D8DFE8BA
S3150800155003F003131B0F0B1712F070FA052305B1DE
S31508001560286004B1236038BD12F068FA0623F6E74E
S3150800157012F0AEFA0723F2E712F0A0FA0323EEE719
S3150800158012F09CFA0423EAE712F094FA0223E6E73B
S3150800159000231846E3E700BF00800050002337B554
S315080015A00193164B0546D3F820320C4603F0070381
S315080015B0042B21D8DFE803F0030B11161B000123C7
S315080015C00DB1019A2A6004B1236003B030BD002131
S315080015D001A8FFF7B1FF1223F2E712F079FA072301
S315080015E00190EDE714F000FE0A230190E8E712F0F7
S315080015F0C3FA09230190E3E70023E1E700800050DE
S3150800160038B5104B0546D3F880300C4603F0030373
S31508001610022B0BD0032B0DD0012B0FD112F014FA8D
S315080016200E2305B1286004B1236038BD12F050FAC4
S315080016300723F6E712F002FA0623F2E70023184614
S31508001640EFE700BF0080005038B5104B0546D3F8C9
S3150800165000310C4603F00303022B0BD0032B0DD0ED
S31508001660012B0FD112F02AFA032305B1286004B121
S31508001670236038BD12F080FA0923F6E712F024FA3F
S315080016800823F2E701230020EFE700BF008000509F
S3150800169038B5184B0546D3F820010C4600F007006C
S315080016A0062823D8DFE800F0040A0E16121A1E00D0
S315080016B0012305B1286004B1236038BD12F0BEF9D4
S315080016C00523F6E712F0FAF90323F2E712F000FA17
S315080016D00723EEE712F0EEF90223EAE712F0AEF975
S315080016E00623E6E712F0EAF90423E2E700231846A0
S315080016F0DFE700BF0080005038B5104B0546D3F829
S3150800170040310C4603F00303022B0BD0032B0DD0FC
S31508001710012B0FD114F068FD0A2305B1286004B126
S31508001720236038BD12F028FA0923F6E714F05FFDA6
S315080017300C23F2E701230020EFE700BF00800050EA
S31508001740002337B50193164B0546D3F860320C468D
S3150800175003F00703013B032B1FD8DFE803F0020E53
S315080017601914002101A8FFF793FF10230DB1019A60
S315080017702A6004B1236003B030BD002101A8FFF739
S31508001780BBFF1123F2E712F0A3F907230190EDE757
S3150800179012F090F902230190E8E70023E6E700BF7C
S315080017A000800050002337B50193164B0546D3F841
S315080017B094320C4603F00703013B032B1FD8DFE8DE
S315080017C003F0020E1914002101A8FFF761FF102388
S315080017D00DB1019A2A6004B1236003B030BD00211F
S315080017E001A8FFF789FF1123F2E712F071F9072321
S315080017F00190EDE712F05EF902230190E8E7002375
S31508001800E6E700BF0080005038B5104B0546D3F810
S3150800181060310C4603F00303022B0BD0032B0DD0CB
S31508001820012B0FD114F0E0FC0A2305B1286004B19E
S31508001830236038BD12F0A0F90923F6E714F0D7FCA7
S315080018400C23F2E701230020EFE700BF00800050D9
S315080018502E4B98424AD022D82D4B984240D014D8C5
S315080018602C4B984239D00AD82B4B984232D02B4B66
S3150800187098422FD02A4B98422CD000207047294BEB
S315080018809842FAD1284B186F7047284B98422AD0AD
S31508001890274B9842F1D1244BD3F880007047254B4B
S315080018A098422BD009D8244B984223D0234B9842F0
S315080018B0E3D11D4BD3F88C007047214B984221D0B9
S315080018C003F5740303F510539842D6D1164BD3F893
S315080018D098007047144B986D7047134B586E7047B5
S315080018E0114B586F7047104B986F70470E4BD3F8D3
S315080018F0840070470C4BD3F8880070470A4BD3F81E
S3150800190090007047084BD3F8940070470048E801E8
S315080019100024F400C0CF6A0080841E0000093D0040
S3150800192040420F00405DC6000080E00FC0EA21017A
S3150800193080BA8C01007E560380D54302006CDC0217
S315080019400090D00373B50D460021114B0191D3F8D1
S315080019508041064604F00304022C13D0032C0CD055
S31508001960012C13D101A8FFF793FE10240EB1019B99
S31508001970336005B12C6002B070BD12F0A9F80724D7
S315080019800190F3E712F096F80190EFE70C46EDE7C1
S315080019900080005038B5104B0546D3F840320C4647
S315080019A003F00303022B0BD0032B0DD0012B0FD111
S315080019B014F01AFC0A2305B1286004B1236038BD67
S315080019C012F0DAF80923F6E714F011FC0C23F2E713
S315080019D001230020EFE700BF0080005038B5144B04
S315080019E00546D3F800020C4600F0070004281BD869
S315080019F0DFE800F003090D111500012305B1286081
S31508001A0004B1236038BD14F0EFFB0A23F6E712F0A1
S31508001A10B3F80923F2E714F0EAFB0C23EEE712F019
S31508001A2033F80F23800AE9E700231846E6E700BFE4
S31508001A300080005038B5144B0546D3F808020C460A
S31508001A4000F0070004281BD8DFE800F003090D1191
S31508001A501500012305B1286004B1236038BD14F0D0
S31508001A60C3FB0A23F6E712F087F80923F2E714F016
S31508001A70BEFB0C23EEE712F007F80F23800AE9E70E
S31508001A8000231846E6E700BF00800050B0F5207F27
S31508001A901FD009D8B0F5007F15D003D868B1B0F5C6
S31508001AA0C07F0AD000200CE0B0F5607FFAD10B4B5E
S31508001AB0D3F88000C0F3011003E0084B186FC0F399
S31508001AC0033001307047054BD3F89000C0F304602B
S31508001AD0F7E7024B186FC0F38020F2E7008000504A
S31508001AE002464FF48030104B10B598660020FFF779
S31508001AF0CDFF504341F671320C4BDC69DA635A6804
S31508001B0004F4803422F4401259B90949884294BF32
S31508001B1000200120000502435A600CB10022DA6356
S31508001B2010BD0449F2E700BF0090005000000350C2
S31508001B30005A6202002D3101430905D0012B0CD051
S31508001B40022B084B18BF002300F01F0039B103F51C
S31508001B508053012282401A607047034BF4E703F56D
S31508001B600053F6E768800050648000501FB50021D6
S31508001B70B0F5807F0446CDE9001100F0D2803AD84E
S31508001B805E2833D85E2833D8DFE800F04532323293
S31508001B903232323232323232323232323232323217
S31508001BA032323232323232323232323245AC45ACED
S31508001BB0BCBCBCBCBCACC64E6BDC4EACACAC3232AE
S31508001BC0323232323232ACACAC7EE6AC32323232FF
S31508001BD0323232323232323232BC454545E14E4E2D
S31508001BE0EB8D63C132323232329E4500802870D086
S31508001BF0009804B010BDB0F5D06F00F0A38035D8BA
S31508001C00B0F5607F79D01AD8B0F5007F65D005D8D1
S31508001C10B0F5C07FECD111F037FF5CE0B0F5207F5E
S31508001C2060D0B0F5407FE3D111F02EFF02464FF4A5
S31508001C302070FFF72BFFB2FBF0F252085BE0B0F51D
S31508001C40B06F69D00AD8B0F5806F5BD0B0F5A06FD9
S31508001C50CED100216846FFF7A1FCC9E7B0F5C06FF1
S31508001C60C6D100216846FFF747FDC1E7B0F5106FFA
S31508001C706DD00ED8B0F5086F78D0B9D8B0F5E06F4A
S31508001C806AD0B0F5F06FB3D100216846FFF7BCFD06
S31508001C90AEE7B0F5406F3AD013D8B0F5206F60D0F4
S31508001CA0B0F5286FA4D10021324B0391D3F87032D6
S31508001CB003F00303012B02D103A8FFF71DFD039BC5
S31508001CC039E0B0F5486F93D100216846FFF76AFD01
S31508001CD08EE711F0B9FE00908AE711F0B5FE0246CC
S31508001CE0204604E011F0D0FE02464FF42070FFF7BC
S31508001CF0CDFEB2FBF0F200927AE701A8FFF780FC6E
S31508001D00019AEDE700216846FFF7C2FC70E700215B
S31508001D106846FFF711FC6BE700216846FFF712FEDD
S31508001D2066E74FF0E02302911B695B0705D511F0C2
S31508001D30ABFE0290029B00935AE703A902A8FFF79D
S31508001D40DBFCF7E700216846FFF748FE50E700216D
S31508001D506846FFF76FFE4BE700216846FFF71AFE55
S31508001D6046E700216846FFF7EBFC41E76846FFF7C0
S31508001D706BFC3DE70080005008B58020FFF7F6FEB3
S31508001D80034B98429EBF4FF48032024B1A6708BD38
S31508001D90005A620200A000501FB503460020B3F5A2
S31508001DA0807F019000F0C58065D85D2B56D84C2BF6
S31508001DB007D82D2B48D8232B2CD8019805B05DF8C9
S31508001DC004FB4D3B102BF8D801A252F823F000BFB4
S31508001DD0291F0008BB1D0008BB1D0008BB1D000805
S31508001DE0D71E0008BB1D0008BB1D0008831F00087E
S31508001DF0F51E00089B1E0008791F0008BB1D000879
S31508001E00BB1D0008BB1D0008BB1D0008BB1D000844
S31508001E108D1F0008243B092BCFD801A252F823F0C6
S31508001E20291F0008291F0008291F0008291F000864
S31508001E30291F0008BB1D00081F1F0008BB1D00083E
S31508001E40B71E00085F1F00083D2B00F083803E2B5D
S31508001E50B3D1002001A9FFF79DFDAEE7802BACD1D9
S31508001E60504B1B6F03F00703013B032BA5D8DFE894
S31508001E7003F0544D5052B3F5F06F6BD020D8B3F53C
S31508001E80B06F4CD00ED8B3F5607F71D095D3B3F54B
S31508001E90806F49D0B3F5A06F8FD1002001A9FFF755
S31508001EA07DFB8AE7B3F5D06F59D0B3F5E06FD0D094
S31508001EB0B3F5C06F81D1002001A9FFF71DFC7CE7AF
S31508001EC0B3F5206F5DD00BD8B3F5086F4CD0B3F5DA
S31508001ED0106F7FF472AF002001A9FFF7ABFD6CE726
S31508001EE0B3F5406F48D0B3F5486F4FD0B3F5286FB8
S31508001EF07FF463AF2B4BD3F8703203F00303012B47
S31508001F0049D0022B0CBF1523002300E005230193BB
S31508001F1053E70323FBE70823F9E70223F7E7002043
S31508001F2001A9FFF70FFD48E7002001A9FFF7B0FB5D
S31508001F3043E74FF0E02302901B695B0705D511F0D4
S31508001F40A3FD0D230393039BE1E703A902A8FFF76B
S31508001F50D3FBF8E7002001A9FFF756FC2DE7002080
S31508001F6001A9FFF73BFD28E701A9FFF76DFB24E769
S31508001F7001A9FFF745FB20E7002001A9FFF7DCFAD6
S31508001F801BE7002001A9FFF7DBFB16E7002001A9E4
S31508001F90FFF708FC11E7002103A8FFF7ADFB1123A3
S31508001FA0B5E700BF008000504FF48032074B084960
S31508001FB0586E03F580535A664B6A23F001034B6249
S31508001FC0C3035CBF034B5A66704700BF00800050CE
S31508001FD000C0075000A0005038B504468020FFF71F
S31508001FE0DBFE032800F083804FF48012524B4FF03B
S31508001FF0A0615A6645F60E02504BC3F88020504A37
S3150800200091624FF4803102F5805291629A6DD20343
S31508002010FCD4996D11F08041FBD1D4E90002120578
S3150800202042EA0062E07B0243207B42EA0042607B90
S3150800203042EA0032A07B42EA80121A619869D4E922
S315080020400452120642EA856200F000400243A07E6E
S31508002050E57E0243207E42EA0042607E42EA002292
S315080020609A611A6AE06922F00F0242EA8502354D42
S3150800207000283DD11A6294F82420996A94F8200021
S31508002080D200294042EA40120A4394F8211042EA53
S31508002090011242F480329A622B49284A936D31EA3A
S315080020A00303FBD14FF08071254881621369A56847
S315080020B023F4700343EA055313614FF00043836129
S315080020C094F822300BB9214B996294F823303BB926
S315080020D04FF480321D4B9A62184A936D5B00FCD40C
S315080020E094F825301BB1154B194AC3F8802038BD22
S315080020F0024342F0080202281A6208D119614FF415
S315080021000852996113484FF47F410EF02EFE0B4991
S3150800211094F822308A6A94F820001B062A4043EA7B
S315080021204013134394F8242043EAC20394F8232067
S3150800213043EA02438B62D3E7009000500040005AFE
S315080021400050005AC7FFFEFE030001000060005A57
S31508002150F1A7FFFF3440005A014B93F9000070477E
S3150800216072390020F0B5D0E901434FF400061A4A47
S315080021704178057856664FF4D156022702F5B832EB
S315080021805662164E4F2977604FF0010728BF4F2138
S3150800219006F5805677601669F603FCD441EA0521F0
S315080021A051611B01417B43EA04230B43017B43EA4C
S315080021B041039360C37B817B1B0143EA4113417C46
S315080021C00B43017C43EA41035360837C13B16FF4EC
S315080021D0D1535362F0BD00BF00900050001002506A
S315080021E0014B1880704700BF66390020014B1880E4
S315080021F0704700BF643900204FF4800208B5184BB9
S315080022005A660223174A5360936813F48033FBD146
S31508002210012822D111F052FC134B984215D003F530
S31508002220122303F5F863984213D0104B00EB800293
S31508002230400AB3FBF0F3520A0A49CA620B63012348
S315080022404B620022074B5A6008BD45F67A13084AC6
S31508002250F2E745F61A03074AEEE75362F1E700BFCD
S31508002260009000500040025000F04902646666661D
S31508002270D8B80500BBCF0500B0F5207F10B50C46D1
S315080022805DD008D8B0F5007F4ED003D8C0B1B0F500
S31508002290C07F15D010BDB0F5607FFBD12C4B4C1E0E
S315080022A0D3F8FC202B4912F0807F4FEA041427D17B
S315080022B0D1F8803023F030032343C1F88030E9E7B2
S315080022C00EF062FD0EF06EFD4FF48031224B214A6E
S315080022D01967136F013C23F4704343EA0433136709
S315080022E011F0D2FB0446FFF71BF9C0F102012046A4
S315080022F00EF052FD00F04AF8BDE81040FFF73CBD6D
S31508002300D3F8FC2022F08072C3F8FC20D1F8802094
S3150800231022F030022243C1F88020D3F8FC2042F094
S315080023208072C3F8FC20B5E70A4A4C1ED2F89030F2
S3150800233023F0F85343EA0463C2F89030AAE7054A43
S315080023404C1E136F23F4806343EA84231367A1E7C3
S3150800235000ED00E0008000500090005008B5012113
S31508002360022000F095F94FF42070FFF78FFB054B1C
S3150800237018700EF009FD0EF015FD4FF48032024B71
S315080023801A6708BD103700200090005008B54FF4B2
S31508002390C070FFF7EBFBBDE808400449884294BFCC
S315080023A0012102214FF42070FFF766BF80F0FA0280
S315080023B038B5044611F068FB0546FFF7B1F8C0F1D9
S315080023C0020128460EF0E8FC0121002000F0A0F9E1
S315080023D02CB1FFF7DBFFBDE83840FFF7CDBC034B58
S315080023E04FF420701978FFF747FFF4E710370020FD
S315080023F04FF4C02270B50546FFF72AFA314B04465A
S315080024005A6603F598335A68012A04D12E494A6058
S315080024105A689207FCD48020FFF7BEFC052807D12E
S315080024200EF0B2FC0EF0BEFC4FF48032254B1A6754
S31508002430264B24F040749D4230D0254B9D4230D027
S3150800244011F0FCFA8542064603D90121284600F018
S315080024505FF9204BDA6812F0060FFBD199689C6089
S315080024609A68624012F4F81F1ED12846FEF7B0FBA0
S315080024708020FFF791FC05280DD111F005FB0446D5
S31508002480FFF74EF8C0F1020120460EF085FCFFF773
S315080024907DFFFFF771FCAE420CD270BD44F00074AC
S315080024A0CEE744F08074CBE780209960FFF774FC90
S315080024B0052805D0BDE870400121002000F028B9A4
S315080024C03546DAE70090005000E0015040420F0020
S315080024D080841E00000001503D4B3E4A984263D05E
S315080024E021D83D4B98426BD011D83C4B4FF4002174
S315080024F0984261D008D83A4B98423AD0394B98421C
S3150800250030D0394B984240D00023516639E0374BDA
S31508002510984243D0364B4FF400219842F4D1354BBC
S31508002520D3F8BC3021E0344B984241D011D8A3F5FA
S315080025303703A3F5D853984246D003F5B70303F5F6
S31508002540586398424FF40021DED12A4BD3F8C8309D
S315080025500BE02A4B4FF400219842D5D1254BD3F8EE
S31508002560D03002E0234BD3F8A030516623F04073F5
S3150800257007E0204BD3F8A030516623F0407343F0B0
S3150800258080734FF0B442936070471A4BD3F8A0306B
S31508002590516623F0407343F00073F2E7154BD3F806
S315080025A0B8304FF40021E0E7124BD3F8C030F8E713
S315080025B0104BD3F8CC30F4E70E4BD3F8A430D4E75D
S315080025C00C4BD3F8B030ECE70A4BD3F8C430E8E745
S315080025D0C0EA21010090005080969800404B4C00BC
S315080025E080841E0000093D0040420F00405DC60081
S315080025F00024F4000080E00F0048E801005A620257
S31508002600024A536B0342FCD1704700BF0040095091
S31508002610044A4178536F23F4407343EA012353670E
S31508002620704700BF00400050104A10B513690446B1
S3150800263043F00403136113F001F90EF0B8FB0C4BD9
S315080026405B6E5B0142BF0B4B0B4AC3F82024BFF3FA
S315080026504F8FBFF36F8F30BF0EF0AAFB02F096FDC7
S315080026601CB9BDE8104011F00FBA10BD00ED00E02E
S315080026700080005000E003500000FF0F034A017974
S31508002680D36E23F030030B43D366704700400050E7
S31508002690F8B504461C4BD3F88420D106FBD4D3F8EE
S315080026A08430C3F381139C422CD011F0CDF9012C50
S315080026B0064602D121460EF06FFB14F0E4FD4FF0FA
S315080026C00072124B07465A6620460EF074FB4FF40A
S315080026D080630D4D621E93402B676B6E9A0103D47F
S315080026E0D5F884309B060AD5384614F0C7FD022C67
S315080026F008D13046BDE8F84000210EF04DBBD5F8AC
S315080027008430EAE7F8BD00BF004000500060005082
S3150800271010B50C4608B911F097F9074B21461B78F6
S315080027203BB1064B984204D80120BDE81040FFF79C
S31508002730AFBF0220F9E700BF11370020005A620236
S315080027400278034B012100201A70FFF7E1BF00BF92
S31508002750113700204FF0004238B5244B244C5A66F6
S315080027604AF6CD33656C014605F00105236428BB9E
S315080027700120FFF745FF6368DB0715D51D4B586039
S3150800278008461D4B226BD2070CD4984208D1072461
S3150800279015B1174B194A1A6410F032FC204638BD99
S315080027A00130EFE79842F2D00024F1E70132236BBB
S315080027B013F0080305D08A42F8D1E8E700220E494B
S315080027C0F5E78A42E3D020210A4A91620121A2F55F
S315080027D0805251600649084A886A800603D49342A3
S315080027E0D5D00133F8E79342DDE700BF00900050EB
S315080027F0004009500060095040420F003254FFFF64
S315080028004FF0004238B5164B01465A664AF6CD33A4
S31508002810144C154A656C236443780B205B0043F01F
S315080028200103D363FFF7ECFE63688A7823F4F87331
S3150800283043EA02136360CA784B7943EA0223A3602A
S315080028400A798B7943EA022323610878FFF782FF26
S31508002850EB0744BF054B236410F0D2FB012038BDBB
S315080028600090005000400950004000503254FFFFCD
S315080028704FF00042124B70B55D6E03F580535A66F1
S315080028804AF6CD3304460F4980204E6C0B64FFF799
S31508002890B7FE0B6A23F00F030F2C94BF234343F0B4
S315080028A00F030B62F30744BF074B0B64002DA2BF4F
S315080028B04FF00042054B5A6610F0A2FB70BD00BFF0
S315080028C000800050004009503254FFFF00A000501D
S315080028D04FF00042104B70B55D6E03F580535A6693
S315080028E04AF6CD3304460D4980204E6C0B64FFF73B
S315080028F087FE0B6A23F4F85343EA04230B62F307B3
S3150800290044BF074B0B64002DA2BF4FF00042054B96
S315080029105A6610F075FB70BD0080005000400950E3
S315080029203254FFFF00A0005010B50EF049FA0423F8
S3150800293000F5805100F500520B6113610B611361BC
S315080029400B6113610B611361202341F202010361DC
S315080029500023C360836041614FF4A02183618365CE
S3150800296041620549C36103628362C36243630365C7
S31508002970D164036310BD00BFFF3F0D0370B5054664
S315080029801446084641B9354B9D4218D0344B9D42F2
S3150800299008BF5720FFF7EAF8AB6813F0010F6B681A
S315080029A030D0B0FBF4F4D80704F1FF344FEA0464DE
S315080029B007D42B6923F07F4323432B6170BD562030
S315080029C0E8E7282128460EF0F7F9AB6C990715D1E8
S315080029D0AB6CDA0714D4AB6C13F0020F14BF0626DF
S315080029E0002628460EF0ECF92B69314623F07F4382
S315080029F023432B61BDE870400EF0FCB90526F0E7CD
S31508002A000926EEE7AB6DDB07AB6848BF640003F049
S31508002A10E003402B1BD004D8DBB1202BCED10823F2
S31508002A2004E0602B17D0802BC8D1012363434101F2
S31508002A30B1FBF3F20B4B203A284603EAC202012106
S31508002A400EF0BAF92A63BDE870400EF0B5B9062350
S31508002A50ECE71023EAE70423E8E700BF0000015B80
S31508002A6000000A50F8FF7F002DE9F04198464368B8
S31508002A7004460E4617461BB140F6FF710EF09CF948
S31508002A802046FFF751FFF189737B62690B43318A50
S31508002A9022F44C5222F00F020B4313436361A268DF
S31508002AA096F818C0337B22F0804222F0E2024CEA04
S31508002AB00303134372691343B268A3601AB9A36880
S31508002AC043F00043A360F06904F58053002878D0EA
S31508002AD0857A017A6D04D4F808E045EA81556E498D
S31508002AE00EEA01010D43818801F4C0410D43417886
S31508002AF045EA8105417B45EAC105817B45EA011521
S31508002B00817845EA8125A560D4F80CE0D0E904155A
S31508002B102943624D0EEA05052943857941EA85214F
S31508002B20C57941EA4521E16001785D4D012914D155
S31508002B30E16841F00401E160AC4200F09280594935
S31508002B408C420CBF01214FF0FF31490101F1A04130
S31508002B5042F2944501F5703114E003297BD1E1680E
S31508002B6041F00401E160AC4279D04E498C420CBF79
S31508002B7001214FF0FF3141F29445490101F1A0418D
S31508002B8001F570314FF0020E41F805E0417A99627D
S31508002B9019B1E16841F40061E160C17A59B1E168AF
S31508002BA041F40041E1603E498C425CD1017B3E4DD7
S31508002BB001F00F016967616AC07B21F003010143D7
S31508002BC061622FB197F82010002956D001211962A9
S31508002BD0B8F1000F2DD0BCF1000F02D04FF4004120
S31508002BE099652F49B8F822508C4298F8211051D08F
S31508002BF02C48844213D10120112934BF4FF0010C0F
S31508002C004FF0020C294FB5F5006F07F800C094BFC6
S31508002C104FF0010C4FF0020C254F07F800C0A06DCD
S31508002C20294320F4F95020F01E000143A165012133
S31508002C309965012159601AB120467168FFF79EFE11
S31508002C40204631780EF0D6F8A36CDB4313F4405FC8
S31508002C50FAD1BDE8F0810239012984D96CE700214F
S31508002C6089E7002171E70F498C4201BF017B0E4DB0
S31508002C7001F00F01C5F880109DE7E06997F822106A
S31508002C8097F8215020F009002943014341F001013A
S31508002C90D9619DE70020AFE7E39BBDFFFFF9F08709
S31508002CA00000015B00000A50009003501437002012
S31508002CB0123700202DE9F04105460F461E4690467C
S31508002CC04AB101233022194C8B4002FB004436B32B
S31508002CD004F5825423600F21072F05EB450388BFAF
S31508002CE0A7F108044FEA0313114895BFBC00A400D6
S31508002CF004330C3308FA04F2A14018440EF0A7F87E
S31508002D00B8F1000F09D101233021084ABB4001FB65
S31508002D1005223EB102F582521360BDE8F08104F542
S31508002D200154D7E702F50152F6E700BF00C0035089
S31508002D3030C0035010B5152001F0A6FA0024FF2272
S31508002D40064B21465C6520209A625C60FEF7F4FE1D
S31508002D502146BDE810402120FEF7EEBE00000450D3
S31508002D60044A054B002908BF1346012282401A600F
S31508002D70704700BF401004504020045010B5012190
S31508002D8004462020FEF7D8FE01212120FEF7D4FEB6
S31508002D900122114B15205A60227812069A60617832
S31508002DA0A27842EA01429A61FF229A6200229A6355
S31508002DB01A644FF000425A654FF0FF3203F500538C
S31508002DC01A6501F08FFA1520E1780EF083FCBDE84C
S31508002DD01040152001F06ABA00000450F8B5012524
S31508002DE0C3B2D1F800C08F7A0E7B0C469D40CB7AD1
S31508002DF01C491B050D65810001F1A04101F58821DB
S31508002E00C1F804C04FF0300C0CFB00F0617B00F1F8
S31508002E10A04043EA074300F5802043EA465322F0E0
S31508002E2003020166C365026714F036FA0E4B227A6E
S31508002E305D6502B11D64627A02B19D632279A37948
S31508002E4043EA0243074A93616179E37943EA014316
S31508002E5005498B61054B55639D64BDE8F84014F040
S31508002E6016BA00BF00200450001004500000045099
S31508002E7010B50124C0B2844014F00EFA044B5A6D02
S31508002E8022EA04025A659C62BDE8104014F0FFB9B4
S31508002E900000045010B50124C0B2844014F0FCF9B7
S31508002EA0074BDA6A224208D15B6B9C430CBF0124AC
S31508002EB0002414F0ECF9204610BD0024F9E700BF01
S31508002EC00000045070B5054614F0E6F93022084BA8
S31508002ED05E6B02FB05335C6E14F0D9F90123EDB283
S31508002EE0AB4033420ABFC4F30A100020013070BD5C
S31508002EF000000450013831289ABF024B185C0020A4
S31508002F00704700BF3D750108021E30B54FF000003E
S31508002F100CBF1025042547F60774084952B9831DC6
S31508002F2051F82330234023B101308542F6D14FF0C2
S31508002F30FF3030BD00F11603F2E700BF00800350F2
S31508002F4038B5C2F30625044602F0070241B942EA3B
S31508002F50052242F440220634074B43F8242038BDA4
S31508002F60114628460DF082FF02462846FFF7C2FFA3
S31508002F70163442EA0022EFE7008003504FF480320D
S31508002F80064B5A6603F5E6239B69C3F385128270DE
S31508002F9003F03F021B0B427003707047009000500D
S31508002FA0014B986CD96C70470080E00F10B5044649
S31508002FB00DF0B8FF0DF0A2FF50210DF079FF0DF0CE
S31508002FC088FF20460DF08CFF0DF0B6FF0DF0BBFF15
S31508002FD0042304F5805104F500520B6113610B615B
S31508002FE013610B6113610B611361202341F2020126
S31508002FF023610023E360A36061614FF4A02161624D
S315080030000649E3612362A361A365A362E3622365BC
S31508003010D16423636363236310BD00BFFF3F0D03C1
S31508003020F8B504460D46FFF7C1FF23692A7823F051
S31508003030870313436A7A43EA420343F08003236112
S31508003040A368AA7A23F0030343EA420343F0010381
S31508003050A36063692A7A23F00F0313436361236924
S315080030606A6823F07F4343EA02632361EB68002B17
S315080030705AD02269187922F0F80242EAC012187862
S31508003080997942EA4012D87842EA0012D87A42EA96
S31508003090C00242EA81122261E2689E7C22F0F04276
S315080030A022F4702242EAC662DE7C587942EA064277
S315080030B09E7842EA862242EAC032E260A2689E7A96
S315080030C022F4C04242EA4632A2605A7804F5805693
S315080030D09202B260676ADA7B234E02F003023E4030
S315080030E032431E7B360106F0700632435E7B36029B
S315080030F006F4E06632439E7B360306F4E046324326
S315080031005E7A360406F47026324362621A8AA2612F
S31508003110C8B1164A944208D17422D87900210DF014
S3150800312039FFEB689A799AB9F8BD114A9442FBD1EE
S315080031308022D87900210DF02DFFEB689A79002AB4
S31508003140F2D07C2205E00029EED0084A944206D146
S315080031507022187A0021BDE8F8400DF01BBF044A1A
S315080031609442E1D1EDE700BF8C88F0FF0000015BD7
S3150800317000000A500122437801789A4030235943C7
S31508003180014B5A50704700BF40E00350034BD3F839
S315080031902424D3F820041040704700BF00C0035011
S315080031A02DE9F8431F4B0546D3F810334B1E0E2B5B
S315080031B00E461746047890F8018026D951B34FF089
S315080031C0000928461FB311F081FF0F21B8F1070F38
S315080031D004EB440488BFA8F108084FEA041412480F
S315080031E095BF4FEA88084FEA880804340C3409FA70
S315080031F008F201FA08F120440DF0BDFE86B928460A
S3150800320057B1BDE8F84311F061BF8946D9E7FFF722
S31508003210B1FFDAE78946D8E7BDE8F843FFF7AABF62
S31508003220BDE8F88300C0035030C00350054B9A68C8
S315080032309107FCD45A689207F9D4DA69002AF6D1BC
S31508003240704700BF00800A5010B5034C636811F040
S3150800325049FF0223236110BD00800A5008B5FFF715
S31508003260E5FF0122024B03F580514A601A6108BD49
S3150800327000800A50044B10B55C68012C03D1FFF797
S31508003280E3FF024B5C6010BD00800A5000A00A50A4
S3150800329038B5074DFFF7CAFF6B680446012B03D103
S315080032A0FFF7E8FFFFF7C2FF2378EB6038BD00BFE2
S315080032B000800A5010B511F01FFFB8B94A680B789C
S315080032C012B1127843EAC2034A7843EA42038A688B
S315080032D012B1127843EA8213CA7843EA82030A696A
S315080032E012B1127843EA4223014A936410BD00BF23
S315080032F000800A5010B54FF42F72002104460FF0D3
S3150800330090FC8023C4F88C30054B04F19C00C4F86B
S315080033108430012384F88830BDE810400DF083BB63
S315080033206F75010810B5D0F8A0400A468CB90DF0A3
S31508003330EEFF044610B90024204610BD2D2896BF7E
S31508003340064B074953F82010064A07480EF025F998
S31508003350F2E7D0F8A4101046A047ECE72C7601084F
S3150800336072750108498401085D77010870B590F8FF
S315080033708050044615B10025284670BD0DF01AFE8A
S315080033800028F8D1012384F8803094F8883033B1C6
S31508003390D4F884101B4884F888500EF0FEF80EF016
S315080033A0E1F8431C1FD010F0FF061AD020460DF096
S315080033B0FEFD3146204600F0F9FB0028EFD02046F6
S315080033C00DF0FAFD94F888303BB1D4F884100D4816
S315080033D00EF0E3F8002384F88830002384F8803060
S315080033E0CAE70125DBE7D4F88C30D4F89420013BF2
S315080033F09A4204DB044A054905480EF0CEF8012531
S31508003400EBE700BF5F77010849840108807501086A
S315080034105D77010870B50C4605468AB0FFF76AFF66
S315080034206368A168C5F8B03228460DF063FF12F04C
S3150800343000FF4FF47A76236A5843B0FBF6F0C5F8D6
S31508003440B40212F0F6FE636A294658432368B0FBB5
S31508003450F6F00193E369C5F8B8020793636901AA10
S315080034600593A36908480693236903936023049385
S3150800347000230293089312F0DFFEE06028460DF061
S3150800348097FD0AB070BD00BFDF0F0108F8B50B78CD
S315080034900446302B0D46164604D14B7803F0DF035D
S315080034A0582B11D0284F6A1E12F8011F002934D153
S315080034B028460A2204F004FB202C03460D4631D187
S315080034C0B1FA81F040091AE04A1C1F4912F8013F77
S315080034D08BB928460FF0BDFB1C4B02382340032B43
S315080034E012D10134A41084420AD1A87837288CBF97
S315080034F00020012003E0CB5C13F04400E6D1F8BDC0
S31508003500CCBF01200020FAE7002CB8BF0334B0EB8B
S31508003510A40FD4BF01200020F1E77B5C13F0040060
S31508003520C2D1ECE726B1084302D0013B61F10005A0
S315080035300122A240013A1A40002D08BF9A420CBF48
S3150800354001200020DBE700BF25A301080300008057
S31508003550F0B5037801467B2B17D1064602240022D4
S315080035600B4F16F8015F7D2D05D10B5D6BB9D24364
S3150800357002F0010008E07B5D13F0440002D001323E
S315080035800134EEE7202DFBD0F0BD0020FCE700BF9C
S3150800359025A3010870B506460D460FF05AFB0446EA
S315080035A030460DF0FAFF044EAC4200D370BD3046EB
S315080035B00DF0F3FF0134F7E7527701082DE9F84FCC
S315080035C0044602216048FFF7E5FF1E212068FFF741
S315080035D0E1FF636858680DF0E0FF5C480DF0DDFF19
S315080035E067683B7BFD2B12D8D7F808804FF0FF346D
S315080035F040460FF02EFB0646DFF84C91DFF8A8A1EF
S31508003600DFF864B10C3717F8013BFF2B01D1BDE891
S31508003610F88F212B14D8212B14D8DFE803F0178C48
S315080036208884807C78741313131313131313706C24
S315080036306864605C58541313131313131313504C14
S31508003640FE2B34D006B10134414D02E006B10134F7
S31508003650404D02214846FFF79DFF1E214846FFF7C9
S3150800366099FF50460DF099FF594628460FF0F9FA8A
S315080036703949002818BF294638480DF08EFF3B788F
S31508003680202B02D12B200DF07CFF35480DF085FF4D
S315080036904EB118F804301F2B05D018F804001F285F
S315080036A001D0B4424BDB29480DF077FFABE706B1F2
S315080036B001342C4DCDE706B101342B4DC9E7002E58
S315080036C0A1D001349FE706B10134284DC1E706B100
S315080036D00134274DBDE706B10134264DB9E706B1D9
S315080036E00134254DB5E706B10134244DB1E706B1DD
S315080036F00134234DADE706B10134224DA9E706B1E1
S315080037000134214DA5E706B10134204DA1E706B1E4
S3150800371001341F4D9DE706B101341E4D99E706B1E8
S3150800372001341D4D95E706B101341C4D91E706B1EC
S3150800373001341B4D8DE706B101341A4D89E70DF0AA
S3150800374020FF0134A9E700BF66770108498401080C
S31508003750F1760108EB760108487701085F770108DA
S315080037604C770108F9760108FF7601080877010801
S315080037700F7701081A770108247701082E770108C0
S3150800378019770108237701082D770108367701088C
S315080037903A77010842770108E5760108EC760108D0
S315080037A041770108E47601084A7701082DE9F04FC8
S315080037B093B005468B460024009204930FF049FA0D
S315080037C01C9F049B05901C6028463C600AAA09A910
S315080037D00DF005FF064658B90A980FF03AFA34462E
S315080037E0B146049B1860D5F89C300393039B1BB91C
S315080037F0204613B0BDE8F08F039B9B680193002B0E
S3150800380069D02E4416F8013B202B12D000260C2333
S315080038107343019A02EB030AD3580293002B55D03F
S31508003820DDF82480C84551DB9AF808302BB1721CA4
S3150800383035E03B6801333B60E4E73B68D5F8942004
S315080038400299D21A049B1A6012AB03EB890353F848
S31508003850203C184606930FF0B8F907900028E6D1E1
S3150800386002980FF0F6F9DAF804100346087BD7F841
S3150800387000A0FE28079A16D108F1FF38C8452ED0B1
S315080038800B680698029201930FF0E3F90AF1010317
S31508003890029A0344E95C21B13B6009F10109164625
S315080038A0B5E70133F6E7D5F89420A2EB0A029A4267
S315080038B0BDDC584606930FF0CCF9069B03447B2BD8
S315080038C01DD958461E4A00990DF0EFF82B46059A61
S315080038D02A449A422AD1039B1B68039386E7D5F8A4
S315080038E09420A2EB0A029A42E3DDD1F8008058F848
S315080038F00C2B82B9059B3B60049B1A60E6E7584689
S31508003900029A00990DF0D1F858460E4A00990134EA
S315080039100DF0CBF88BE7584600990DF0C6F85846D7
S31508003920084A00990DF0C1F80134E0E713F8011BC5
S315080039300029CED14FF0200103F8011CC9E700BFCA
S315080039404F770108527701082DE9F047002486B021
S315080039501C60DDE90EA8064689468AF8004011680B
S31508003960154888F8004017461D468DF81740FDF79C
S3150800397089F918B901242B6801332B600020D6F881
S315080039809C6036B914B1012388F8003006B0BDE84A
S31508003990F087B06868B14B460021CDE902A8CDE9A9
S315080039A000750DF117020DF04FFC9DF81730002B2E
S315080039B0E8D13668E5E700BF547701082DE9F043FA
S315080039C000260446ADF5457D7C22314605A802AFA2
S315080039D004960FF026F980222046009703AB04A927
S315080039E0FFF7E4FE01283ED104A80FF032F9039947
S315080039F03B68A0EB01080B44234428EAE87805460F
S31508003A0004A80144424618460FF016F900F8086063
S31508003A10D4F89060039B3968D4F890201944B142D1
S31508003A2012DCD4F89410E81A0244C4F89020014431
S31508003A3004AAC4F89410D41825182B1B002B0DDCE7
S31508003A400DF5457DBDE8F083A05C0DF09AFDD4F830
S31508003A50903001360133C4F89030DBE714F8010BD7
S31508003A600DF08FFDE9E7EBDD24AD802231462846CF
S31508003A700FF0D7F844AB4FF40072314618460FF0F2
S31508003A80D0F80DF1100903464A464FF001083146B1
S31508003A9012F8016B002E49D104A843F828100FF03C
S31508003AA0D8F82946334619F8016B0DF5887C5CF879
S31508003AB0042B824243D10133984501F8016BF2DAAF
S31508003AC0D4F89060039BB34242DC2346354A04A9E6
S31508003AD035480DF062FD28460FF0BBF80646039BF5
S31508003AE03F68F61A1F44E0191D4426EAE67204F1F7
S31508003AF098031744984204EB07014ED204F1900349
S31508003B0099424AD96A1E81190B1A002B39DD12F817
S31508003B10013F00F8013BD4F890300133C4F89030E7
S31508003B20D4F894300133C4F89430EDE7202E01F12F
S31508003B30010104BF43F8281008F10108A8E70DF1B0
S31508003B40100E7244D25CB242B1D00022EA54B7E7F2
S31508003B50D4F890300136E05C0DF013FDD4F89030BF
S31508003B600133C4F89030ADE7D4F89020013B013218
S31508003B70C4F89020D4F894200132C4F89420002B7D
S31508003B80F2DC00232E44E355731B002B7FF758AF56
S31508003B9015F8010B0DF0F5FCF6E729460FF04CF881
S31508003BA03346ECE76F750108597701082DE9F843A4
S31508003BB0D0E9245604460F46002294F89830012B83
S31508003BC007D10A2F07D1002384F898300020BDE8D2
S31508003BD0F88300F29F801B2F01D10223F4E70D2FF3
S31508003BE00DD1012384F898300D200DF0CAFC0A2067
S31508003BF00DF0C7FC00230120C4E92433E7E74FF0A2
S31508003C000008082F84F8988034D1454530DDB54240
S31508003C100FD138460DF0B5FC20200DF0B2FC013D61
S31508003C2038460DF0AEFC013E04F80580C4E924567A
S31508003C30CCE7FBDA05F1FF3938460DF0A2FC04EBB8
S31508003C400903A6EB0902611918460EF0D0FF04F81D
S31508003C5006800146013E48480DF09FFC35464D4515
S31508003C6001DC4D46E2E708200DF08BFC013DF6E746
S31508003C70ACD0DBE77F2F1CD1002EA7DDB542A5DA35
S31508003C806319691C21441846721B0EF0B0FF04F82C
S31508003C900680014639480DF080FC0820013E0DF0EB
S31508003CA070FCB542F9D1D4F89430013BC4F894308D
S31508003CB08CE70A2F98D0092F03D12046FFF77EFEFE
S31508003CC084E7D4F88C30013BB3427FF77FAFB54227
S31508003CD004EB050805F101090CDB384688F8007085
S31508003CE0D4F89430C4F890900133C4F894300DF0A9
S31508003CF048FC6BE74146721B04EB09000EF077FFA0
S31508003D0040460DF04AFC0820013E0DF03AFCB5424B
S31508003D10F9DDE2E7022B06D15B2F01D1032353E736
S31508003D2084F8982049E7032B7FF450AF413F84F885
S31508003D309820032F3FF64AAFDFE807F002070A1676
S31508003D40012120460DF0CEFB40E74FF0FF31F8E7A2
S31508003D50B542BFF63BAF605D0DF013FCD4F890306A
S31508003D600133C4F8903031E7002D7FF72FAF013DBE
S31508003D700820C4F89050BAE7627701086777010807
S31508003D8030B58BB06C46864D864813F090FA0FCD49
S31508003D900FC42B68844A2360FF238DF80130D2F8BC
S31508003DA04C3113F4802340F0EE80D2F850218DF880
S31508003DB001309DF801306C46FF2B08BF2C2368465E
S31508003DC07A4D8DF80130FEF7CDF93220FEF708FA64
S31508003DD00FCD0FC40FCD0FC495E8030084E8030088
S31508003DE0714BD3F84C21120300F1BC80D3F8504133
S31508003DF0E4B28DF81940FEF7AFF9044484F30804D9
S31508003E006B488DF81840FCF7E9FE6846FEF7E4F8BB
S31508003E103220FEF7EBF96748FEF7EAFA6648FEF73E
S31508003E205BFB664C664813F042FA0020FEF7E4F99D
S31508003E30FEF794FA236F002023F0070343F00303E9
S31508003E402367FEF7B5FA236F5E4923F474432367A5
S31508003E505D4BD3F8FC2012F0807200F08980D3F80D
S31508003E60FC2022F08072C3F8FC20D4F8802022F0CF
S31508003E70030242F00102C4F880200022C1F8802023
S31508003E80D3F8FC2042F08072C3F8FC204B4CD4F8DF
S31508003E90203123F0070343F00203C4F82031D4F895
S31508003EA0283123F0070343F00203C4F82831D4F875
S31508003EB0803123F0030343F00103C4F88031D4F8BA
S31508003EC0403123F0030343F00203C4F84031D4F829
S31508003ED0603123F0030343F00203C4F86031D4F8D9
S31508003EE0403223F0030343F00203C4F84032D4F807
S31508003EF0003223F0070343F00203C4F80032D4F873
S31508003F00083223F0070343F00203C4F80832D4F852
S31508003F10703223F0030343F00103C4F87032D4F877
S31508003F20203223F0070343F00103C4F82032FEF7DA
S31508003F303BF84FF0E0220020136943F004031361B5
S31508003F40D4F8603223F0070343F00103C4F8603263
S31508003F50D4F8943223F0070343F00103C4F89432EB
S31508003F600BB030BD194B1C88FF2C88BF522440E784
S31508003F70D4F8803023F0030343F00103C4F88030FB
S31508003F80C1F8802082E74FF07E6393F89C2093F96E
S31508003F909C30002BFFF60DAF8DF8012009E700BF16
S31508003FA06C770108B07701080080E00F8077010878
S31508003FB0005A620200B4C404C0EA2101008000501D
S31508003FC0B87701080090005000ED00E00001E00F0E
S31508003FD007B5094B18689A889B7900906846ADF82A
S31508003FE004208DF80630FEF70BFC0C20FEF740FC8B
S31508003FF0002003B05DF804FBA877010870B501F04E
S315080040001DF90446E8B901F0A3F911F0B3FD4FF420
S31508004010167343430C4A03F5742303F23F23B3FB99
S31508004020F2F30A490A480B600A230268094D0E682A
S31508004030013B45F8046B0E6813F0FF033244F6D1D2
S315080040400260204670BD00BF40420F006C2D002064
S315080040503C2D0020402D0020012208B5034B1A7084
S3150800406013F0D5F9024B186008BD00BF16370020BB
S31508004070382D002010B511F07DFD044612F0B7F872
S31508004080844207D913F0CFF920B10122024B1860F8
S31508004090024B1A7010BD00BF382D002016370020BD
S315080040A0F8B51F4C2378E3B113F0B1F91D4B1E4D3B
S315080040B01B68C01A28602B68A3B12B682B6011F007
S315080040C059FD4FF416725043184A00F5742000F251
S315080040D03F20B0FBF2F02B682B68834204D90023FB
S315080040E02370F8BD0123E9E71148124E03782968C1
S315080040F056F82320104F511A3A68521A29683A601E
S3150800410046F823100A210932B2FBF1F20B4D0133AE
S31508004110DBB22A60B3FBF1F201FB12330370DEE770
S3150800412016370020382D0020682D002040420F0049
S3150800413017370020402D00203C2D00206C2D002034
S31508004140014B1868704700BF6C2D0020F8B5032195
S315080041502C200DF0BFFA04264FF480120D4C0E4B9E
S315080041600E4F04F500555A662C206F676E672F6749
S315080041702E6700F0B7F82C2000F098F84FF0007280
S3150800418004F580535F675E67AA624FF480529A62AD
S31508004190F8BD00BF0040005A00900050010000A082
S315080041A0064B074A996D11F0050F01D0117811B128
S315080041B00028F7D170470120704700BF0040005A19
S315080041C018370020164B10B51C6F14F0040111D0D7
S315080041D0144A1167082191629B6DDA0701D4FFF72B
S315080041E049FF00F043FF00F023FF012011F000FD16
S315080041F013F01BF9E30706D501220A4B1A67FFF7E6
S315080042004FFF00F015FF14F000521CBF054B1A674C
S31508004210002CBEBF4FF00042024B1A6710BD00BF0C
S315080042200040005A0060005A0028ACBF00F1604008
S31508004230064B4FEA0111C9B2ABBF00F5614000F069
S315080042400F0080F800131954704700BF14ED00E002
S3150800425008B513F021F80B4B1A7872B901221A70B7
S3150800426013F015F86FF0040210460132052152B218
S31508004270FFF7DAFF4C2AF7D108BDBDE8084013F06E
S3150800428006B800BF1937002000280CDB01220649B2
S31508004290430900F01F008240203341F82320BFF372
S315080042A04F8FBFF36F8F704700E100E0002807DBF0
S315080042B001234109034A00F01F00834042F82130D8
S315080042C0704700BF00E100E0054B421153F8223069
S315080042D000F01F0023FA00F0C04300F00100704709
S315080042E000E100E0002808DB01224309034900F049
S315080042F01F008240603341F82320704700E100E048
S3150800430073B5044612F0C8FF054611F0E8FF60B120
S315080043100E4E3378FF2B8DF8073006D10DF10700C6
S31508004320FCF7D2FB9DF807303370094B28461C6012
S3150800433012F0ADFF11F0D3FF28B1224600209DF8F8
S3150800434007100CF05CFB002002B070BD733900202A
S31508004350702D002073B512F09FFF0D4D0D4B2E7872
S315080043601C6812F094FF11F0BAFF38B1FF2E05D081
S315080043700020297801AA0CF03BFB019C2CB912F00D
S315080043808BFF054B1C6812F082FF204602B070BDF9
S3150800439073390020702D0020742D002010B50446B6
S315080043A012F07AFF024B1C6012F071FF002010BD5C
S315080043B0742D002038B50C461546014610B9FFF78E
S315080043C0C9FF01462B462246034801F0A5FA0028F4
S315080043D0D4BF3720002038BD4317010838B5044636
S315080043E0D0F870311D68AB6C5906FCD5002394F8DB
S315080043F079111A4694F87801FEF75CFC002394F8C4
S315080044007B111A4694F87A01FEF754FC94F8803129
S31508004410DA0707D5002394F87D111A4694F87C012B
S31508004420FEF748FC94F880319B0707D5002394F8DB
S315080044307F111A4694F87E01FEF73CFC012205F529
S3150800444000531A65042200211A652846094D0CF006
S31508004450D1FCD4F8740112F02DFF284604F5C27178
S315080044600CF0F7FA2B6813B9034800F05DFD00203D
S3150800447038BD00BF782D00207C2D0020012910B5FD
S3150800448002D9022914D010BD134B1C68A4F5C274B6
S3150800449014F5C27FF7D0D4F8740112F008FFD4F8E7
S315080044A07031052118680CF0A5FCD4F88441EDE7B5
S315080044B0094B1C68A4F5C27414F5C27FE3D094F8BE
S315080044C0973033B994F895301BB9D4F8740112F0C3
S315080044D0F1FED4F88441EDE7782D00202DE9F04768
S315080044E01D4613688EB01F6891F83130814688469C
S315080044F0144606AE002B00F0F180DFF820C2BCE8B7
S315080045000F000FC69CE80F0086E80F00182200214E
S3150800451068460EF086FBA3680893237B012B00F000
S31508004520E080022B0CBF4FF440730023ADF8263011
S31508004530637B4FF0010A032B8CBF4FF480536C4A00
S31508004540CDF834D098BF32F813308DF806A0ADF800
S315080045502830A37B29465A1E022A88BF0023654AAB
S315080045608DF80030D8F8383048461A60624A5A60E2
S31508004570624A9A60624ADA60424600F043FB06469F
S31508004580002840F0A78023695E48C5F87431237E69
S3150800459085F87B31E37D85F87A31A37D85F8793115
S315080045A0637D85F87831A37E85F87D31637E85F84D
S315080045B07C31237F85F87F31E37E85F87E31236859
S315080045C0C5F8703112F073FE53460422A17D607D52
S315080045D0FEF770FB5346217E0222E07DFEF76AFB5A
S315080045E085F88061206912F062FE98F83130384605
S315080045F006A9002B78D00CF024FC95F8803143F0FE
S31508004600040385F880311421227D3F4B03EB4210C9
S31508004610C0F8941494F816C0617D253241EA0C411D
S31508004620C0F8AC14207EE17D03EB421341EA004159
S315080046305960A37B03F0FD03012B0BD195F880315C
S31508004640022243F0010385F88031A17E0023607EB3
S31508004650FEF730FBA37B023B012B0BD895F8803184
S31508004660042243F0020385F88031217F0023E07E8F
S31508004670FEF720FB95F88031DB0717D5A17E627E11
S31508004680237D42EA014241F29C415B0103F1A043CA
S3150800469003F570335A5041F2944202219950217F12
S315080046A0E27E03F5A55342EA01421A60174B1B68DE
S315080046B01BB91749174800F025FC144805F5C271BF
S315080046C00CF0B4F9144A07F5005305213846DA64A4
S315080046D00CF090FB30460EB0BDE8F087DFF840C01E
S315080046E00DE74FF4007321E70CF0AFFB8BE700BF33
S315080046F00C78010855170108871701086B17010878
S31508004700DD430008BC77010800C00350782D00205F
S315080047109C3700207C2D0020FF3F0D0314780108EC
S3150800472034780108034B022218680023806819466A
S3150800473002F09ABE18380020302337B5007D0DF1F7
S315080047400701434303F1A04303F58023DD6E1C6F85
S3150800475010F078FC9DF8070040B9054B9D4203D13F
S3150800476084F00204C4F3400003B030BD0120FBE727
S315080047701A3700203021037D02464B4303F1A0433C
S3150800478003F58023D86E07491B6F884208D113F0BA
S31508004790020006D0106A136D1B1A5842584170471A
S315080047A0002070471A3700207FB504460D4690F85A
S315080047B0A1600FF0FDF9022817D1D5B1AEB9114B9A
S315080047C06846CDE9003604F1FC03029320230393DF
S315080047D011F0AFFDC4F8F80020460DF02EF820B908
S315080047E00121D4F8F80011F0BAFD84F8A15004B0FC
S315080047F070BD002EF9D0D4F8F80011F038FEC4F8D0
S31508004800F850F2E7547801082DE9F743D0E9043463
S3150800481004F17C07D0F80C900646013B10220021D3
S315080048203846D4F874809DB20EF0FBF90B4BC5F3ED
S315080048300A0543EA0513C4E91F39012394F87800E9
S3150800484084F88C30C4F884803A46054B009604F107
S315080048506401FCF7C5FD03B0BDE8F0830000103025
S31508004860571801082DE9F04F04464FF444764FF0E7
S3150800487030093F4D00F138071022002185B038462F
S315080048800EF0CFF96687C4E90F55207DFCF7CEFDFB
S315080048901022002138460EF0C4F96687207D354E71
S315080048A0C4E90F5509FB0063DB6EAB4204D105B0C2
S315080048B0BDE8F04FFCF7DABD0DF10B0110F0C2FBB5
S315080048C09DF80B50002D4CD120460CF0A0FF8046D9
S315080048D003A9207D10F0D8FB039B2946013B1FFA4C
S315080048E083FB04F118031D4610221846D4F810A0BD
S315080048F00EF097F9A169204ACBF30A031B010A4077
S3150800490043F040731343C4E9063A237DC4F8208074
S3150800491009FB0366336F94F824205B0863F34102AE
S3150800492084F82420326F94F8243025F0030562F3C6
S31508004930000384F82430336F626A9B0863F39F028E
S3150800494045F002056262656400943A4621460B4BBF
S31508004950207DFCF745FD207DFCF788FD05B0BDE808
S31508004960F08F94F844306FF3410384F84430EBE752
S315080049701A370020000004500F80FFFCC5180108F4
S315080049802DE9F04F8BB004469946089106920FF030
S315080049900FF90228054613D14FF0FF31D4F8A400C9
S315080049A011F0B4FD002840F0298194F8A1303BB1FC
S315080049B04FF0FF332A460121D4F8F80011F023FD01
S315080049C00023C9F80030D9F80050069B5E1B00F09A
S315080049D0A180089B5D1900F09D8020460CF02DFFF4
S315080049E08346002840F0968020460CF010FF216D83
S315080049F094F89AA088429BBFD4E912329B18431AAE
S31508004A005B1A9E4228BF1E46BAF1000F00F0BA8014
S31508004A1012F042FC236D079020460993FFF78CFE9F
S31508004A203746099B804698198342D4F89C1040F073
S31508004A308280D4E912030344994208BFC4F89C0053
S31508004A40079812F024FCC246207DFCF7EFFC2046AE
S31508004A50FFF772FE054620460CF0D9FE236D834605
S31508004A60984240F29D80A26CB5B2934240F0908085
S31508004A70099304F128082369102200214046079368
S31508004A800EF0CFF83021079B013DE362099BC5F381
S31508004A900A052363237D2D014B4328F0030803F100
S31508004AA0A04345F0407548F0020203F58023A5624D
S31508004AB01A67236DD4E9121233440A44934208BF95
S31508004AC00B465B4523650DD194F8A13023B101212E
S31508004AD0D4F8F80011F070FC0123204684F854300D
S31508004AE0FFF7C0FE207DFCF7C1FC94F89A303BB175
S31508004AF0BAF1000F04D0236E112120465B6898474F
S31508004B0047B1D9F80030069A3B449342C9F80030B9
S31508004B10FFF459AF0FF04CF8022803D1D4F8A400DB
S31508004B2011F019FDD9F80030002B14BF00201B2006
S31508004B300BB0BDE8F08F013303F1FF3C614510D19E
S31508004B40C4F89C3013F8011C112901D0132915D17A
S31508004B50013FA1F1110251425141D34684F8A010F8
S31508004B6062E713F8011C01F0FD0CBCF1110F06D128
S31508004B70013FBBF1000F3FF457AFEAE7D34605F80C
S31508004B80011B51E7324628460EF056F837465BE7D2
S31508004B90238DC3F30A12154465F30E13238588E79C
S31508004BA0207D95B93023584300F1A04000F58020B8
S31508004BB0426E436EC2F30A1223F4FF43324423F0D3
S31508004BC0700343EA0213436673E70D4B0494039399
S31508004BD00023CDE90163012300935A46236921681E
S31508004BE00CF0A9F83022237D534303F1A04303F5C3
S31508004BF080235A6E22F480125A665AE7284697E7A7
S31508004C00C51801082DE9F0410C46154606464FF42D
S31508004C10B872002190B020460EF003F82746AC463D
S31508004C20BCE80F000FC7DCF8003005F1140C3B6038
S31508004C3004F16407BCE80F000FC7DCF80030EA6A25
S31508004C403B60AB6AC4E9132395F83020A36484F863
S31508004C50992095F83320C4F89C30012384F89A20CB
S31508004C6084F8A03084F85430AB6B236695F831305D
S31508004C7084F89830544B34607360544BB360544B8B
S31508004C80F360544B7361544BB361544B3361FCF777
S31508004C9073FB10B1524B98420FD1002107A8FCF7BD
S31508004CA0F3FA014648B9079B07A82375FCF7ECFAFF
S31508004CB0074630B1207DFCF739FB102010B0BDE85F
S31508004CC0F081079B4FF0010884F87830454B7362F2
S31508004CD0454BB362454B84F8A180CDE9083004F111
S31508004CE0A8030A93502308A80B9311F0D2FB404B54
S31508004CF0C4F8A400CDE9083708A804F590730A9308
S31508004D0011F0C7FB3B4BC4F81C01CDE90C3704F185
S31508004D10FC030E9320230CA80F9311F00AFB364BC5
S31508004D20C4F8F800F361354B95F832103362204623
S31508004D3084F8967084F895800CF0B3FEAB6B93F903
S31508004D401100FFF7CFFAAB6B93F91100FFF7AEFA34
S31508004D50207DFCF76BFB0028AFD1294B0494CDE9E5
S31508004D600203E36CCDE900832369A26C2168207DE8
S31508004D700BF0E1FF0028A0D13022237D4FF48011EB
S31508004D80534342F2640203F1A04303F5802399508A
S31508004D90AB6B93F91000FFF7A5FAAB6B93F910000C
S31508004DA0FFF784FA04F190000BF03DFE3046FFF75A
S31508004DB0F5FA2046FFF756FD207DFCF757FB00382D
S31508004DC018BF0120000179E7511901087F18010869
S31508004DD081490008F7170108FD1701081B1B010880
S31508004DE0038000F0A9470008091801086B78010834
S31508004DF07578010854780108A31A010803180108F0
S31508004E00C518010870B50568144E2C7D2046FCF7B8
S31508004E100DFB302303FB0463DA6E114B9A420FD164
S31508004E202846FFF789FC80B112F036FA01230D4AAD
S31508004E30A3405365A2F580529362536312F027FA92
S31508004E402046BDE87040FCF711BB2846FFF792FCE8
S31508004E500028F5D10123A340B364F1E7000004500C
S31508004E601A3700200020045013B5094C684600F094
S31508004E703FF8237853B9DDE900010222054B0DF00E
S31508004E80FCFB08B90123237002B010BD1220FBE712
S31508004E901B370020842D002007B5009313460A46C9
S31508004EA0014603480CF0FDFE03B05DF804FB00BFA5
S31508004EB0842D002013460A46014601480CF0E1BF3E
S31508004EC0842D002013460A46014601480DF0DCB839
S31508004ED0842D0020014601480DF02DBA842D0020AE
S31508004EE013460A46014601480DF0F2BA842D002001
S31508004EF00249034A0160521A426070478839002005
S31508004F000000042038B54160044612F0BCF9054695
S31508004F10214604480BF08AFD2846BDE8384012F0C1
S31508004F20ADB900BFAC2D002038B5054612F0ABF977
S31508004F300446294603480BF08CFD2046BDE8384058
S31508004F4012F09CB9AC2D002001480BF06CBD00BFD7
S31508004F50AC2D002070B512F096F9134D044613488F
S31508004F6012F0A5F92E7896B900F0D8F9FFF7ECFFFC
S31508004F7012F06EFA0E4B1E6010F0FCFD0D4B0E4A39
S31508004F801860536F43F0010353670DF094FB00F06C
S31508004F90A1F80DF0A6FB094B1860012320462B70DB
S31508004FA012F06CF9002070BD28370020BC77010884
S31508004FB0B02D0020D82D002000400050B42D002030
S31508004FC038B5044612F05FF90F4D02462B78FF2BD1
S31508004FD004D1B4B1BDE8384012F050B91BB9002C61
S31508004FE0F8D0012103E0002C0CBFFF2101210B445E
S31508004FF0DBB22B70B3FA83F304495B0910460B70D6
S31508005000E8E71946F3E700BF2537002024370020D4
S31508005010054B1B685843054B00F5742000F23F20EA
S31508005020B0FBF3F0704700BFD82D002040420F00B8
S3150800503010B5094B1B786BB1084C237853B110F0A7
S31508005040B3FB0023064A237013700123054A137025
S31508005050054A137010BD00BF2737002022370020ED
S31508005060213700201D3700201C370020034B1B78F2
S3150800507013B10122024B1A70704700BF2737002070
S315080050802237002073B5114E0446337883420FD079
S315080050904FF400730E4DADF8043058B101A8FDF772
S315080050A0B7FA4020FFF7B4FF2B68181A2860347047
S315080050B002B070BD8DF8050001A8FDF7A9FA4020D9
S315080050C0FFF7A6FF2B681844F0E700BF74390020E5
S315080050D0DC2D002073B5002401A88DF80440FDF7E7
S315080050E02FFB2046224CFFF7CDFFD4F80031214A8A
S315080050F003F0030313604FF480121F4B1F4D5A66CB
S315080051004FF400325A6610F07DFA1D4B1B780BB32C
S31508005110D4F8003103F00303022B23D0032B24D049
S31508005120012B17D10EF0CAFC024698B1154B164E44
S31508005130DC6800231946C4F30B04013404EB840429
S315080051400138E4FB060101F0EDFFFFF761FF2B686C
S3150800515003442B601F20FFF75BFF2B6803442B607B
S3150800516002B070BD0EF008FDDEE70EF0ADFCDBE721
S3150800517000800050E82D002000900050DC2D002013
S315080051802B37002000C0015040420F000122114B6E
S3150800519010B55A67104B114C1B78A3B1022012F0B8
S315080051A046F980B110F00EFD68B1A36DD90302D59A
S315080051B0E36D9A0703D4094B9B6DDB0704D54FF4BF
S315080051C08032044B9A6210BD0122054B1A70FEF715
S315080051D043FFF4E70050005A2C3700200040005ADD
S315080051E0293700200122014B1A7070472C370020FE
S315080051F008B50DF09BFC034B1868BDE8084011F094
S3150800520070B800BFF42D002030B5094D8BB001AC45
S315080052100FCD0FC40FCD0FC42B68002101AA054876
S31508005220236011F009F8044B18600BB030BD00BFBD
S3150800523084780108F1510008F42D002070B512F0A9
S315080052402BF8144E05463478FCB9134B1C60134BE7
S315080052501C60134B1C6000F02BF8012012F0FDF8BF
S3150800526010F092FD0F4B0246186020B9284612F03E
S315080052700EF8232070BD234640F2E7310A4801F0B4
S3150800528051FF0A4B186001233370284611F0FFFFBF
S315080052900020EFE72F370020002E0020FC2D0020ED
S315080052A0082E0020042E002018FCFFFFF82D0020F1
S315080052B010B5002486B01422214601A88DF80040B6
S315080052C00DF0AFFC012313488DF8043011F0EFFF01
S315080052D0BFF34F8F6846FDF7DBFF204601A98DF81F
S315080052E00440FDF7E7FF20460F210FF017FF0F21B7
S315080052F020460FF019FFFDF7B1FF0FF0F3FE064B3E
S3150800530043209C61FEF7EEFF4320FEF7CFFF06B071
S3150800531010BD00BFB077010800800A5008B50A48DA
S3150800532011F0C5FF40F6015200210120FDF708FEE5
S315080053304FF49672002101200BF0AEFD4FF48072F7
S31508005340024B9A6408BD00BFB477010800900A5062
S3150800535008B5094811F0ABFF40F6016200210220AA
S31508005360FDF7EEFD4FF49272002102200BF094FD3A
S315080053700022024B9A6408BDB477010800900A50CF
S3150800538010B504460EF080FB0C4BA0F57A729A42D3
S3150800539012D84FF47A73B0FBF3F05C43084BB3FBB7
S315080053A0F0F3B4FBF3F0022806D9BDE81040032356
S315080053B0B0FBF3F0FAF7DCBE10BD00BFFFC99A3B9D
S315080053C040420F002DE9F04F9B4691B00B1E0A9301
S315080053D0AD4B904614BF8146994600241A9E9BF809
S315080053E0000070B9444538BF224643464FF00000D6
S315080053F00A9928BF08F1FF32C847204611B0BDE810
S31508005400F08F25280BF1010B06D0224643460A9950
S31508005410651CC8472C46E2E700230DE02D2A2AD052
S31508005420302A06D0303A092A4FF0000711D80A2543
S3150800543032E043F001038B46594611F8012B2B2A1B
S315080054401CD0EBD8202A1CD0232A1DD02A2A2BD0E0
S3150800545000279BF800202E2A64D19BF801100BF137
S315080054600102A1F13000092843F4806351D80025D0
S315080054704FF00A0C26E043F00203DCE743F004038E
S31508005480D9E743F00803D6E743F01003D3E78B4682
S3150800549005FB0722A2F13007594611F8012BA2F1A4
S315080054A030000928F3D9D4E756F8047B8B46002F39
S315080054B0BCBF43F002037F42CBE702460CFB051153
S315080054C0A1F13005104610F8011BA1F1300EBEF10E
S315080054D0090FF2D9114611F8010B6C282CD024D8E3
S315080054E0682830D06A2837D011468B461BF8010B3E
S315080054F0672875D857284BD8452807D085D9462810
S3150800550000F03281472880D143F4006343F020033A
S3150800551040E12A2907D156F8045B0BF1020225EA75
S31508005520E575D7E75A460025D4E7742801D07A28C6
S31508005530DAD143F48073D8E750786C28F9D143F46C
S315080055404073911CD1E75078682802D043F0800355
S31508005550CBE743F0C003F4E743F40073C5E70A2A30
S3150800556000F06381072A7FF450AF43F021030593C7
S315080055700823CDE903531023CDE9011356F8043B5C
S3150800558022460093484643460A990DF0D5F9FBE0B2
S31508005590A0F158020F2A3FF638AF01A151F822F0C0
S315080055A0115600080B5400080B5400080B54000849
S315080055B00B5400080B5400080B5400080B54000841
S315080055C00B5400080B54000811560008B35700087E
S315080055D0115600088D5700086D5700088D570008AA
S315080055E0A0F16902D2B20F2A3FF60FAF012149F2A4
S315080055F0410C914011EA0C01B1D0782803F480617E
S3150800560022D1002900F0918023F00D02102307E033
S31508005610622803F4806220D142BB23F00C020223E5
S3150800562012F4007100F08480CDE907720022CDE9FA
S31508005630043206F1070A2AF0070A06950292FAE8E2
S315080056400223CDE900233DE06F2812D123F00C0296
S3150800565009B123F00D020823E2E7582816D1002ADB
S3150800566039D123F00C0242F02002CFE723F00D02D5
S31508005670D5E7692823F0100230D023F01C0209B1BF
S3150800568023F01D020A23CBE77727010842BB23F044
S315080056901002930527D5073626F00706B246716825
S315080056A05AF8083B0A26CDE907720027CA0F0029CF
S315080056B0CDE904670695029202DA5B4261EB410185
S315080056C0CDE900314346224648460A990DF077F956
S315080056D00446564683E623F00D02C4E70029D8D0CF
S315080056E023F01102D5E7D00506F1040A01D533687F
S315080056F003E0510614D596F90030CDE904720A2262
S31508005700002B02924FEAD37203950192B8BF5B420F
S3150800571000934346224648460A990DF00DF9D7E705
S315080057201306E4D5B6F90030E7E723F00C026DE777
S31508005730D00506F1040A06D5CDE90472CDE902358D
S3150800574001913368E4E7510608D53178CDE9023589
S315080057500023CDE90472CDE90013DAE7316812F0C7
S31508005760800F18BF89B2F1E743F02003CDE9017332
S31508005770073626F007060095B6EC020B4346224686
S3150800578048460A99FAF7B4FE044628E6672801D17E
S3150800579043F40063CDE90173073626F00706009542
S315080057A0B6EC020B4346224648460A99FAF7E4FC49
S315080057B0EAE713F0020523D04FF0010A631C0B93A6
S315080057C0224643460A9916F8040BC8475DB3544661
S315080057D00B9A1EE0434620200A99C8470AEB0402A2
S315080057E00AF1010ABA45F5D3002F07F1FF3308BFBE
S315080057F0002307F1010A1C4408BF4FF0020ADDE73F
S31508005800AA46EBE7551C434620200A99C8472A466C
S315080058100134BC42F6D3A7EB0A03574538BF002329
S315080058200B9A1A440B920B9CD9E53246002D52F876
S31508005830046B14BF29464FF0FF310B9232463144B0
S31508005840107808B18A4211D1A2EB060A13F48062D5
S315080058500C9202D0AA4528BFAA4613F002030D935C
S315080058601BD1AAEB040322460F9308E00132E7E7AF
S31508005870531C0E93202043460A99C8470E9A0F9B3D
S31508005880D3189F42F4D8A7EB0A03574538BF00231D
S315080058900AF101021C4403EB020AA31B0E9304E05F
S315080058A01D46434622460A99C8470E9B9C1916F878
S315080058B0010B28B10C9B002BF3D06B1E002DEFD1EA
S315080058C00D9B93B12246AAEB040505E0561C4346F8
S315080058D020200A99C84732465319BB42F6D3A7EB8C
S315080058E00A03574538BF00231C440B9E77E500BFC3
S315080058F00FB41FB506AA52F8043B02A903920092F8
S3150800590004484FF0FF32FFF75DFD05B05DF804EB84
S3150800591004B070475D2A01081FB5CDE9020100935E
S3150800592002A9134603484FF0FF32FFF74BFD05B0B7
S315080059305DF804FB652A01081FB56B46084ACDF8D1
S315080059400CD01068516803C3022302A94FF0FF3038
S315080059508DF808300DF073FC05B05DF804FB00BF48
S31508005960107901084FF0FF3001490DF066BC00BF01
S315080059701879010807B5FBF7FFFC094B984200D0D8
S3150800598050B9002101A8FBF77FFC28B94FF0FF307A
S315080059909DF804100DF091FA03B05DF804FB00BF02
S315080059A0038000F038B508460C460DF03AFB03466E
S315080059B020B994E80700024D85E80700184638BD67
S315080059C00C2E00202DE9F0432A48079F847A94423A
S315080059D04CD9066802EB42024FEA820C16EB8202A9
S315080059E046D05089002843D0B2F90440B2F906508F
S315080059F08C42B2F908E02FDCA942A8BF2946BEF1BD
S31508005A00000F35D000F1FF381FFA88F80EFB084959
S31508005A100A1B92FBFEF24D45D8BF404692B2904211
S31508005A2002D3A94218BF104656F80C2052F8206037
S31508005A3002EB800C18B15CF8048D46450ED08D42F9
S31508005A401EBF1EFB00F1091909B2994209DC0020A4
S31508005A503E60B980BDE8F0832146D0E7013880B2C0
S31508005A60E8E70028F3D0013880B2DFE70E20F1E737
S31508005A700220EFE70C2E002008B506494FF0FF304C
S31508005A80FFF790FFBDE8084001214FF0FF300DF009
S31508005A90CFBA00BF84820108004870470080FFFF24
S31508005AA02DE9F043A34885B003F0E6F928B1A248EA
S31508005AB005B0BDE8F043FFF71BBFA04803F034FA72
S31508005AC0064608B19E48F3E79E48FFF711FF9E4831
S31508005AD0FFF70EFF9D48FFF70BFFFDF761FA024639
S31508005AE00B469B48FFF704FF03A803F05FFA00285C
S31508005AF040F00B819DF80E309DF80D209DF80C1096
S31508005B009448FFF7F5FE8B4D9348FFF7F1FE93484F
S31508005B10FFF7EEFE924A934B297C9348002914BF5F
S31508005B2011461946FFF7E4FE904A914B95F8211065
S31508005B30904800290CBF11461946FFF7D9FEE968B7
S31508005B408D48FFF7D5FEA96A8C48FFF7D1FE95F870
S31508005B5023108B48FFF7CCFE95F824108948FFF7E9
S31508005B60C7FE8948FFF7C4FE29788848FFF7C0FEB4
S31508005B70724C69888648FFF7BBFEA9888548FFF7F7
S31508005B80B7FE21888448FFF7B3FE8448FFF7B0FEC6
S31508005B9061688348FFF7ACFEA1688248FFF7A8FE54
S31508005BA0A9688148FFF7A4FEA9798048FFF7A0FEF7
S31508005BB07F4A804B95F822107F48012914BF114669
S31508005BC01946FFF795FE616D7C48FFF791FE7C4804
S31508005BD0FFF78EFEB5F912107A48FFF789FE7A4864
S31508005BE0FFF786FE794A7A4BE97D7A4800290CBF89
S31508005BF011461946FFF77CFEEB7E77480093AB7E8D
S31508005C006A7E297EFFF774FE95F820107348FFF721
S31508005C106FFEEB69A3B11968714A724B7248B1F10C
S31508005C20FF3F14BF11461946FFF762FE6F4FDFF8B4
S31508005C300882DFF8089295F82030F1B28B4268D8CE
S31508005C406B48FFF755FE94F85820604B6049694841
S31508005C50002A08BF1946FFF74BFEE1686648FFF7BA
S31508005C6047FE6648FFF744FE61696548FFF740FE50
S31508005C70A1696448FFF73CFEE1696348FFF738FE0F
S31508005C80216A6248FFF734FE616A6148FFF730FE11
S31508005C90A16A6048FFF72CFEE16A5F48FFF728FE15
S31508005CA021695E48FFF724FE5D48FFF721FE216B58
S31508005CB05348FFF71DFE616B5248FFF719FEA16BAB
S31508005CC05848FFF715FEE16B5748FFF711FE216CA0
S31508005CD05648FFF70DFE616C4D48FFF709FEA16CAB
S31508005CE04C48FFF705FEE16C4B48FFF701FE206DB7
S31508005CF000F0DEFE02460B464D48FFF7F9FD174851
S31508005D00FFF7F6FD05B0BDE8F0834A48FFF7F0FD5A
S31508005D10F9E6EB6953F8212051B91868B0F1FF3F4D
S31508005D2014BF3B4643464846FFF7E2FD013682E785
S31508005D303B46F8E7742E0020A9830108182E002098
S31508005D40D683010800840108248401084B840108CD
S31508005D50528401086D840108B8840108ED8401089D
S31508005D603E83010834830108198501084E8301081A
S31508005D70468301083C8501085F850108908501086E
S31508005D80C1850108FC850108378601085286010885
S31508005D90788601089E860108C4860108F3860108EC
S31508005DA00A87010835870108698701089487010869
S31508005DB06183010857830108BA870108E08701084B
S31508005DC00D8801082D88010858880108788301087C
S31508005DD074830108768801089E880108DF8801080F
S31508005DE0948301087B8301082789010866770108DF
S31508005DF00F890108688901088E890108B589010893
S31508005E00CF890108F68901081D8A0108448A010814
S31508005E106B8A0108928A0108B98A0108E08A010892
S31508005E20078B0108218B0108488B01086F8B010835
S31508005E30968B0108938401089D8301084F89010800
S31508005E4008B50648FFF754FD03F0BCF820B1BDE8D5
S31508005E5008400348FFF74CBD08BD00BFC08B0108CA
S31508005E60DE8B010838B5D0E90232114C53F82230DE
S31508005E702046B3F9005002F0FFFF20B10D48BDE8F7
S31508005E803840FFF735BD2046658202F09FFF08B10E
S31508005E900948F4E7204602F0EFFF28B129460748EB
S31508005EA0BDE83840FFF724BDB4F912100448F7E7F7
S31508005EB0742E0020A9830108F98B0108118C0108AA
S31508005EC0408C010810B5D0E9023253F8223019780F
S31508005ED021B11348BDE81040FFF70ABD114C204612
S31508005EE002F0CAFF20B11048BDE81040FFF700BD18
S31508005EF02074204602F06AFF08B10C48F4E72046F1
S31508005F0002F0BAFF10B10A490A48E3E7217C0A4AB7
S31508005F10074B0A48002914BF11461946DAE700BF9D
S31508005F205D8C0108742E0020A98301089B8C01084A
S31508005F3034830108AF8C01083E830108D58C01081B
S31508005F4008B50348FFF7D4FCBDE8084003F072B86B
S31508005F50E98C010808B50348FFF7CAFCBDE8084004
S31508005F6003F098B8098D010838B5D0E90232104C0B
S31508005F7053F8223020461D6802F07EFF20B10D48F6
S31508005F80BDE83840FFF7B4BC2046A56002F01EFF06
S31508005F9008B10948F4E7204602F06EFF28B1294601
S31508005FA00648BDE83840FFF7A3BCA1680448F8E7EF
S31508005FB0742E0020A9830108298D0108428D010845
S31508005FC0728D010873B5D0E902321B4C53F82210C2
S31508005FD003EB82035B6820460E881D8802F04CFF9F
S31508005FE028B1164802B0BDE87040FFF781BC2046CC
S31508005FF06680A58002F0EAFE08B11148F2E720465D
S3150800600002F03AFF38B12A4631460E4802B0BDE8DA
S315080060107040FFF76DBC6188A288B14201D19542F4
S3150800602006D0334600950848FFF762FC02B070BDFB
S315080060302A460648EAE700BF742E0020A98301080D
S31508006040908D0108AD8D0108DF8D01081E8E0108AF
S3150800605038B5D0E90232104C53F8223020461D6874
S3150800606002F00AFF20B10D48BDE83840FFF740BCF2
S315080060702046E56002F0AAFE08B10948F4E7204682
S3150800608002F0FAFE28B129460648BDE83840FFF76F
S315080060902FBCE1680448F8E7742E0020A98301089C
S315080060A03E8E01085C8E01089A8E010838B5D0E943
S315080060B00232104C53F8223020461D6802F0DCFEEE
S315080060C020B10D48BDE83840FFF712BC2046A5624E
S315080060D002F07CFE08B10948F4E7204602F0CCFE3F
S315080060E028B129460648BDE83840FFF701BCA16A31
S315080060F00448F8E7742E0020A9830108C68E010813
S31508006100DF8E0108188F010838B5D0E90232104C25
S3150800611053F8223020461D7802F0AEFE20B10D4815
S31508006120BDE83840FFF7E4BB2046257002F04EFE76
S3150800613008B10948F4E7204602F09EFE28B1294630
S315080061400648BDE83840FFF7D3BB21780448F8E78E
S31508006150742E0020A98301083F8F01085D8F01086E
S315080061608D8F010838B5D0E90232174C53F8223022
S3150800617020461D7802F080FE20B11448BDE838405C
S31508006180FFF7B6BB2B1E18BF01232046E37502F0A6
S315080061901DFE08B10E48F1E7204602F06DFE48B133
S315080061A00C490D4B0D48002D18BF1946BDE838405F
S315080061B0FFF79EBBE17D074A074B094800290CBF3C
S315080061C011461946F2E700BF742E0020A98301087C
S315080061D0B48F0108AB8F0108649D0108D68F0108AA
S315080061E0029001082DE9F341D0E9023253F8221052
S315080061F003EB82035A68194C16789A68DB682046BE
S315080062000D78177893F8008002F036FE28B1144806
S3150800621002B0BDE8F041FFF76BBB204625766676EF
S31508006220A77684F81B8002F0D1FD08B10D48EFE788
S31508006230204602F021FE50B13B46324629460A481E
S31508006240CDF80080FFF754FB02B0BDE8F081E37E8D
S3150800625006480093A37E627E217EF3E7742E002013
S31508006260A98301081C9001083C9001088790010841
S31508006270F8B5D0E90232214D53F8221003EB820318
S315080062805B6828460C781E6802F0F6FD20B11C48AB
S31508006290BDE8F840FFF72CBB95F82020A24206D8A7
S315080062A021461848013ABDE8F840FFF721BBEB69DB
S315080062B00BB91548ECE727B2284643F8276002F0E1
S315080062C085FD08B11148E3E7284602F0D5FD18B167
S315080062D0324621460E48E6E7EB692BB195F82020B1
S315080062E0A24288BF53F82760324621461CB90136B8
S315080062F001D10848D7E70848D5E700BF742E002023
S31508006300A9830108C0900108E190010801910108DC
S31508006310219101085C910108A091010838B5D0E9DE
S31508006320023253F822301D7825B91148BDE83840A5
S31508006330FFF7DEBA0F4C204602F09EFD08B10E4864
S31508006340F4E7204684F8205002F040FD08B10B48D7
S31508006350ECE7204602F090FD28B129460848BDE83A
S315080063603840FFF7C5BA94F820100648F7E700BF8B
S31508006370C9910108742E0020A9830108EC9101082F
S31508006380119201085092010838B5D0E90232184C2A
S3150800639053F8223020461D7802F06EFD20B11548CC
S315080063A0BDE83840FFF7A4BA2B1E18BF01232046C4
S315080063B084F8213002F00AFD08B10F48F0E72046BC
S315080063C002F05AFD48B10D490D4B0E48002D18BF75
S315080063D01946BDE83840FFF78BBA94F82110074AEA
S315080063E0074B094800290CBF11461946F1E700BFBB
S315080063F0742E0020A98301087D920108AB8F01083D
S31508006400649D01089E920108D192010838B5D0E929
S31508006410023253F822301D78012D04D91348BDE8FD
S315080064203840FFF765BA124C204602F025FD08B140
S315080064301048F4E7204684F8225002F0C7FC08B159
S315080064400D48ECE7204602F017FD08B10B48E6E7D1
S3150800645094F822100A4B0B4A0B48012914BF11461F
S315080064601946BDE83840FFF743BA00BFF292010863
S31508006470742E0020A98301080F9301082B930108A5
S3150800648057830108618301084A93010800B58DB056
S3150800649001A802F0F1FCE0B94E23ADF80830062356
S315080064A08DF80A300C4B8DF8040004930B4BADF8AD
S315080064B0060006930423ADF8243041F288338DF89C
S315080064C01400ADF816008DF8260001A80B9302F00B
S315080064D07DFC0DB05DF804FB400D030001000A00C9
S315080064E073B50024154D164E4FF0FF32286801ABE0
S315080064F00DF103010194FAF7EBFC0028F4D1019A97
S31508006500002AF1D0336863B1D0680278042A08D823
S31508006510DFE802F00D0F0B0311001B680BB1083002
S31508006520984701A80AF027FBDEE75B68F6E79B6851
S31508006530F4E7DB68F2E71B69F0E700BFA42E00204A
S31508006540A02E002070B5164E33783BBB154D05209E
S3150800655029460AF095FB044650B94FF0FF3105204D
S315080065602A68FAF701FC044620B12868FAF778FC8D
S31508006570204670BD01460C4A0C480FF05DFE50B926
S315080065804FF0FF312A680520FAF730FC2868FAF739
S3150800659067FC1924ECE701233370E9E71224E7E7DF
S315080065A030370020A42E00206C930108E16400080F
S315080065B018B1034B1860002070472220704700BFAF
S315080065C0A02E002001680148FFF792B990930108B0
S315080065D001680148FFF78CB9A8930108037843B10D
S315080065E00549064A012B18BF114642680448FFF7B9
S315080065F07FB90449F9E700BFC6930108CA930108A1
S31508006600D2930108C2930108016811B90648FFF739
S315080066106FB9D0E9022302F17040184301D103484B
S31508006620F5E70348FFF764B9ED93010804940108F8
S315080066302D94010808B50848FFF75AF90748FFF7E7
S31508006640B7FF18B181B20648FFF752F9BDE808400E
S315080066500448FFF74DB900BF63940108F494010894
S3150800666092940108BE940108114B00B51868114BA5
S31508006670114A1860114B8BB01360114A0021009221
S31508006680104A1268CDE901230F4B4FF4C8620393F1
S315080066900E4B04930E4B05931923CDE9062332239B
S315080066A0CDE908136946FCF7B5FE0BB05DF804FBA7
S315080066B0D4370020342D0020302D0020C837002084
S315080066C0E9A20108C83100206431002068310020A1
S315080066D000040020064B1B681A7A022A04D812B155
S315080066E01B68044A13607047032AF9D0704700BF35
S315080066F0D8370020C831002070B51F4DA2B00BACAA
S315080067000FCD0FC495E80F0084E80F0000244FF45E
S315080067107023CDE902440494019313AD01AE0FCE64
S315080067200FC5164BCDE9074409942B60144B18ADD9
S31508006730069306AE0FCE0FC52022124B13A92B6067
S31508006740114B12481D93124B2094CDE91E23114B71
S315080067500BAA2193104BFDF7C1FE04469DF87F3026
S315080067604FF4E130002B0CBF032100210AF0F5F9A4
S31508006770204622B070BD00BF04A301083C00015B9F
S3150800678001000F004400015B31370020543300201C
S3150800679001010100EC370020CC31002029B9074B54
S315080067A0186803684BB1FEF72DBB012905D1034BC9
S315080067B0186803680BB10BF009BA70470038002057
S315080067C008B504490448FEF79DFBBDE80840FFF7F5
S315080067D093BF00BF043800208033002001480AF028
S315080067E0DABF00BF5433002081F0004102E000BF49
S315080067F083F0004330B54FEA41044FEA430594EA73
S31508006800050F08BF90EA020F1FBF54EA000C55EAAD
S31508006810020C7FEA645C7FEA655C00F0E2804FEA7E
S315080068205454D4EB5555B8BF6D420CDD2C4480EA60
S31508006830020281EA030382EA000083EA010180EA90
S31508006840020281EA0303362D88BF30BD11F0004FDE
S315080068504FEA01314FF4801C4CEA113102D0404214
S3150800686061EB410113F0004F4FEA03334CEA13334F
S3150800687002D0524263EB430394EA050F00F0A78067
S31508006880A4F10104D5F1200E0DDB02FA0EFC22FA62
S3150800689005F2801841F1000103FA0EF2801843FA56
S315080068A005F359410EE0A5F120050EF1200E012A47
S315080068B003FA0EFC28BF4CF0020C43FA05F3C01885
S315080068C051EBE37101F0004507D54FF0000EDCF1FE
S315080068D0000C7EEB00006EEB0101B1F5801F1BD3A7
S315080068E0B1F5001F0CD349085FEA30004FEA3C0CAB
S315080068F004F101044FEA445212F5800F80F09A80A1
S31508006900BCF1004F08BF5FEA500C50F1000041EBA4
S31508006910045141EA050130BD5FEA4C0C404141EBA8
S315080069200101013C28BFB1F5801FE9D291F0000FA3
S3150800693004BF01460020B1FA81F308BF2033A3F152
S315080069400B03B3F120020CDA0C3208DD02F1140C49
S31508006950C2F10C0201FA0CF021FA02F10CE002F184
S315080069601402D8BFC2F1200C01FA02F120FA0CFC7D
S31508006970DCBF41EA0C019040E41AA2BF01EB0451C6
S31508006980294330BD6FEA04041F3C1CDA0C340EDCC4
S3150800699004F11404C4F1200220FA04F001FA02F307
S315080069A040EA030021FA04F345EA030130BDC4F1C5
S315080069B00C04C4F1200220FA02F001FA04F340EABA
S315080069C00300294630BD21FA04F0294630BD94F06B
S315080069D0000F83F4801306BF81F480110134013D52
S315080069E04EE77FEA645C18BF7FEA655C29D094EAC3
S315080069F0050F08BF90EA020F05D054EA000C04BF41
S31508006A001946104630BD91EA030F1EBF002100202B
S31508006A1030BD5FEA545C05D14000494128BF41F0CA
S31508006A20004130BD14F580043CBF01F5801130BD2E
S31508006A3001F0004545F0FE4141F470014FF00000B9
S31508006A4030BD7FEA645C1ABF194610467FEA655C6A
S31508006A501CBF0B46024650EA013406BF52EA03350C
S31508006A6091EA030F41F4002130BD00BF90F0000FFA
S31508006A7004BF0021704730B54FF4806404F1320436
S31508006A804FF000054FF0000150E700BF90F0000FEF
S31508006A9004BF0021704730B54FF4806404F1320416
S31508006AA010F0004548BF40424FF000013EE700BFE6
S31508006AB042004FEAE2014FEA31014FEA02701FBF76
S31508006AC012F07F4393F07F4F81F06051704732F0A8
S31508006AD07F4208BF704793F07F4F04BF41F40021FF
S31508006AE0704730B54FF4607401F0004521F000415D
S31508006AF01CE700BF50EA010208BF704730B54FF0E7
S31508006B0000050AE050EA010208BF704730B511F0E7
S31508006B10004502D5404261EB41014FF4806404F11F
S31508006B2032045FEA915C3FF4D8AE4FF003025FEAA5
S31508006B30DC0C18BF03325FEADC0C18BF033202EB29
S31508006B40DC02C2F1200300FA03FC20FA02F001FA83
S31508006B5003FE40EA0E0021FA02F11444BDE600BF26
S31508006B6070B54FF0FF0C4CF4E06C1CEA11541DBFD5
S31508006B701CEA135594EA0C0F95EA0C0F00F0DEF8A0
S31508006B802C4481EA030621EA4C5123EA4C5350EA85
S31508006B90013518BF52EA033541F4801143F48013D6
S31508006BA038D0A0FB02CE4FF00005E1FB02E506F067
S31508006BB00042E0FB03E54FF00006E1FB03569CF0BC
S31508006BC0000F18BF4EF0010EA4F1FF04B6F5007FC2
S31508006BD064F5407404D25FEA4E0E6D4146EB060634
S31508006BE042EAC62141EA55514FEAC52040EA5E50BD
S31508006BF04FEACE2EB4F1FD0C88BFBCF5E06F1ED867
S31508006C00BEF1004F08BF5FEA500E50F1000041EB9D
S31508006C10045170BD06F0004646EA010140EA02004A
S31508006C2081EA0301B4EB5C04C2BFD4EB0C0541EA6C
S31508006C30045170BD41F480114FF0000E013C00F381
S31508006C40AB8014F1360FDEBF002001F0004170BDA5
S31508006C50C4F10004203C35DA0C341BDC04F11404BE
S31508006C60C4F1200500FA05F320FA04F001FA05F24A
S31508006C7040EA020001F0004221F0004110EBD37017
S31508006C8021FA04F642EB06015EEA430E08BF20EA43
S31508006C90D37070BDC4F10C04C4F1200500FA04F3E6
S31508006CA020FA05F001FA04F240EA020001F0004178
S31508006CB010EBD37041F100015EEA430E08BF20EAEB
S31508006CC0D37070BDC4F1200500FA05F24EEA020E33
S31508006CD020FA04F301FA05F243EA020321FA04F062
S31508006CE001F0004121FA04F220EA020000EBD37019
S31508006CF05EEA430E08BF20EAD37070BD94F0000F19
S31508006D000FD101F00046400041EB010111F4801F4C
S31508006D1008BF013CF7D041EA060195F0000F18BFFD
S31508006D20704703F00046520043EB030313F4801F39
S31508006D3008BF013DF7D043EA0603704794EA0C0FF3
S31508006D400CEA135518BF95EA0C0F0CD050EA410609
S31508006D5018BF52EA4306D1D181EA030101F0004186
S31508006D604FF0000070BD50EA410606BF10461946AE
S31508006D7052EA430619D094EA0C0F02D150EA0136BA
S31508006D8013D195EA0C0F05D152EA03361CBF1046FB
S31508006D9019460AD181EA030101F0004141F0FE419A
S31508006DA041F470014FF0000070BD41F0FE4141F41E
S31508006DB0780170BD70B54FF0FF0C4CF4E06C1CEA1E
S31508006DC011541DBF1CEA135594EA0C0F95EA0C0FD3
S31508006DD000F0A7F8A4EB050481EA030E52EA03358E
S31508006DE04FEA013100F088804FEA03334FF08055AF
S31508006DF045EA131343EA12634FEA022245EA1115DC
S31508006E0045EA10654FEA00260EF000419D4208BF8C
S31508006E10964244F1FD0404F5407402D25B084FEA39
S31508006E203202B61A65EB03055B084FEA32024FF4E5
S31508006E3080104FF4002CB6EB020E75EB030E22BF42
S31508006E40B61A754640EA0C005B084FEA3202B6EB02
S31508006E50020E75EB030E22BFB61A754640EA5C00B1
S31508006E605B084FEA3202B6EB020E75EB030E22BF41
S31508006E70B61A754640EA9C005B084FEA3202B6EB42
S31508006E80020E75EB030E22BFB61A754640EADC0001
S31508006E9055EA060E18D04FEA051545EA16754FEA63
S31508006EA006164FEAC30343EA52734FEAC2025FEA81
S31508006EB01C1CC0D111F4801F0BD141EA00014FF010
S31508006EC000004FF0004CB6E711F4801F04BF0143E1
S31508006ED00020B4F1FD0C88BFBCF5E06F3FF6AFAEFD
S31508006EE0B5EB030C04BFB6EB020C5FEA500C50F18D
S31508006EF0000041EB045170BD0EF0004E4EEA113110
S31508006F0014EB5C04C2BFD4EB0C0541EA045170BD16
S31508006F1041F480114FF0000E013C90E645EA060E5A
S31508006F208DE60CEA135594EA0C0F08BF95EA0C0F88
S31508006F303FF43BAF94EA0C0F0AD150EA01347FF4D0
S31508006F4034AF95EA0C0F7FF425AF104619462CE7A7
S31508006F5095EA0C0F06D152EA03353FF4FDAE10460A
S31508006F60194622E750EA410618BF52EA43067FF45B
S31508006F70C5AE50EA41047FF40DAF52EA43057FF4EB
S31508006F80EBAE12E74FF0FF3C06E000BF4FF0010CF6
S31508006F9002E000BF4FF0010C4DF804CD4FEA410C5A
S31508006FA07FEA6C5C4FEA430C18BF7FEA6C5C1BD027
S31508006FB001B050EA410C0CBF52EA430C91EA030FA8
S31508006FC002BF90EA020F0020704710F1000F91EA05
S31508006FD0030F58BF994208BF90422CBFD8176FEAD3
S31508006FE0E37040F0010070474FEA410C7FEA6C5CA1
S31508006FF002D150EA013C07D14FEA430C7FEA6C5CA8
S31508007000D6D152EA033CD3D05DF8040B704700BFD3
S315080070108446104662468C461946634600E000BF21
S3150800702001B5FFF7B7FF002848BF10F1000F01BDF3
S315080070304DF808EDFFF7F4FF0CBF012000205DF8BE
S3150800704008FB00BF4DF808EDFFF7EAFF34BF012043
S3150800705000205DF808FB00BF4DF808EDFFF7E0FFDC
S3150800706094BF012000205DF808FB00BF4DF808ED2D
S31508007070FFF7CEFF94BF012000205DF808FB00BF94
S315080070804DF808EDFFF7C4FF34BF012000205DF876
S3150800709008FB00BF4FEA410212F5001215D211D5BE
S315080070A06FF47873B3EB625212D94FEAC12343F0F7
S315080070B0004343EA505311F0004F23FA02F018BF79
S315080070C0404270474FF00000704750EA013005D142
S315080070D011F0004008BF6FF0004070474FF0000005
S315080070E0704700BF4A0011D212F5001211D20DD511
S315080070F06FF47873B3EB62520ED44FEAC12343F0B0
S31508007100004343EA505323FA02F070474FF0000059
S31508007110704750EA013002D14FF0FF3070474FF008
S315080071200000704753B94AB9002908BF00281CBF98
S315080071304FF0FF314FF0FF3000F082B9ADF1080C87
S315080071406DE904CE00F006F8DDF804E0DDE9022377
S3150800715004B070472DE9F04F099D0C46002B4DD120
S315080071608A420F4684469646B2FA82F360D94BB1F4
S3150800717002FA03FEC3F120029F4000FA03FC20FA3C
S3150800718002F217434FEA1E461FFA8EF44FEA1C42D4
S31508007190B7FBF6F106FB117701FB04F042EA07425A
S315080071A0904208D91EEB020201F1FF3702D2904243
S315080071B000F231813946121A1FFA8CFCB2FBF6F03E
S315080071C006FB102200FB04F44CEA024C644508D97D
S315080071D01EEB0C0C00F1FF3202D2644500F21E8150
S315080071E0104640EA0140ACEB040C002125B12CFA0C
S315080071F003F30022C5E90032BDE8F08F8B4205D9BA
S315080072000DB1C5E9000100210846F5E7B3FA83F197
S3150800721000294DD1A342C0F0F380904280F0F0805F
S31508007220064623460846002DE6D0C5E90063E3E78F
S31508007230002B40F0A3808A1A4FEA1E471FFA8EF6E3
S315080072400121B2FBF7F407FB14204FEA1C4242EA7D
S31508007250004206FB04F090420FD91EEB020204F12D
S31508007260FF382CBF4FF001094FF00009904203D9AF
S31508007270B9F1000F00F0CC804446121A1FFA8CFCB4
S31508007280B2FBF7F007FB102200FB06F64CEA024CAD
S31508007290664508D91EEB0C0C00F1FF3202D2664592
S315080072A000F2B3801046ACEB060C40EA04409DE7BA
S315080072B0C1F120068B4004FA01FE22FA06F720FAED
S315080072C006FCF4408A401F434EEA0C0300FA01FE0E
S315080072D04FEA17484FEA13491FFA87FCB4FBF8F040
S315080072E008FB104449EA044400FB0CF9A1450ED9F1
S315080072F03C1900F1FF3A2CBF4FF0010B4FF0000B81
S31508007300A14503D9BBF1000F00F08B805046A4EBD2
S3150800731009041FFA83F9B4FBF8F308FB134403FBCB
S315080073200CFC49EA0444A44506D93C1903F1FF3884
S3150800733001D2A4457BD8434643EA0040A4EB0C049B
S31508007340A0FB02984445CC46434602D306D1CE4517
S3150800735004D20138B9EB020C68EB0703002D6CD098
S31508007360BEEB0C0264EB030422FA01F304FA06F6F8
S31508007370CC4000211E43C5E900643DE702FA03FE3E
S31508007380C3F1200104FA03F200FA03FCCC404FEAE9
S315080073901E4720FA01F11FFA8EF6B4FBF7F00A43EE
S315080073A007FB1044110C41EA044100FB06F48C4229
S315080073B00ED91EEB010100F1FF382CBF4FF0010971
S315080073C04FF000098C4202D9B9F1000F2CD0404683
S315080073D0091B92B2B1FBF7F407FB141142EA01420A
S315080073E004FB06F1914207D91EEB020204F1FF38AD
S315080073F001D291421ED84446521A44EA004120E777
S31508007400861A64EB030301200DE7F44402384AE7C1
S31508007410023C724431E702397244CCE6F44402383D
S31508007420DFE602383C4472E702387144D0E7023B93
S315080074303C4481E7023C7244DEE72946DCE600BFAD
S31508007440704700BF08B5064B044613B10021AFF3D9
S315080074500080044B1B6803B1984720460AF0AEF932
S3150800746000000000C03400202DE9F7431D46574BA5
S3150800747004460E461F68904627B13B6A13B938463C
S3150800748000F032F9B8F1020F06D0B8F1010F00F298
S315080074909980002DC0F29680636ED90705D4A3891A
S315080074A09A0502D4A06D0BF0C5FB214638460BF0B1
S315080074B065FC616B41B104F14403994202D0384638
S315080074C00BF031F8002363630023A3616360A3898B
S315080074D01B0603D5216938460BF025F8A389B8F1B0
S315080074E0020F23F44A6323F00303A38160D001ABA0
S315080074F06A46214638460BF043FBA3891843A08108
S315080075002DBB009D284600F0E5FA0646002851D115
S31508007510DDF80090A9453FD14FF0FF35B4F90C309E
S3150800752043F00202A2810022A26004F1470222600F
S31508007530226101226261626ED60704D4980502D4DC
S31508007540A06D0BF078FB284603B0BDE8F083002E4B
S31508007550D8D03B6A13B9384600F0C6F8B8F1010F1F
S31508007560266002BFA38943F00103A381B4F90C3056
S3150800757013F00802C4E904651ED0D90745BF0022E6
S315080075806D42A560A26048BFA561626ED20701D4AC
S315080075909B0513D50025D6E7484600F09BFA064614
S315080075A00028B9D0A3894D4643F08003A381D0E7CC
S315080075B00025B3E7A946F5E7A260E6E7A06D0BF05C
S315080075C03AFBE7E74FF0FF35BDE700BF1838002064
S315080075D0002310B504468360818119464366C2813B
S315080075E008228361C0E90033C0E904335C300BF03C
S315080075F018FB0D4B246263620C4BA3620C4BE362CF
S315080076000C4B23630C4B9C4206D003F16802944250
S3150800761002D0D0339C4205D104F15800BDE8104091
S315080076200BF007BB10BD00BFCD2D0108EF2D0108DB
S31508007630272E01084B2E010888330020024A0349E9
S3150800764003480BF07FBA00BF0C3800207D2D0108D7
S315080076501C38002041680C4B994210B5044601D0ED
S315080076600BF08CFBA168094B994202D020460BF01F
S3150800767085FBE168064B994204D02046BDE81040D8
S315080076800BF07CBB10BD00BF88330020F033002010
S315080076905834002010B50B4B04210B4C0B4A2046DE
S315080076A01A600022FFF794FF04F1680001220921FD
S315080076B0FFF78EFF04F1D00002221221BDE8104028
S315080076C0FFF786BFC0340020883300203D760008C7
S315080076D001480BF0AFBA00BF5137002001480BF044
S315080076E0AABA00BF5137002010B50446FFF7F0FFCD
S315080076F0236A1BB1BDE81040FFF7F0BF044B2362B5
S31508007700044B1B68002BF5D1FFF7C4FFF2E700BF57
S3150800771055760008C0340020242B2DE9F04786460C
S31508007720904601D8012B06D100F00CF91623036008
S315080077300020BDE8F0870D4635482A4615F8014B66
S31508007740065D16F00806F8D12D2C24D12C780126D2
S31508007750951C2BBB302C30D00A2306F1004C002296
S315080077600CF1FF3C1046BCFBF3F903FB19CAA4F164
S315080077703007092F28D83C46A34234DD571C07D0CA
S3150800778081452DD301D1A2452ADB00FB0340012206
S3150800779015F8014BEBE72B2C04BF2C78951CD8E782
S315080077A0102BDAD1302CD8D12A7802F0DF02582AE9
S315080077B0D3D16C7810230235CFE72B7803F0DF039B
S315080077C0582BF6D00823C8E7A4F14107192F01D88A
S315080077D0373CD1E7A4F16107192F04D8573CCBE70A
S315080077E04FF0FF32D4E7531C08D122236046CEF867
S315080077F00030B8F1000F9CD0691E06E006B1404281
S31508007800B8F1000F95D0002AF6D1C8F8001090E715
S3150800781025A3010813460A46014602480068FFF7F1
S315080078207BBF00BF183800202DE9F04386460D4679
S31508007830354E284615F8014B375D17F00807F8D17D
S315080078402D2C26D12C780127851C3BBB302C32D019
S315080078500A234FF0FF380026B8FBF3F803FB08F9B4
S3150800786030466FEA0909A4F1300CBCF1090F29D892
S315080078706446A34237DDB6F1FF3F07D080452FD3D4
S3150800788001D1A1452CDB00FB0340012615F8014B6D
S31508007890E9E72B2C04BF2C78851CD6E7102BD8D10A
S315080078A0302CD6D1287800F0DF005828D1D16C7852
S315080078B010230235CDE72B7803F0DF03582BF6D0DB
S315080078C00823C6E7A4F1410CBCF1190F01D8373CCF
S315080078D0CFE7A4F1610CBCF1190F04D8573CC8E7EF
S315080078E04FF0FF36D2E7731C06D122233046CEF876
S315080078F0003032B9BDE8F08307B14042002AF9D01A
S3150800790006B1691E1160F5E725A3010813460A4664
S31508007910014602480068FFF787BF00BF18380020F5
S3150800792038B50023064D0446084611462B6009F073
S3150800793046FF431C02D12B6803B1236038BD00BF44
S31508007940C4340020014B1868704700BF183800205F
S3150800795070B50D4D00260D4C641BA410A64209D126
S315080079600B4D00260B4C0FF0BBFD641BA410A64262
S3150800797005D170BD55F8043B01369847EEE755F832
S31508007980043B01369847F2E7803900208039002009
S3150800799080390020843900202DE9F04F904685B0C3
S315080079A089461E460D46454A02902B4615F8014B58
S315080079B0175D17F00807F8D12D2C41D12C7801272F
S315080079C09D1C002E41D1302C4CD00A2607F1004AC6
S315080079D007F1FF3BF31732460AF1FF3A584603937D
S315080079E05146FFF79FFB019200228E4684461146B8
S315080079F01046A4F13003092B05D9A4F14103192B2C
S31508007A0037D8A4F137039E423DDD541C15D0844572
S31508007A107EEB010234D38E4508BF844502D1019A14
S31508007A209A422DDB039A714300FB0211A6FB000262
S31508007A300A44181842EBE371012215F8014BD8E7FE
S31508007A402B2C04BF2C789D1CBBE7102EBED1302CE6
S31508007A50BCD12B7803F0DF03582BB7D16C781026EE
S31508007A600235B3E72B7803F0DF03582BF6D0082648
S31508007A70ACE7A4F16103192B05D8A4F15703C2E7B3
S31508007A804FF0FF32D9E7531C0AD12223029A5846EF
S31508007A9051461360B8F1000F0AD105B0BDE8F08F62
S31508007AA017B1404261EB4101B8F1000FF5D00AB1B8
S31508007AB005F1FF39C8F80090EFE700BF25A30108D4
S31508007AC013460A46014602480068FFF765BF00BF2D
S31508007AD018380020024B014618680AF021BD00BF7D
S31508007AE01838002038B50023054D044608462B6093
S31508007AF009F062FE431C02D12B6803B1236038BD2E
S31508007B00C434002038B50446064D084611460022FE
S31508007B102A601A4609F058FE431C02D12B6803B1A5
S31508007B20236038BDC434002038B50446064D0846DF
S31508007B30114600222A601A4609F048FE431C02D163
S31508007B402B6803B1236038BDC434002038B5044619
S31508007B50064D0846114600222A601A4609F044FED8
S31508007B60431C02D12B6803B1236038BDC4340020FE
S31508007B701A4A107870B353686BB330B4946834B348
S31508007B80174890F8222072B100211D781846013155
S31508007B9015B95D78954204D08C4203F11403F4D1EB
S31508007BA0002030BC7047194690F800C004EB8404E6
S31508007BB003E0A24201F11401F2D013F822000532C3
S31508007BC00128F6D14D6808466545F2D1E9E7204611
S31508007BD030BC704770471846704700BF400A0020FF
S31508007BE06838002010B50D4C237883B90C4B93F8F0
S31508007BF02220012A06D01A780A4B0E2053F8223082
S31508007C0013B910BD084B1B680020E36010BDFFF7D1
S31508007C10AFFF08B18368F7E7212010BD400A0020AE
S31508007C2068380020B83700207C820108002210B589
S31508007C3084B0CDE901220392A0B1B0F5803F034696
S31508007C400ED3B0F1807F2CBF202218220B4801A941
S31508007C50C06A8DF8042002930BF0EFF904B010BD4A
S31508007C601022F3E7054C01A9E06A0BF0E4F90028B5
S31508007C70F4D1029BA36004B010BD00BF6838002091
S31508007C8070B582B0002940D0244A05460E4601F058
S31508007C903FFC044610B1204602B070BD3146284666
S31508007CA00BF07EF94FF6FF73984203D0014628463B
S31508007CB001F0EEFD1A4E337C5BB34FF4C073194ADC
S31508007CC0CDE9002328464FF0FF324FF0FF330BF083
S31508007CD064F904460028DED128460BF09CF90328EF
S31508007CE0014612D028460AF0C6FE04460028D2D11C
S31508007CF02846B6F9121001F0E3FD04460028CAD159
S31508007D00284601F0F9FD7082C5E72124204602B015
S31508007D1070BD4FF0AB424FF4D973D1E7655E0108E9
S31508007D20683800206CC401002DE9F04184468E466F
S31508007D3004460D4690F82060C769BEE80F00ACE817
S31508007D400F00BEE80F00ACE80F009EE807008CE8BD
S31508007D500700E76195F820108CB0B1420BD0B9B98D
S31508007D6037B338460AF08EF96846FDF7B3F895F842
S31508007D7020600023E36184F82060E96921B1E069A5
S31508007D8010B1B2000AF058FF00200CB0BDE8F0812F
S31508007D90384689000AF0C5FA80466846FDF79AF81B
S31508007DA0B8F1000F06D0C4F81C8095F82060E2E709
S31508007DB03E46DEE71920E76184F82060E5E700BF64
S31508007DC02DE9F041144E8CB07368FBB1B2686F466A
S31508007DD0A2B100246F462546A0461A191069013536
S31508007DE040B10AF04FF93846FDF774F873681A1966
S31508007DF0C2F81080B2681434AA42EED818460AF0BF
S31508007E0041F93846FDF766F8002373600023B3602E
S31508007E1033700CB0BDE8F081400A00202DE9F0432C
S31508007E20614D01220021E86A89B00BF01CF8002098
S31508007E305E4CAA8F238BA988013B6361B4F87C301A
S31508007E402061134463676B882A8E8B42C4F88820A6
S31508007E5003D0E86A01F01CFD6988E86A01F018FD9C
S31508007E60278B002F6AD0A36FB3F5806F66D8EB7D9A
S31508007E70002B3FD14FF0000CAE8F95F84000B4F8B8
S31508007E807C9095F844E007F1FF3819464EB1F11891
S31508007E9089B21A4601339BB22244994282F88C0071
S31508007EA0F7D1C44517DB0B460CF1010C6745ECD13D
S31508007EB0298EE86AA9860BF012F90123B4F878200E
S31508007EC03B49E86A0BF0EDF8A36F984217D00120FA
S31508007ED009B0BDE8F083B9F1000FE4D009EB01035E
S31508007EE09BB20A46013189B222448B4282F88CE061
S31508007EF0F7D1D9E7AA690423C4F88C20BAE795F81C
S31508007F002120FAB12B4A276A95F8206005AB07CAE3
S31508007F1083E80700ADF81A7036B3721ED2B295F828
S31508007F204D108DF8162011B1D4F88C2462BB0022AE
S31508007F306988E86A00920AF09DFFC9E7212009B01E
S31508007F40BDE8F08395F84D3013B1D4F88C346BB98D
S31508007F50002201246988E86A05AB00920592ADF80B
S31508007F6018400AF085FFB3E70322D8E7EB68D4F890
S31508007F708C14009219440591E86A698805ABADF836
S31508007F8018200AF075FFA3E70022E968D4F88C44A4
S31508007F9000930C44E86A698803AB01920394ADF830
S31508007FA010200AF069FF93E768380020400A00208D
S31508007FB0CC0A002048A401083AB370B505460E4617
S31508007FC01446002101220AF04EFF3146284601F0E8
S31508007FD05FFC3146002228460AF050FF0B4B284624
S31508007FE05A6C00212260DA6C62605A6BA3F58043F2
S31508007FF0A260D3F81C21E260D3F83C310122236148
S31508008000A682BDE870400AF02EBF7047008001B80E
S315080080102DE9F04F8A428FB09DF860A0C0F0168116
S315080080201C46002B00F01281BAF1000F00F00E81F9
S31508008030A84E8B46F36A154630700093FFF7D2FDBB
S31508008040002840F00881A44FF9688A68B2F80E80C3
S31508008050B2F81090454507D3CB4505D8D84538BF63
S31508008060D846A94528BFA946C84500F2EF80F06A58
S31508008070FFF706FE0546002840F0ED80A9EB080349
S31508008080F862C7F89004C7E90900C7F894041FFA0C
S3150800809083FB924886F806A09A460BF101039BB229
S315080080A02022C0E90155C0E90355C0E9055529460E
S315080080B01C30B487A6F80280A6F804903B83019387
S315080080C00AF0AFFD00220098BA66002800F0CB80BF
S315080080D0019B002B00F0BA800AF079FFF8610028AE
S315080080E000F0B9807E49B6F84220B1FBF0F1013ABA
S315080080F00A44B2FBF1F214FA82FC01FB0CFC92B2C0
S31508008100BCF1270F019BC7F88010A7F87C2006D87A
S3150800811001F12704B4FBF1F4A41AA4B2B487B6F8A3
S3150800812046C0BCF1000F00F09B800CF1FF3C8C446C
S31508008130BCFBF1FC5FFA8CFC87F885C0B6F83EC03C
S31508008140A44504D30CF1010C1FFA8CF4B4871BFB6D
S3150800815002FB13FB04F3F27D1FFA8BFB1BFA83F376
S3150800816003EB8203B268BB67002A7ED097F8844087
S31508008170DFF870C1B6F84A200CFB04F40CFB02F2D7
S31508008180B2FBF0F2B4FBF0F496F84C00184401FB8D
S31508008190002222443A62B28F9A4257D80020F17DD3
S315080081A097F88540C4EB810402EB81015B1A99B20A
S315080081B0224461F30F00009C62F31F40C6E90C00DD
S315080081C020460AF08CFFF18E20460AF08AFF2046E8
S315080081D0B7F878100AF0DFFE3B8B002B36D0D7F8BD
S315080081E0980403EB4303DC00002865D021460AF017
S315080081F098F8064602A8FCF76DFE002E68D0C7F868
S3150800820098642246002130460AF00BFDC7F89C44C4
S315080082103C78002C3BD0FFF7ABFCE0B10169D1B14B
S315080082208289904512D3C3894B450FD3A8EB020820
S315080082301822304602FB08110AFB02220AF0FCFC4F
S315080082400122002100980AF00EFE00E021252846AA
S315080082500FB0BDE8F08F012528460FB0BDE8F08FB6
S315080082604FF0030C68E72225F1E702A90098CDE94B
S31508008270022204920AF0DFFE039B9DF80840B360D1
S31508008280F869BB6FD7F8801087F8844070E7009EBE
S31508008290D7F89824A3B2414603EB430308F1010833
S315080082A0304602EBC3021FFA88F8FFF785FEC14580
S315080082B004F10104ECD2C3E7204609F0D6FDC7F85D
S315080082C0980402A8FCF706FED7F89864002E98D101
S315080082D01925BCE768380020400A00206C0A0020EF
S315080082E000127A0040420F0030B5164D8DB095F851
S315080082F04D30CBB9144CD4F8980448B109F0C2FEF5
S315080083006846FCF7E7FD0023C4F89834C4F89C34A3
S31508008310FFF756FD00F044FF0C480AF0C6F80023A4
S3150800832084F8B0340DB030BD01220021E86A0AF0A5
S315080083309AFD054C0028DED185F84D0084F87000BA
S31508008340D9E700BF68380020400A0020E00E002068
S3150800835000232DE9F04F2DED028B1D469FEDC28AB5
S31508008360DFEDC28AC24C93B0C24F04F5AB6B04F57D
S31508008370986904F12C0804F597668DF817304FF0C4
S31508008380FF333146D4F820050DF117020EF091F9A6
S31508008390052384F8283594F8B83495B18BB94FF08D
S315080083A0080E4FF0040C4FF0FF3359469DF817207E
S315080083B0D4F8C00584F858E5C4F860C50EF045F948
S315080083C0DDE7072B00F22481DFE813F0ED009F00BC
S315080083D08700D40022012201420008000723012257
S315080083E00021F86A84F858350AF03DFD18B984F872
S315080083F0700087F84D000422002594F8B834C4F8B4
S315080084006005C4F8300584F82825032B71D194F843
S315080084102835994A02EB8303D8680121974A00F068
S31508008420D7FE94F82835002854D0032B00F00D8188
S315080084300022022BC4F8C425A1D197F84D301BB1F0
S315080084403B7C002B00F0FE800023C4F88C3496E7B2
S31508008450062397F84D5084F85835002D40F0E980EA
S315080084604FF0010A202229468548C4F89054A5628F
S31508008470C8E90255C8E90055C8E904556562C4F853
S315080084809454C8F818500AF0CCFB3B7C84ED1A8A41
S3150800849087F84DA084F870A0002B00F0198187F8A2
S315080084A04D5053465546C4F860550125C4F8303535
S315080084B084F828554FF0FF339DF817207149D4F8F2
S315080084C0C0050EF0C2F894F8B834022B40F0AD801F
S315080084D094F82835032BABD151E7022384F8583595
S315080084E0FFF79CFC012594F8B834C4F86005032B03
S315080084F001D0052BDED194F82835052B00F09180A4
S31508008500042B86D94FF0FF3087E70122D4F8901460
S31508008510A36C6162E16C84F858250B44216DA26D49
S315080085200B44616D0B441344E26D1344226E1344ED
S31508008530626E1344D4F89424A262D2187CD007EE53
S31508008540903A07EE102AF8EE677AB8EE477AC7EE41
S31508008550876A66EEA87A4C49D4F89C345C2201F501
S31508008560A960E366C4ED1A7A0AF066FB0023C4F82C
S31508008570BC359FE7D4F8C034D9E90221002B5ED078
S3150800858012F0806F02F0806000F09580E06A01309A
S31508008590E062C4F830353D4B00259A60D960022365
S315080085A084F82835A7E706A8FCF794FC4FF0000ADC
S315080085B0012294F8C03484F828A584F8303584F864
S315080085C058A5C4F83425C4F89025002B62D09342E8
S315080085D041D1DFF8BCC0DFF89CE084F86035BEE81E
S315080085E00F00ACE80F00BEE80F00ACE80F009EE8ED
S315080085F00700CDF80CA08CE80700C4F890A5039BEB
S3150800860006A8C4F83435FCF765FC94F8B8346EE768
S3150800861008222121052BC4F8601584F858257FF413
S3150800862049AF0023C4F8C435A9E6042B3FF450AF7C
S3150800863061E724252B4636E7F0EE487A8BE71A469B
S315080086401946A6E7FFF7EAFB99E6192855D000234D
S31508008650C4F8303593E621230822C4F8603584F837
S3150800866058250393CBE700BF000000000000C8426E
S31508008670400A00206838002048A40108680F002036
S31508008680880A0020980F0020580A0020700F002042
S31508008690A40F00208B4984F8603501F15000FFF7DC
S315080086A043FBC4F89005B0B394F8583563B9D4F8C9
S315080086B090350393A3E702F0805C5CEA000013D0D0
S315080086C0206B0130206364E7D4F86035039396E79E
S315080086D0FFF7A4FB554694F8B83484F828A5C4F8DF
S315080086E06005C4F8300590E602F0804050EA0C0CAC
S315080086F03ED0606B013060634BE7D4F83005002844
S315080087003FF43DAE09F0BEFC06A8FCF7E3FB0023E8
S31508008710C4F83035DCE66C496A48FFF705FBC4F84F
S315080087209005002840F09A8097F800A097F85030F6
S31508008730534526D0FFF756FAC4F89005002800F0EE
S315080087409780D4F890A56149A1F15000FFF7ECFA9B
S31508008750FFF748FABB79BA88798800933878BB8FCF
S31508008760FFF756FCB868FFF761FAC4F890A59BE7CF
S3150800877001F0020C50EA0C0059D0A06B0130A0633E
S3150800878007E7B7F852207B889A42D3D1B7F8542026
S31508008790BB889A42CED197F85620BB799A42C9D15E
S315080087A0BA6DBB689A42C5D197F860203B7C9A425D
S315080087B0C0D1B7F96220B7F912309A42BAD197F800
S315080087C064203B7D9A42B5D197F865207B7D9A4215
S315080087D0B0D197F86620BB7D9A42ABD197F867204F
S315080087E0FB7D9A42A6D1BA69BB6E9A42A2D197F886
S315080087F0703097F820209A429CD152B1F86E002822
S3150800880098D0F969002995D092000BF006F900284E
S3150800881090D197F8712097F821309A428AD197F823
S31508008820722097F822309A423FF43EAF82E701F071
S3150800883020005CEA000C17D101F4807C50EA0C0099
S315080088402DD003F00F00022803F0F00C2BD0BCF15A
S31508008850300F28D0206C013020649AE61B49A1F11C
S315080088605000FFF761FA1FE7E06B0130E06390E61E
S31508008870BB7950460093BA88BB8F7988FFF7C8FB47
S31508008880C4F8900500287FF45CAFB868FFF7CEF906
S315080088908246C4F8900500283FF406AF53E7606C9B
S315080088A00130606475E6FFF7B9FA94F8282594F85C
S315080088B0B834052A03D1032B3FF4B3AE19E60025D5
S315080088C015E600BF68380020040F0020B8380020DD
S315080088D010B5064C042104F594626820FCF700FBE9
S315080088E000F012FC012384F8B03410BD400A0020C1
S315080088F0002847D0244B30B51B680446B3FA83F3E7
S3150800890000220A2041F28831204D5B0962822274D6
S31508008910A28284F8212084F822308DB0E560A07503
S31508008920A162FAF73DFB0422E369A06184F82020DE
S31508008930D3B11021184609F0F4FC05466846FCF741
S31508008940C9FAE5B1E5614FF0FF332B6094F82020B2
S31508008950012A06D9013AD2B200219200281D0AF04E
S3150800896060F900200DB030BD102009F07EFA0346EC
S315080089706846E361FCF7AEFAE569002DE3D11920F4
S315080089800DB030BD01207047B8370020400D0300F8
S315080089902DE9F04F0546A9B09DF8C800BB4C0290DA
S315080089A01CA81F46039516460D46FCF793FA94F83D
S315080089B0B034002B67D0AE4259D3002F57D0029B54
S315080089C0002B54D04FF00009DFF80C834046FFF720
S315080089D08FFF08F15000FFF78BFFAD4B202207935E
S315080089E0AC4B494614A80D93CDE90899CDE90A99E7
S315080089F0CDE90E99CDE91099CDF83090CDF848908B
S31508008A000AF00FF94FF440622823CDE91823A24B48
S31508008A1068210A2007AA13930DF0D7FDC4F820058C
S31508008A2058B368210A200DAA0DF0CFFDC4F8C00579
S31508008A3018B34946994813AA0DF0FEFBE8B1984BBE
S31508008A404A46C8F83800974908F12C00C4F8303669
S31508008A5000F05EFC814638B9D8F82C0008F17C0194
S31508008A6000F094FC8146D0B1FFF73EFC01E04FF0E0
S31508008A702109484629B0BDE8F08F4FF0010948465C
S31508008A8029B0BDE8F08F042104F594626820FCF74C
S31508008A9027FA00F039FB012384F8B0348BE78249C2
S31508008AA0D8F82C0000F0BCFF81460028DCD17F49AD
S31508008AB0D8F82C0008F180020AF00BFB8146002842
S31508008AC0D2D17B4A7B49D8F82C000AF006FB8146AE
S31508008AD00028C9D17849D8F82C000AF0E0FA81466E
S31508008AE00028C1D1009003464FF480627349D8F834
S31508008AF02C000AF0D8FA81460028B5D17049D8F872
S31508008B002C000AF0CAFA81460028ADD10146D8F8E9
S31508008B102C000AF05AFA6B49D8F82C000AF039FAF0
S31508008B2081460028A0D16849D8F82C000AF01BFA1B
S31508008B308146002898D16549D8F82C0000F0FEFC3B
S31508008B408146002890D102224FF0FF31D8F82C0038
S31508008B500AF041FA8146002886D10121D8F82C006E
S31508008B6000F032FC814600287FF47EAFFFF728F933
S31508008B70574B4FF0000B1B68002B00F0FF80544B3F
S31508008B8005E00BF1010BBBF1410F00F0FB8053F838
S31508008B90042B002AF5D10BF1010303EB830204939E
S31508008BA092001046059209F060F960601CA8FCF76F
S31508008BB091F9D4F804A0BAF1000F00F0E68000217C
S31508008BC0059A50460AF02DF84FF48072AAF800204C
S31508008BD00022CAF804203F4A049B1268A3609168E1
S31508008BE0CAF80820D1F80E10CAF80C10BBF1000F0D
S31508008BF015D052464FF0010C4B463548A2F814C022
S31508008C0050F8041B9361D16189680133D1F80E10BD
S31508008C105B45116202F11402F0D1DAF80820049BD0
S31508008C204FF0140903EB830B3B464FEA8B0B374691
S31508008C30049556465D469A46CB46002A72D0F28976
S31508008C40B1898A426ED30132521A02EB42024FEAC6
S31508008C50C209484609F009F930611CA8FCF73AF937
S31508008C603069002863D000214A4609F0DAFFB16866
S31508008C70D8F82C00FFF704F800285BD1B6F80C905A
S31508008C80F2894A453FD34B4629E000BF400A0020F7
S31508008C9028A4010834A4010840A401085183000847
S31508008CA0AD5E010870100020070011009810002022
S31508008CB0EA380020D810002068A40108D81400203B
S31508008CC06CA4010870A4010874A40108D81800202F
S31508008CD0B83700207C82010868380020B389A9EBE0
S31508008CE0030332699BB203EB4303494602EBC30213
S31508008CF0D8F82C00FFF760F909F10109F3891FFA82
S31508008D0089F94B45EAD201220021D8F82C000AF04D
S31508008D10AAF85D4519D0636803EB0B06B2680BF138
S31508008D20140B8AE74FF02109FFF74AF89CE64FF043
S31508008D301909F9E7306909F0A5F91CA8FCF7CAF87A
S31508008D4000224FF001093261EEE7049D029B294695
S31508008D50012500933A46534603982570FFF758F9BC
S31508008D60814600287FF480AE00F0E6F981460028A7
S31508008D707FF47AAE1CA8FCF7ADF87AE60123142234
S31508008D8004930EE74FF021096EE64FF019096BE6DA
S31508008D9010B50C4882B0FFF7ABFDFEF723FF18B1FC
S31508008DA00346184602B010BD0624074BDB689B68CD
S31508008DB01A8AD98904230094FFF7EAFD0346184660
S31508008DC002B010BD68380020400A002030B583B0D4
S31508008DD0002848D00023044601A92548019309F034
S31508008DE004FB00283BD12346019904F120050870AD
S31508008DF0087201F10C02D3F800E0D3F804C09C68AD
S31508008E00D8681033AB42C2F800E0C2F804C09460D8
S31508008E10D06002F11002EED11C6858689B68146095
S31508008E20144C936050604FF0FF330022D4F82005AD
S31508008E300DF00BFC4FF0FF330199D4F8C00504F68A
S31508008E40B4620DF036FC01990B7833B18C6808488A
S31508008E5009F0E4FA204603B030BD8C6BF7E7192415
S31508008E60204603B030BD2124204603B030BD00BFE4
S31508008E70E00E0020400A002070B582B000284BD0D2
S31508008E800023274D044601A905F59460019309F0CE
S31508008E90ACFA024600283BD1012601994FF0FF3370
S31508008EA008700E72D5F820050DF0CFFB4FF0FF3392
S31508008EB00199D5F8C00505F6B4620DF0FAFB0199DB
S31508008EC00B781BBB8D6BDDB9204601F10C0301F154
S31508008ED02C06D3F800E0D3F804C09C68DA6810338F
S31508008EE0B342C0F800E0C0F804C08460C26000F174
S31508008EF01000EED11C685A689B6804604260836063
S31508008F00084809F08BFA284602B070BD8D68DAE782
S31508008F101925284602B070BD2125284602B070BD25
S31508008F20400A0020E00E002070B582B0002834D038
S31508008F3000231C4D044601A905F59460019309F028
S31508008F4054FA024628BB01260199D5F820050E7069
S31508008F504FF0FF330DF079FBD5F8C00505F6B4627E
S31508008F604FF0FF3301990DF0A4FB019E3378012BD6
S31508008F700CBF756EB5682DB95C22204606F108014E
S31508008F8009F05AFE3146084809F048FA284602B060
S31508008F9070BD1925284602B070BD2125284602B0A5
S31508008FA070BD00BF400A0020E00E0020034630B125
S31508008FB04FF400710122002019809A707047222010
S31508008FC0704700BF10B5194B82B01B7C4BBB184CC1
S31508008FD001A904F59460019309F007FA0246E0B97D
S31508008FE04FF0020C01994FF0FF3381F800C0D4F816
S31508008FF020050DF02AFB04F6B4624FF0FF33019901
S31508009000D4F8C0050DF055FB019904F594608C68F9
S3150800901009F004FA204602B010BD1924204602B011
S3150800902010BD2424204602B010BD00BF68380020B9
S31508009030400A0020002310B5154C82B001A904F59A
S315080090409460019309F0D1F9E8B94FF0060C01993B
S31508009050024681F800C04FF0FF33D4F820050DF022
S31508009060F4FA04F6B4624FF0FF330199D4F8C00558
S315080090700DF01FFB019904F594608C6809F0CEF990
S31508009080204602B010BD1924204602B010BD00BF0C
S31508009090400A0020002310B5154C82B001A904F53A
S315080090A09460019309F0A1F9E8B94FF0070C01990A
S315080090B0024681F800C04FF0FF33D4F820050DF0C2
S315080090C0C4FA04F6B4624FF0FF330199D4F8C00528
S315080090D00DF0EFFA019904F594608C6809F09EF991
S315080090E0204602B010BD1924204602B010BD00BFAC
S315080090F0400A0020704700BF014610B1014809F038
S315080091008DB97047C834002010B50A213020084AA6
S31508009110FBF7E6FE044608B1204610BD054807F0F1
S31508009120BAFD04460028F7D0014809F0BEF9F3E76E
S31508009130C8340020D834002038B5174D2B7DDBB94C
S31508009140286948B10521154AF7F7CCFD0446B0B998
S3150800915001232B75204638BD2A460A213020FBF705
S31508009160BFFE04460028F5D105F1100007F093FD6F
S31508009170044660B92869E5E71224204638BD2869FF
S3150800918007F09AFD044809F090F9204638BD2846AC
S3150800919009F08BF9DEE700BFC8340020F990000813
S315080091A010B50A4C237D53B9206930B107F084FD08
S315080091B000230648236109F078F9002010BD2069CC
S315080091C0F7F7BCFD00232375EEE700BFC83400207F
S315080091D02DE9F04182B0002A3AD0204F3B7D93B367
S315080091E006468846384601A9144609F0FEF805469B
S315080091F018B1284602B0BDE8F081019BA4461C467A
S315080092000CF1300EDCF80050DCF80400DCF808102D
S31508009210DCF80C200CF1100CF44525606060A160A8
S31508009220E26004F11004EDD142463146386907F090
S3150800923024FD05460028DCD001990029D9D0074825
S3150800924009F0ECF8D5E71125284602B0BDE8F0810B
S315080092502225284602B0BDE8F08100BFC8340020A8
S315080092601046044A1368591E033102D800211160BA
S3150800927018477047EC380020034B1868034B002842
S3150800928008BF1846704700BFE0340020A0A40108B4
S31508009290014809F063BF00BFE834002013B50B4C42
S315080092A00229226005D10A4809F058FF002002B0B9
S315080092B010BD0A4600930146064B054809F02FFFE4
S315080092C0003818BF01204000F1E700BFEC38002045
S315080092D0E834002061920008014809F050BF00BF39
S315080092E0E83400200021014809F06BBFE83400206B
S315080092F008B5064B1B68013305D0FFF7EDFF80F074
S315080093000100C0B208BD0020FCE700BFEC38002011
S315080093102DE9F843DFF860900646D9F8008008463C
S315080093201746B8F1000F03D00E242046BDE8F8838F
S3150800933006B3336801331DD1E1B100F06BF8054679
S315080093400028F1D0C9F8000000F0D0F8284609F046
S31508009350B7FD044640B14046C9F8008000F0C6F89B
S31508009360284609F0A5FDE0E73560002FDDD0284640
S31508009370B847DAE72124D8E7E4340020024B186816
S31508009380003818BF01207047E434002038B50C4671
S3150800939001F068FDA3780B4A13705A1E55425541D1
S315080093A0A8420CD0012B04D02846BDE8384001F06D
S315080093B03BBD204601F00AFD0028F5D038BD002047
S315080093C0FCE700BF5237002010B5FFF755FF0D4BDD
S315080093D00C461A1A534253418B4201D1002010BD44
S315080093E0094B1B683BB9094A064B002C08BF1346B4
S315080093F0074A1360F2E709F094FF0028F3D0022029
S31508009400EDE700BF78A40108E4340020A0A4010811
S31508009410E0340020F8B504460DF035FF002607466F
S315080094200E4B1B6893B19E68AEB196F82420D207FE
S3150800943011D435460FCC0FC50FCC0FC523682B604A
S3150800944096F8243043F0010386F8243038460DF0A8
S3150800945015FF3046F8BD1B68E4E700BFFC3800205E
S31508009460431E033306D8044B984228BF184664287F
S3150800947038BF6420704700BF40420F0038B5184B0C
S3150800948005461B680C4603B1984744B1236833B1B7
S315080094901B68013303D0E3680BB1A36843B90AF02C
S315080094A0D5F900209122412100F0C4FA212038BDC7
S315080094B0204602F073FF00230A4A85F84831C5E9B9
S315080094C03A4313605360636943B1074A42211068FF
S315080094D0B322C31A5842584100F0ACFA0020E6E716
S315080094E03C350020F03800207835002010B50446B9
S315080094F018B9054B054A136010BD00F081FDD4F874
S31508009500F430002BF6D1F4E79F2F0108003900202C
S31508009510084B10B4002A14BF14461C46064B1C60A0
S3150800952019B15DF8044B09F047BD08465DF8044BD0
S31508009530704700BF9F2F01080039002008B5024672
S315080095400868FFF78DFF08604868FFF789FF4860DD
S315080095508868FFF785FF8860C868FFF781FF0B6991
S31508009560C860581C03D00B48834228BF03460B61CA
S315080095704B69581C03D00748834228BF03468869AD
S315080095804B61FFF76DFFBDE808408861104601F0A2
S31508009590ADBB00BF40420F00D0F8EC302DE9F041DA
S315080095A005460C4613B1038E8B424CD0D5F8E830ED
S315080095B0002B4BD09E68002E48D0D868002845D08E
S315080095C0013800B200281ADB002106E0128A591C6D
S315080095D0A24217D209B2884211DB0B1803EBD373E8
S315080095E05B1003EBC30206EB8202B2F80EC003F16E
S315080095F0FF3EA445EAD90FFA8EF08842EDDA21201B
S31508009600BDE8F0814FF6FF7299B29142F7D09BB24E
S3150800961003EBC30306EB83062846B6F9122095F832
S315080096203C11D5F8FC8009F032FA0746B8F1000F6C
S3150800963004D00023324628461946C0472C86C5F86A
S31508009640EC6085F845710020BDE8F0810E20BDE884
S31508009650F08100BF2DE9F04782B004460F46164652
S3150800966001F006FC002840F09C80654D2B68D4F874
S31508009670E890D4F8EC8013B14B4500F09F804FF08A
S31508009680000AAF6002F0AAF90128074604D00121B2
S315080096900022084609F04FFC20460AF05AF800282E
S315080096A058D12B68D9F80010D8F800201BB11868D3
S315080096B0884200F0908020460AF03FF8BAF1000F81
S315080096C011D086B9204601F00FFF0546D4F8983028
S315080096D0002B38D1012F02D0002D66D1002528464F
S315080096E002B0BDE8F087474BC5F800901A78C5F870
S315080096F004808DF80760002A3BD1D4F8FC50002D71
S3150800970071D0114620460DF10703A847204601F0FF
S31508009710EBFE0546BAF1000F40D1B5FA85F040F2E6
S3150800972005423321400900F085F93146204602F00A
S3150800973059F8354B05461B68414620469847D4F8E4
S315080097409830002BC6D000224FF40073204600F054
S3150800975067FCBFE794F825309A07A2D5D4F8A0305D
S315080097605B059ED5294B0122002120461B68984798
S3150800977097E7D4F8EC30B4F9481023B1B3F91230AE
S315080097809942A8BF19463246204601F001FE2046F6
S3150800979001F0AAFE0546BAF1000FBED0002EBCD1D4
S315080097A094E70023164D6B6060E7194B00215B6850
S315080097B003209847284602B0BDE8F0876B68002B5F
S315080097C03FF45DAF43457FF45AAFAB689F4285D0FF
S315080097D04FF0010A55E7696819B1096891423FF4E3
S315080097E06DAF596867E794F82A1094F84531324600
S315080097F0994228BF1946204601F098FD86E700BF22
S31508009800F038002080820108003900204035002009
S3150800981008390020F8B50F4605460DF034FD3946DF
S3150800982006462846FFF7B8FE044620B130460DF036
S3150800983025FD2046F8BD02F0B1F8224639462846ED
S31508009840FFF708FF04460028F0D1284609F081FFF3
S315080098500028EBD095F8253013F002030DD0D5F883
S31508009860A0305B050DD5B5F83631BB420BD0B5F83F
S315080098703831DB1BB3FA83F35B09044A82F8F43008
S31508009880D4E72346F9E70123F7E700BF003E00B017
S3150800989070B504460E460DF0F6FC314605462046E0
S315080098A0FFF7B8FF044620B9044B01465B6803205E
S315080098B0984728460DF0E2FC204670BD083900207E
S315080098C070B5044600200D4609F0C2FF094B1B7807
S315080098D04BB9D4F8FC6036B129462046B446BDE8F3
S315080098E070401A46604729462046BDE8704009F090
S315080098F009BF00BF8082010813B56946044609F00E
S31508009900AAFB0C4B1B783BB19DF800300C2B03D0FF
S31508009910B4F94E0002B010BD204609F02DFDFF280F
S31508009920024605D020469DF80010FCF7B5F8F1E789
S315080099300148EFE7808201080080FFFF30B4064D3A
S31508009940BDF908402D781DB1029430BC09F0DDBE82
S315080099500E2030BC704700BF5B370020F0B50746C5
S315080099600E46154685B00AB9D0F8985029463846A5
S3150800997009F081FBEB0702D5384605F067F902F0D6
S3150800998063FAEC46254B04460FCB05F480358CE884
S315080099900F00002E2ED0FF2C0DD13368009373686C
S315080099A0019385B1009B01332ED122466146384684
S315080099B009F066FA0CE056F8242004AB03EB84039E
S315080099C043F8102CD5B922466146384609F0D3FE2D
S315080099D070B96EB1FF2C0FBF009B04AB03EB840379
S315080099E053F8103C05BF3360019B46F8243073607A
S315080099F005B0F0BD002DE6D0FF2CD3D004AB03EBA9
S31508009A00840353F8103C00E0019B0133CDD0224675
S31508009A106146384602F0B2F9DAE700BFD4A4010875
S31508009A2008B50B460249194009F017FB002008BD86
S31508009A300700110010B550B90548064B01600648E5
S31508009A4002601868054B18601868FFF753FB10BDCD
S31508009A5004390020E43400200435002000350020B5
S31508009A60054B1B680BB918467047834201D01B6922
S31508009A70F8E70120704700BF0C350020094A136833
S31508009A800BB918467047834207D11B69012013603A
S31508009A90054A1368013B1360704703F110021B69FE
S31508009AA0EEE700BF0C350020083500202DE9F74FFA
S31508009AB006460DF0F1FBDFF82881012398F800B07F
S31508009AC0DFF820910190BBF1000F06D089F800302D
S31508009AD003B0BDE8F04F0DF0DABB3F4F88F8003011
S31508009AE089F800B009F0A1FB08B109F09CFB3D68B4
S31508009AF03A495DB9DFF8F0A0DAF800200024AA4256
S31508009B003B682ED84FF0FF3134483AE06B7D8BB175
S31508009B102B68B34202D09A1B8A420BD96A6813444F
S31508009B202B60AB68003A18BF0122003B18BF01231F
S31508009B306A75AB752D69DCE7907D20B1107D88428A
S31508009B409CBF014614461269002AF5D1002CD9D0CB
S31508009B5094E80B00A275411AE26820469847013539
S31508009B60CAE71A46FF21EFE75A7D4AB11A68B24298
S31508009B7024D0921B824221D8914201D311461C4619
S31508009B801B69002BF0D15CB12046FFF777FF38B18F
S31508009B903B683C602361DAF800300133CAF80030CC
S31508009BA03B685A7D6AB909F03CFB064699F80030CD
S31508009BB0002B95D1019888F8003089E71C460021CA
S31508009BC0DEE7186800F0D2F8044609F02AFB0646D4
S31508009BD0002C85D1EAE700BF0C350020FCFFFFBF4B
S31508009BE054370020533700200835002038B505467D
S31508009BF008B31822002109F014F80DF04DFB0246AF
S31508009C002846FFF72DFF20B110460DF040FB022035
S31508009C1038BD0A4B1C6854B909491D600B681046C3
S31508009C2001332C610B600DF032FB2046F0E704F19E
S31508009C3010032469EFE72120EAE700BF0C3500206E
S31508009C400835002038B50446FFF70AFF0DF024FB57
S31508009C5005462046FFF704FF637D23B928460DF025
S31508009C6016FB0E2038BD00236375064B1B68A342FE
S31508009C7003D109F0D6FAFFF719FF28460DF007FBBE
S31508009C800020EFE70C3500202DE9F84FDDF8289085
S31508009C90984604460D469246FFF7E2FEDDF830B0D8
S31508009CA00DF0FAFA074609F0BCFA06462046FFF711
S31508009CB0D7FE637D23B12046FFF7C4FF0023A375B3
S31508009CC0BAF1010F21D175B9B8F1000F1FD1B9F159
S31508009CD0000F03D05A4631462046C84738460DF08D
S31508009CE0D6FA002017E035440C4BAA1B9A420ED828
S31508009CF0012363759DF82C30304684E820032375CC
S31508009D00C4F80CB0FFF7D2FEE8E7AE42ECD138460D
S31508009D100DF0BDFA2120BDE8F88F00BFFCFFFFBF9C
S31508009D202DE9F04107468846FFF79AFE0DF0B4FA8A
S31508009D303D68064609F075FA7B7D7BB185420DD0F4
S31508009D40094B2C1A9C4209D830460DF0A0FAB8F1F6
S31508009D50010F08BF25462846BDE8F08130460DF0BC
S31508009D6096FA0025F7E700BFFCFFFFBF0023024A6B
S31508009D70194600F02FBB00BFED31010838B5094B75
S31508009D805A68094B9A420AD10DF07DFA054606F043
S31508009D90F1FD044628460DF071FA204638BD002428
S31508009DA0FBE700BF0839002051320108024BD8688A
S31508009DB0C0F30360704700BF000002B810B5054C39
S31508009DC0237823B104F088FA0020207010BD0E20F5
S31508009DD0FCE700BF5737002008B504F04BFA01220C
S31508009DE0014B00201A7008BD573700202DE9FF47A0
S31508009DF08F7880460F2F0D4603D9212004B0BDE881
S31508009E00F08727B901224A4B1A700020F6E70E7828
S31508009E104C7826BB002CF0D1E88803F029F9C30951
S31508009E2043EA4163C01A61EBD11103F053F9FF28E5
S31508009E308146E2D056EA0403A888DFF80CA113D0BD
S31508009E4003F0BAF94FF60403BAF8002001469A421D
S31508009E5068D1B442234638BF3346002431E0082E81
S31508009E60CBD8082CC9D8D7E703F0A6F94FF60403D0
S31508009E70BAF8002001469A4208D12E4B1B6E9BB2B7
S31508009E80934208BF4FF60503AAF80030B1F5803FA4
S31508009E90284B0FD902221A668022C3F8802008238D
S31508009EA001241E4649084FF6FF720139914228BF20
S31508009EB0114608E0012480221C66C3F88020082386
S31508009EC01E460029EFD1002202920122013FFFB26D
S31508009ED000920197324608F5827002F0FFFF1CB126
S31508009EE04FF48012144B5A6595F90310484603F04F
S31508009EF00DF90221114BAA681A600D4B197098F8D2
S31508009F002E30013B8B4280D8032301200C4AC2F82D
S31508009F1050320C4BC3F85002C2F864120422C3F83C
S31508009F20642272E703480266AAF8003091E700BF88
S31508009F305537002000C001B800D001B81C350020F4
S31508009F40006001B8005001B868390020F8B5044629
S31508009F500F4616460DF097F90546A047044620B168
S31508009F6028460DF08BF92046F8BD06F0E1F90422E3
S31508009F700549D1F8083F23EA07033343C1F8083FE8
S31508009F80024B5A64ECE700BF003000B0002002B86C
S31508009F9000F01803182B0BD003070BD440F201135B
S31508009FA010F0100018BF1846034BC3F8940070470A
S31508009FB00020F9E70120F7E7003F00B070B5044636
S31508009FC0D0B10E4B007BD3F8FC60D3E940230028C0
S31508009FD00CBF1046184604F0FFFF0623A371237B27
S31508009FE00546206033B9701C04F0F6FF2D1A0020D0
S31508009FF0A56070BD0025FAE72120FAE7003E00B00B
S3150800A00038B10368044A002B08BF1346034A136095
S3150800A0107047014BFAE700BF593201081C39002086
S3150800A02010B4D0E9584122400B4052EA030104D04B
S3150800A03003495DF8044B096808475DF8044B704707
S3150800A0401C3900200F2938B505460C4610D801F0F2
S3150800A050C5FC01280ED1084A2846D2F8803023F0DC
S3150800A0600F032343C2F8803009F076FB002038BD81
S3150800A0702120FCE70220FAE7003F00B008B50E4BA6
S3150800A0805A6C12F0A00F01D0002008BD9B6C5B072C
S3150800A0900FD40A4BD3F8083F23F07F4323F0FF037E
S3150800A0A03BB1FFF783FE0928EED00C3818BF012014
S3150800A0B0EBE70120E9E700BF000002B8003000B076
S3150800A0C0074A084B30B10221C2F864120422C3F8C9
S3150800A0D0642270470421C2F864120222F7E700BF1F
S3150800A0E0006001B8005001B870B50D46064620B9A3
S3150800A0F01A4B1B68CBB10E2016E001F06FFC012845
S3150800A1002AD1174BD6F8F00093F9004009F0C3FAA4
S3150800A110C4F11C04241A641BC4F12B03002BB8BF1A
S3150800A1205B42232B0CDD212070BD01F10F03002BB0
S3150800A130B8BF5B42232BF6DC094B19700020F3E706
S3150800A14086F828500DF09FF8054660B201F020F811
S3150800A15028460DF093F8F1E70220E5E7E4340020FD
S3150800A1605637002010B501F0D7FB04F045FD0DF079
S3150800A1708AF80A4A0121D2F8D83E044623F0200379
S3150800A180C2F8D83E0222064B08469A60054B5B6821
S3150800A190984720460DF072F8002010BD003000B038
S3150800A1A0001002B80839002070B5A6B00446182277
S3150800A1B0002108A808F035FD002104AE102230461B
S3150800A1C001910291039108F02CFD601E444C03286E
S3150800A1D07CD8DFE800F0440230784FF40013E364DB
S3150800A1E003F0D4FE4FF060523E4BDA644FF0C15391
S3150800A1F00422E3643C4BC3F88C203B4A936F23F05C
S3150800A200060343F0040393674FF48022374B9A649E
S3150800A2104FF0805203F5E0331A6504F0A5FF40B10C
S3150800A2204FF48073324AC2F81431A2F58052C2F84C
S3150800A230183126B070BD2F4D19AC0FCD0FC40FCDF8
S3150800A2400FC40FCD0FC42B682C2200210EA8236043
S3150800A25008F0E7FC07238DF83830022313E0264D73
S3150800A26019AC0FCD0FC40FCD0FC40FCD0FC42B687B
S3150800A2702C2200210EA8236008F0D3FC07238DF8B2
S3150800A28038304FF400734FF400120F93144BDA640E
S3150800A2901A4B08221A930023CDE90423ADF8663039
S3150800A2A02093069319AB08930EAB099301ABCDE93E
S3150800A2B00A3603F06BFE08A803F0A0FB03F0D0FDF6
S3150800A2C003F0C6FD99E70E4D19ACB6E740F6CB127A
S3150800A2D00B210020FFF7AEFB4FF40013E364D7E72A
S3150800A2E0005001B8006001B8004000B8005000B83E
S3150800A2F0002000BA0CA5010840A50108800000BA94
S3150800A30074A5010810B5044603F040FE0022114B5F
S3150800A310C3F88C204FF0605203F59033DA6402F0EC
S3150800A32011FB0D4B1B7813B106220C4B9A674FF0A5
S3150800A33080520B4B1A65D4F8A01094F8270003F046
S3150800A3402BFB4FF48072074BC3F81821C3F814216E
S3150800A35010BD00BF004000B858370020006000B8A4
S3150800A360002002B8002000BA08B508F076FF80225F
S3150800A370024BC3F89000024B1A6108BD003F00B0BB
S3150800A380000002B8014B1868704700BF2835002046
S3150800A39037B50CF078FF0123002200240093002330
S3150800A3A0054619461046019405F0C2FD052002F03F
S3150800A3B05BFC064B21461C60054B02205B689847F0
S3150800A3C028460CF05BFF204603B030BD3035002030
S3150800A3D0083900202DE9FF4102290D461646984600
S3150800A3E0039004D1FFF7D4FF04B0BDE8F0810CF068
S3150800A3F04AFF1E4F04463B683BB1B34205D00CF0FA
S3150800A4003DFF002321203B60EEE7194B0022C3F8ED
S3150800A41000803E60002301264FF0000810461946CA
S3150800A4200196009605F084FD124B052083F80080FE
S3150800A43002F01AFC43462A46052003A902F032FC1C
S3150800A4400D4B039A1A6008B92046D8E70B4D2B68BE
S3150800A4509847212804D020460CF010FF0020C3E7B7
S3150800A46031466B6802209847F5E700BF3035002073
S3150800A4702C350020593700202835002008390020BF
S3150800A480044B5B6E9B044EBF0120034B187800F00B
S3150800A4900100704700C001B8593700200A78022A1F
S3150800A4A011D0101F4242424152004B781201022B32
S3150800A4B00BD0191F4B424B415B000549054842EA40
S3150800A4C08312FFF743BD0122EFE70123F5E700BF3B
S3150800A4D0F0FFFF0025BA00080B78022B10D0181FD2
S3150800A4E0434243415B004A78022A0BD0111F4A4275
S3150800A4F04A4152000F21044843EA8202FFF726BD6B
S3150800A5000123F0E70122F5E751BA0008D0F8B03088
S3150800A51010B5994204460ED0C0F8B01002F058F8AB
S3150800A5200649A4F840010123054AD1F8FC1004F5B0
S3150800A530827004F0EDFC002010BD00BF004F00B093
S3150800A540A43F00B02DE9F74F04460F4615461E46B0
S3150800A550FFF794FD38B3A38A2BB3204608F0C3FD52
S3150800A56078B9774BD3F8082F1EB10E2003B0BDE893
S3150800A570F08F02F03003102BF7D002F0C002402A09
S3150800A580F3D0DFF8E48104F037FBD8F81430DA07A3
S3150800A590EBD50CF078FE0646032002F071FC20B1DC
S3150800A5A030460CF06BFE0220E0E7D8F8142012F0D3
S3150800A5B0060BF5D130460CF061FE614B4FF4006195
S3150800A5C02046D3F808AFD3F8E09E06F017F858B13E
S3150800A5D04FF4007801215B4E5A460846C6F8448077
S3150800A5E008F0A9FCC6F8448094F825309B0707D5DF
S3150800A5F0D4F8A0305E0542BF4FF40022524B5A648D
S3150800A60039462046FFF706F94D4BC3F808AFC3F89D
S3150800A610E09E0028AAD194F82430980601D4002D8B
S3150800A6204ED0C5F3400004F067FE022315F4807F80
S3150800A6301FBF454A002153644FF03A420BBF414AB7
S3150800A64091615364536305F073FE4FF4806315F00C
S3150800A650040F14BF3D4A3E4A3A4E13650423284662
S3150800A6607364FFF795FC204608F08EFE38B14FF468
S3150800A670807315F0010F16BF334A73645364A90635
S3150800A68047D54FF6FF72B4F8423093420FD0314A9D
S3150800A6903149526F100CC2F301120132B3FBF2F3C7
S3150800A6A008802A4A2A492D481B0448675367003DF3
S3150800A6B018BF012594F8243065F3451384F824302F
S3150800A6C0204609F046F8F0B1204608F05DFED0B104
S3150800A6D04FF40031204605F091FF431C03229BB23C
S3150800A6E01F4801A909F0A9F89DF8042002F00703FC
S3150800A6F0052B9DF8053015D112070DD443F4807348
S3150800A700184AC2F8E830002003B0BDE8F04F09F057
S3150800A7109FB801F023F9CAE713F0040F09D19DF891
S3150800A7200630EBE703F03002202A05D113F0010FBB
S3150800A730F4E74FF48073E3E79DF80630E0E700BFDF
S3150800A740003000B0002002B8001002B8005001B86E
S3150800A750006001B8004001B86A3900200000FFFF18
S3150800A7600C0000BA003E00B000C001B82DE9F34164
S3150800A7700646884615461F460CF085FD0446032006
S3150800A78002F07EFB38B120460CF078FD0E242046F8
S3150800A79002B0BDE8F081042002F072FB0028F2D175
S3150800A7A020460CF06BFD01232A4641463046FFF74A
S3150800A7B0C9FE04460028EAD1DFF8C88077B188F8D0
S3150800A7C0000039463046FFF711FB00284CD198F8AF
S3150800A7D00030012B08D104F025FDD8E798F80030A1
S3150800A7E0002BF4D12124D2E72022204B01205A64E1
S3150800A7F01F4BD3F89030B3F5817F22BF80221D4BC3
S3150800A8001A6109F040F80CF03EFD1B4B06461B6822
S3150800A81001935BB902F0B4FB15F0800518D101204D
S3150800A82002F00AFC284604F0E7FC17E0042002F0D0
S3150800A8301BFA00230122042001A902F033FA00289A
S3150800A840E8D104F093FD212430460CF017FD9EE76D
S3150800A85000220A4B01209A6702F0EEFB084B012101
S3150800A8605B6800209847EFE7044690E7001002B8B7
S3150800A870003F00B0000002B81C35002000C001B837
S3150800A8800839002055370020084B10B51A6D986F07
S3150800A890DC6F012302F01F0201329340013B18408E
S3150800A8A0234048600A7000208B6010BD004001B844
S3150800A8B0F8B507460D4614468BB108F03CFF294605
S3150800A8C03846BE8A01F05EF9B44228BF3446A4B2BF
S3150800A8D022462946044801F021FB2046F8BD08F027
S3150800A8E016FE0646F0E700BF0C0000BA082310B1B2
S3150800A8F0024A53647047024AFBE700BF001002B8D9
S3150800A900002002B82DE9F743DDF828800746894676
S3150800A91016461D460CF0B7FC0446032002F0B0FAB2
S3150800A92038B120460CF0AAFC0E24204603B0BDE838
S3150800A930F083534B20465B6913F0060FF2D10CF0F7
S3150800A9409DFC0123324649463846FFF7FBFD04467F
S3150800A9500028EAD1002D7FD0B8F1000F7CD0DFF8AF
S3150800A9603C91D9F80030002B47DB04224FF43451D0
S3150800A970D9F8000006F08BFAD0220021D9F8000099
S3150800A98006F08AFA4FF480723D4B414638469A657E
S3150800A990FFF72CFA04460028C7D13A4B1B78012B3F
S3150800A9A05AD02022384B01205A64384BD3F89030BD
S3150800A9B0B3F5817F22BF8022354B1A6108F063FF09
S3150800A9C00CF061FC334A8046136813B329682C7966
S3150800A9D00B4413600193E3B1042002F045F9002308
S3150800A9E02246042001A902F05DF990B904F0BEFCE4
S3150800A9F0212440460CF042FC97E701213B20F7F75B
S3150800AA009BF82046F8F780FA0028C9F80000ACDA67
S3150800AA108AE702F0B5FA16F080001FD00022184B1C
S3150800AA209A676879431E58425841FFF75FFF2A79AB
S3150800AA302B68012AD7F8141101D18B4211D35B1A5E
S3150800AA4001930320082301A902F02CF958B904F050
S3150800AA508DFC40460CF012FC212466E704F0CCFB82
S3150800AA60DFE70023ECE70C4D2B68984721280446BE
S3150800AA70BFD1012100206B6898470024B9E700BFC1
S3150800AA8000C001B855370020001002B8003F00B0DA
S3150800AA90000002B81C3500200839002010390020B3
S3150800AAA0054A12681AB190F82A1119B910470846CA
S3150800AAB002F0CCBE014870471435002000FEFFFFA7
S3150800AAC0394B2DE9F3471C6801F4007900F00103BE
S3150800AAD0174653EA090206460D463FD04FF00008CE
S3150800AAE08BB30023002201200021CDF80480CDF885
S3150800AAF0008005F01DFA41462046FFF7D1FF0122E6
S3150800AB004FF0FF3A41466086DFF8B080104608F0FD
S3150800AB1012FAD4F8A01094F8270002F03DFFD8F8EE
S3150800AB20000000F06DFAC8F800A0DFF89480D8F8A5
S3150800AB30000000F073FA94F82430C8F800A043F037
S3150800AB40040384F82430B9F1000F07D00121204608
S3150800AB5008F04CFF25F4007506430D432B46324694
S3150800AB602046FFF75DFAFB070FD51049104A08681B
S3150800AB7000211368116001210E4A117003B198472C
S3150800AB800D4B002102205B68984717F00E0F08D07E
S3150800AB9040F2C7123B21002002B0BDE8F047FEF79D
S3150800ABA049BF02B0BDE8F087E43400202C35002008
S3150800ABB03035002059370020083900201839002080
S3150800ABC01439002008B558220021064808F029F84B
S3150800ABD01022FF21044808F024F805F019FD00208A
S3150800ABE008BD00BF0C3F00B0503F00B073B5314AF6
S3150800ABF03149137809784FF0FF350B4386211370D6
S3150800AC00A0F820116F228221C0F80C21C0E9441255
S3150800AC106422C0E9462240F2FF320C2382854FF4B3
S3150800AC200042002680F83C314FF6FF730446A0F830
S3150800AC304820224A0386026400F154020265204A2B
S3150800AC40C3844263C0F8B0504585856380F82860A0
S3150800AC5004F094FA2046FFF7B5FF0122194B204667
S3150800AC60C3F8382294F92810FFF73EFA6023164AEB
S3150800AC7041F6FF71D3644FF03A4211631167134AE4
S3150800AC802946D3644022124B20465A64D4F8A020A1
S3150800AC9008F03BFB0E2300220193009340F20223A7
S3150800ACA01046194605F044F901F02EFC304602B06C
S3150800ACB070BD00BF5B370020808201080700FFFFD8
S3150800ACC0FFFF4000005001B8004000B8005000B82F
S3150800ACD0002002B8044BD3F8083F13F0806F14BF66
S3150800ACE023200020704700BF003000B00246F8B5A8
S3150800ACF0B0F8404100F58275FFF7ECFF0B688E68E7
S3150800AD00013304BFD2F80C310B604B68013304BF22
S3150800AD10D2F818314B60771C3FD1D2F81431CF687E
S3150800AD208B607E1C40D1D2F810610F69CE60013766
S3150800AD3004BFD2F804710F614F69013704BFD2F816
S3150800AD4008714F618F69013704BFD2F81C718F6192
S3150800AD508F6987BBC0F1640408688C6110B16F28DD
S3150800AD6038BF6F20C2F814314B68C2F80C01C2F81C
S3150800AD7018310B692846C2F804314B691149C2F8E3
S3150800AD801061C2F81C41C2F80831D1F8FC1007233B
S3150800AD900D4A04F0BDF80020F8BD04F16F031B1A34
S3150800ADA0B34238BF3346BAE704F18606361ABE42BE
S3150800ADB038BF3E46B9E76F34241ABC4238BF3C4612
S3150800ADC0CAE700BF004F00B0A43F00B038B5054C35
S3150800ADD0054B417800782568236003F0A1F900B196
S3150800ADE0256038BD34350020FCA4010838B50CF0C0
S3150800ADF04AFA054600F0F2FD012805D028460CF06F
S3150800AE003DFA0224204638BDFEF7D0FF0028F1D1CE
S3150800AE10044BDC6814F08054ECD128460CF02EFA6A
S3150800AE20F0E700BF000002B80A4B10B51B680446DD
S3150800AE3073B1094B48B10121084A1A60022003F090
S3150800AE40F1FE0020064B1C7010BD01461860F5E7A0
S3150800AE500220F9E73435002038350020F4A401082B
S3150800AE605A370020014B1878704700BF5A37002020
S3150800AE704FF40022034B586C03F500535A64C0F391
S3150800AE80C0407047000002B838B5104B04469B68AE
S3150800AE90DA050FD408F0F0FC054602F0A9FB01F02C
S3150800AEA03DFE01F0AFFE08F0E7FC431B9C4208D9C3
S3150800AEB02C44241A054B5B69DB0704D5204608F0A9
S3150800AEC0E2FC002038BD0220FCE700BF00C001B844
S3150800AED0024B586900F00100704700BF00C001B876
S3150800AEE008B50D4B5A69D10710D518B9BDE8084001
S3150800AEF001F096BE5B69DA070DD401F083FE0323E1
S3150800AF00064A1364A2F58052536404E05B69DB07C2
S3150800AF1001D40028F1D108BD00C001B800A009502D
S3150800AF2090F92430002B0CDA4FF08053064A29B1E9
S3150800AF309360A2F58052D36000207047D360936077
S3150800AF40FAE70E20704700BF006001B84FF0806333
S3150800AF5010B1024A53617047014AFBE7001002B874
S3150800AF60002002B8202350B1064AC2F8F433064B33
S3150800AF70196C11F0010104D1032003F053BE034AF2
S3150800AF80F3E77047001002B800C002B8002002B804
S3150800AF9038B5154A154B04461A60818641B9072209
S3150800AFA0134BDA600522A3F58053DA60084638BDEC
S3150800AFB04FF6FF7399420F4D0AD10F4908F0AAFCC4
S3150800AFC00E49E860204608F0A5FC81B22962EDE743
S3150800AFD0B1F5805F4FF0070228BF4FF48051044B4C
S3150800AFE0DA604B1E2B62E1E791AF0008243500209A
S3150800AFF0006000B8004000B80C4000B8204000B817
S3150800B000431C07D06FF0FF02034B10405A62A3F5AA
S3150800B01080535862704700BF00E000B8431C06D052
S3150800B0206FF07E42024BDA63A3F58053D86370470C
S3150800B03000E000B8014BD3F884007047003F00B029
S3150800B040024B0020C3F88410704700BF003F00B0D1
S3150800B05003282DE9F74F0C4691467ED8404B13F846
S3150800B06000A0404B1E5C404B13F800B00CF00BF9E7
S3150800B070804605F027F9074640B1002300220193D0
S3150800B080009301200023002104F052FF05F022F965
S3150800B09048B10023002201930093002000234FF4B7
S3150800B0A0004104F045FF002E4AD0304BDD6C05F018
S3150800B0B008050AEB06002E4B23305844DD64C0B25F
S3150800B0C001F00CFD3146504605F04AF95A4631461C
S3150800B0D0504605F0B3F9274BDD649FB14FF0FF35B5
S3150800B0E0254B1B68D3F8A01093F8270002F054FCF0
S3150800B0F022490868FFF784FF0D6021490868FFF7B1
S3150800B1008DFF0D60B9F1000F04D01E4B00210320FE
S3150800B1105B689847B4B14FF400521B4B1D6F03F59B
S3150800B1200053C5F340351A6740460CF0A7F800F0FF
S3150800B13055FC012808D15DB9002003B0BDE8F08FA1
S3150800B1403546B6E72546EFE7002CF0D10520F4E7AB
S3150800B1504FF400520D4B1A67EEE72120EDE700BFCA
S3150800B160B0A50108ACA50108A8A50108004000B8CB
S3150800B170006000B8005000B8E434002018390020F8
S3150800B180143900200839002000C001B800D001B8E1
S3150800B190054AC002136A00F4FF2023F4FF2318436C
S3150800B1A010620020704700BF00C000B8094B08466F
S3150800B1B01A6D91020BD4D3F84021D20708D4D3F8DC
S3150800B1C0803013F4706F14BF0120002070470120EF
S3150800B1D0704700BF004001B8F8B50D46144601F0A7
S3150800B1E00B0323EA0201494A2340D1646F07A2F5FB
S3150800B1F080520646D36410D50121FFF7D7FF60B108
S3150800B20005F096F84FF4007314F0040F14BF404A83
S3150800B210404A13650422404B5A64E90606D514F0E1
S3150800B220100F14BF00221B223C4B5A652A0618D55C
S3150800B230230611D54FF40012354BDA640CF023F8C7
S3150800B2400E210746032002F0DFFA40F20122334BB3
S3150800B2503846DA620CF012F8214696F8270002F012
S3150800B2609BFBEF0503D5E00538D502F065FBA9057C
S3150800B27003D5A20535D502F06BFB15F48C6F18D0F3
S3150800B28014F4806232D096F825309B070CD5328E9E
S3150800B290B6F83631934227D0B6F838319F1A7B4232
S3150800B2A07B411F4A82F8F4303046D6F8F010FFF793
S3150800B2B05BF82B0510D505F03BF81A4A14F4006F15
S3150800B2C0D2F8083F14BF43F0006323F00063C2F8C6
S3150800B2D0083F0422104B5A640020F8BD02F026FBF2
S3150800B2E0C5E702F02FFBC8E70123DAE76805DBD5D7
S3150800B2F096F825309907D7D5094B114683F8F420D7
S3150800B300094B30461B689847CEE700BF006000B877
S3150800B310005001B8006001B8002002B8004000B82B
S3150800B320003E00B0003000B04035002070B505463C
S3150800B33090F83C010C460C2822D0FF2901D1212087
S3150800B34070BD1AB14FF0FF320F4B1A6008F083FA3E
S3150800B350064695F83C0101F02DF9844228BF0446BB
S3150800B360E4B2B44238BF3446E0B285F82B0001F0A7
S3150800B3704DFA064A0346107820B9FF2BE0D1DEE7DE
S3150800B3800220DDE70020DBE748390020808201083B
S3150800B3907FB51C4B04461B780E4615460BB3D0F8F2
S3150800B3A0EC306BB302AAB3F9123000920022FAF716
S3150800B3B009FB02992046C1F3813108F07FF970B97B
S3150800B3C0BDF90C30029902460093C1F30D010346FC
S3150800B3D02046FEF7B3FA2946204608F044FA04B098
S3150800B3E070BD02A907F037FE32469DF808102046C0
S3150800B3F007F04DFB2A4601462046FFF797FFEEE782
S3150800B4001846ECE780820108F8B50D4690F83C111D
S3150800B41004460C29174603D12E4B1B78002B51D016
S3150800B4202A462046A4F8485007F031FBD4F8EC30F9
S3150800B43084F82A00002B41D0274A1678D4F8FC2035
S3150800B4404EB1002A40D1B4F94800B3F91210884227
S3150800B45006DC002607E0BABB94F84521824202D2F0
S3150800B4600126B3F9125000222946204684F82D7089
S3150800B470FFF78EFF08BB76B1C4F8EC00204607F04C
S3150800B480A8FD4FF6FF739842014615D02046BDE841
S3150800B490F840FEF7BFB9114B1B7813F0FD0F0BD11F
S3150800B4A0204601F095F80E4901230E4AD1F8FC1002
S3150800B4B004F5827003F02CFD0020F8BDFF2384F804
S3150800B4C02B30F9E70220F8E7B4F94410B3F9122053
S3150800B4D09142BDE7808201085B3700206C39002065
S3150800B4E0004F00B0A43F00B0F0B504468FB000F09E
S3150800B4F0B5FBD4F8A8300546012B00D010B1284674
S3150800B5000FB0F0BD7549204608F004FAD4F8EC608F
S3150800B5100146258EC4F8F0003EB133682BB15B684E
S3150800B5201BB11A68032A00F2B5800BF0ACFED4F8FA
S3150800B530F030002B7BD01A68032A78D99F6A7F0ED1
S3150800B5400BF09CFED4F8F010B3898DF80E70B06835
S3150800B5507268EB1A9BB200FB03226148ADF80C3007
S3150800B56003680292994202D02046FEF7FDFE5D4D21
S3150800B5705D4E00F033FA0128FBD12B6CDB07F8D4BB
S3150800B580736CDF01F5D4D4F8F01020460D919DF8C0
S3150800B5900E20029908AB03F051F900285AD100F0A1
S3150800B5A01DFA0128FBD1504A4E49536CD801FCD4E8
S3150800B5B00B6CDB07F9D408A901A803F0C5FA054600
S3150800B5C0002847D1228E494B5A6494F8243060F3F8
S3150800B5D0410384F8243000F037FCD4F8EC3059697C
S3150800B5E0431E0E68DBB2FD2B049637D84B6801283C
S3150800B5F0059343D10126DF1C06D901333C4B5B6812
S3150800B60059D0DA1C54D80593024604A9204600F0FE
S3150800B610B5FB002E7FF473AFD4F8643199053CD49A
S3150800B62094F8243043F0020384F8243067E72F4B5C
S3150800B630DB6BC3F3C20213F0380F03F0070718BF1A
S3150800B640574313F4E07FC3F382123FF479AF02FB4A
S3150800B65007F775E7022528460FB0F0BDF71C13D982
S3150800B660234B01361B6818BF0126DA1C1BD8049326
S3150800B6704B68FF280593BED00020C5E70246204642
S3150800B68004A900F07BFB3AE74B68FF280593B1D085
S3150800B6902A46F4E79F6A7F0E56E720464FF4803124
S3150800B6A008F0A4F92BE7FF284B6813D00593B0E7F9
S3150800B6B0FF28AED1E0E7DE1C06D80246204604A9DC
S3150800B6C0059300F05BFBA7E7FF28A5D100222046DB
S3150800B6D004A9F6E7012005938DE700BFFC4F00B0EB
S3150800B6E01835002000C002B8000002B8008001B872
S3150800B6F050390020F8B590F84861044666B30BF057
S3150800B700C2FD1F23154F013E3B651E40144B0546DF
S3150800B7101E65D4F84C21A3F580539A67D4F85021B6
S3150800B720DA67D3F84031DB0711D5204607F03EFE2D
S3150800B7304FF0FF3318B1C0F120029340DB43C7F83E
S3150800B7404431D4F8AC201340054AC2F8443128469F
S3150800B750BDE8F8400BF092BDF8BD00BF006001B827
S3150800B760005001B80B7810B50C4683B9FEF7CAFD30
S3150800B770637883B94FF03A4341F6FF721A6760223D
S3150800B780084BDA6403F5E83340225A6410BD1846BC
S3150800B790FEF70AFDECE76022034BDA6403F5D833BB
S3150800B7A0F2E700BF005000B8006000B810B50423E7
S3150800B7B04FF03A4101240A4AD1F81801C2F8183163
S3150800B7C0C2F814314C634FF400511163410742BF6C
S3150800B7D0C2F81431A2F58052C2F8183110BD00BF64
S3150800B7E0002000BA2DE9F04104460E4619B990F832
S3150800B7F02430590656D44FF6FF73A18ED4F8F0704C
S3150800B800994204D0394B1B680BB120469847384DEE
S3150800B8102B68BB4262D0374B1B6833B1002F60D010
S3150800B820396801B1B968204698474FF0070820469D
S3150800B83000F0CEFE002E46D02F4B93F90030C3F110
S3150800B8401C0317B197F926209B1A06202B4994F951
S3150800B85028600A6A9B1BDB0222F4FF2203F4FF23FB
S3150800B86013430B62D4F8F020254B2A60986701F041
S3150800B87069F801250022234B234920460D7083F8D9
S3150800B8809C2007F069FF214B5B6C5A0203D4D4F85D
S3150800B890A0301B0603D54FF400121D4BDA640020B6
S3150800B8A0BDE8F0814FF6FF71114DD0F8F0702A68A7
S3150800B8B066F38613BA42818680F82430ABD100F04D
S3150800B8C087FE4FF00108134A4346D2F8FC1004F5E8
S3150800B8D08270A2F65C7203F01BFBADE74FF001081D
S3150800B8E0A5E73946204698479FE700BF243500203C
S3150800B8F018350020203500205637002000C000B833
S3150800B900006000B8003F00B058370020000002B8B9
S3150800B910005001B8004F00B010B50446D0F82421F5
S3150800B9200B4B4FF40061C3F8DC2090F82420D201B9
S3150800B93002F4006204F04EFE94F8243013F0100F5F
S3150800B9404FF4007314BF034A034A536410BD00BF83
S3150800B950003E00B0001002B8002002B838B50BF05F
S3150800B96092FC4FF6FF710A4A13888B4203D10BF0FB
S3150800B97085FC0E2038BD074C074D1B046567A4F5EA
S3150800B9808054636711800BF079FC0020F2E700BF52
S3150800B9906A390020006001B80000FFFF08B50C4BAB
S3150800B9A0D3F84C21531C11D012F080420ED1094B0A
S3150800B9B01B681BB111460320FFF74AFB4FF0806254
S3150800B9C0054B1A6501225A6102229A6208BD00BF18
S3150800B9D00080E00FE4340020001002B80F4BDB684B
S3150800B9E0C3F30363013B0B2B0FD8DFE803F006060E
S3150800B9F00C06060606080A080808022070470420EE
S3150800BA0070470520704703207047054B5B6913F0A4
S3150800BA10060F0CBF01200420704700BF000002B8C3
S3150800BA2000C001B8094AD368C3F303630B2B08D0D7
S3150800BA306FF49050184100F0010080F001004000BA
S3150800BA407047506C10F48030EDD17047000002B892
S3150800BA500C490D4ACB68C3F30363062B07D8042B9E
S3150800BA60D8B20BD8C31E5842584140007047072B1E
S3150800BA7006D1D1F868011040ECD170470220704712
S3150800BA8000207047000002B85FFFF9FF094BDB682A
S3150800BA90C3F303639A1E012A8CBF00220122012BDD
S3150800BAA002701EBF4FF4026222FA03F303F0010389
S3150800BAB00B707047000002B82A4A2B4B12682DE912
S3150800BAC0F3470C461A6009B10B7933B90022274BA4
S3150800BAD01A70002002B0BDE8F087FDF74FFC20B1D0
S3150800BAE0234B93F88830DB0737D42679062E36D8C9
S3150800BAF001213A202768F6F71FF84FF4FC72002553
S3150800BB001C4BDFF87890DFF878A0C3F8582507F1C2
S3150800BB100108EBB29E4208D894E803000122134BB1
S3150800BB201A70154B83E80300D3E717F8151018F8B1
S3150800BB30152041EA024349F825300823AB40CAF8E4
S3150800BB4058358DF8041004218DF805200DEB0100F9
S3150800BB50002205F0DCF80135DBE70220BAE72120F0
S3150800BB60B8E700BF78820108483500205C37002016
S3150800BB70003E00B000E003504C35002068C5035075
S3150800BB8000D0035010B590F82700FF2814D0304B8A
S3150800BB90D3F8BC2012F0060F01D001280DD94FF4B6
S3150800BBA070622C4BDA604FF48072A3F58053DA602A
S3150800BBB00022274BC3F8B82010BD02F0020412F089
S3150800BBC0040202D00B789B0637D4002C39D00B78A8
S3150800BBD003F00F03072B34D14B78022B31D98B781E
S3150800BBE013F03E0F2DD0CC7814F0040F29D014F0A2
S3150800BBF0010F0CBF04230A23A40748BF0633CB5CF6
S3150800BC00FBB1002A14BF02220122012840F6FF7068
S3150800BC1003F01F0108BF4900013940EA01310E4807
S3150800BC2001654FF470600B491202C860A1F5805196
S3150800BC30CA60074AC2F8B830BEE7002CC7D18B786D
S3150800BC4023B90023044A13650122EAE70222DCE746
S3150800BC50003E00B0006000B8004000B810B590F88B
S3150800BC602710012903D8174BD3F8B4300BB100209D
S3150800BC7010BD028E272A22D8134B14481B6883420C
S3150800BC8019D031241248181A434243415B000D4823
S3150800BC90A0F8CE4050246343282404FB01330D4901
S3150800BCA01944895CFA31A0F8D4100B490B449A5C04
S3150800BCB00A4B1A70DBE76FF003040123E7E70E204F
S3150800BCC0D6E700BF003E00B07835002000F04902F4
S3150800BCD0005A6202A4A60108B4A501085D3700202F
S3150800BCE0F8B503780646042B1ED800270F4D2B708F
S3150800BCF02B78FCB2A34203D8012300206B70F8BD51
S3150800BD007368013733F81430A73B18B207F02FFDD4
S3150800BD1005EB84035860736833F9140000F008F8DB
S3150800BD2005EB84046061E3E72120E8E72439002075
S3150800BD3007EE900ADFED0D6AF8EEE77A87EEA67A47
S3150800BD40DFED0B6AB1EE477AC7EE267A9FED097AE0
S3150800BD5067EE877A9FED087A67EE877AB0EE677A9C
S3150800BD60BEEEED7A17EE100A704700BF0000C84213
S3150800BD70180D8F4D000000450024744910B5124B6C
S3150800BD800C68C3F87842C3F87C42C8B1D0F8EC30E6
S3150800BD90B3B15B69A3B1501EC0B2FD2812D90134F4
S3150800BDA004BF6FF0010008600868FF2A186007D111
S3150800BDB04A68013202D16FF001024A604A685A6045
S3150800BDC0002010BD012AF2E7004001B8F0B585B0A1
S3150800BDD06D460E460F4B074614460FCB85E80F00F7
S3150800BDE00D4BD3F848020090D3F84C2201923EB18D
S3150800BDF0631EDBB2FD2B0AD93060FF2C00D17260BE
S3150800BE00224629463846FFF7B9FF05B0F0BD012C92
S3150800BE10F4E700BF94A701080080E00FFF2818BFC9
S3150800BE20C3434FF0180108BF1023064A18BFDB00AA
S3150800BE30C2F8FC1318BF03F00803A2F58052C2F833
S3150800BE40FC337047002002B8024BD3F8F807C0F35A
S3150800BE50C0407047000002B84FF03A43D3F81421A7
S3150800BE60D2031ED54FF480320E49C1F81421A1F52C
S3150800BE708051C1F818215A6DD1B2C2F30722C3F80E
S3150800BE80A410C3F8A4200422C3F8A4200022C3F8EF
S3150800BE90A420C3F8A420C3F8A420C3F8A420C3F898
S3150800BEA0A4207047002000BAF0220B4B01219A64A7
S3150800BEB0A022A3F580539A644FF03A43026DC3F863
S3150800BEC0F410FC21C3F8CC10C3F8D0204FF400526C
S3150800BED0C3F8F020704700BF006000B8F8B54FF00F
S3150800BEE03A440D46174606460BF0CDF901230422BF
S3150800BEF06363084BE76026616561C3F814214FF058
S3150800BF000042054BC3F880210BF0B8F90DB10223A6
S3150800BF106363F8BD002000BA00E100E02DE9F041B6
S3150800BF2005460124006800F00700063004FA00F30D
S3150800BF30A868EC685E1EA04200F0928000EA060738
S3150800BF406C6810441E430640D81B07EB040C82425B
S3150800BF50644638D9D31AFA18A0B3431E062B74D9E7
S3150800BF6041EA0C039B0770D14B1CACEB0303022B75
S3150800BF706BD90B4620F0030E8E44ACEB01071C6808
S3150800BF80DC5104339E45FAD120F0030310F0030F69
S3150800BF9001EB030EA0EB03040CEB030700F088800B
S3150800BFA011F80380012C0CF8038000F081809EF8BC
S3150800BFB00130022C7B7018BF9EF80230084418BF67
S3150800BFC0BB7001466C685AB3531E062B01F1010378
S3150800BFD02FD9E01A02282CD941EA0400800728D173
S3150800BFE0234622F0030CA444081F50F8047F43F8A4
S3150800BFF0047B6345F9D122F00303D01A920701EBBB
S3150800C000030C04EB03070BD0CA5C0128E25407D0E3
S3150800C0109CF8013002287B7002D09CF80230BB7075
S3150800C0200BF031F90223AE60AB62BDE8F0410BF0CC
S3150800C03025B90A4404F1FF3C00E0013313F8011C5A
S3150800C04093420CF8011FF8D1EAE70B460844ACEB1B
S3150800C0500107D91913F8014B83420C70F9D1B0E7DF
S3150800C060042A0DD90878043AA86148780431A861E9
S3150800C07011F8020CA86111F8010CA861A8685DE71F
S3150800C080013A032A12D8DFE802F00F1507020B4619
S3150800C09013F8012B1946AA610A4612F8013BAB614F
S3150800C0A0114611F8013BAB610B78AB61BDE8F08135
S3150800C0B0084486E70A46F3E738B50B4615460146AF
S3150800C0C04FF03A4468B101221048C4F8F4201A46E1
S3150800C0D0FFF724FF25B14FF03A430422C3F8F420B2
S3150800C0E038BD73B1D4F8D8209A4284BF0122C4F867
S3150800C0F0F4204FF03A42C2F8D4300223C2F8F430A2
S3150800C100E8E70123C4F8F430E4E700BFCC0000BA3E
S3150800C11038B504460BF0B7F84FF03A420121A38F21
S3150800C120054651674BB3B3FA83F3C3F11903DBB280
S3150800C130A069C2F8B410C2F88C300723C2F8900080
S3150800C140C2F8B0304FF4A02302F50052C2F81431F9
S3150800C150A2F58052C2F8183100220D4B1A600D4B19
S3150800C1605B6C5B0209D54FF480020B4B5A64D4F81A
S3150800C170A01094F8270001F00FFC0023E38707239B
S3150800C1802846A4F84030BDE838400BF077B800BF21
S3150800C19054350020000002B8002002B82DE9F84303
S3150800C1A005460C46B1B1D0F81880878F0BF06BF8AE
S3150800C1B0B5F83EC0791E01EA0C0323F00702032CEA
S3150800C1C00646DFF800E1424461D1DEF8004024B9B2
S3150800C1D00BF054F80E20BDE8F88324F00104DEF8CD
S3150800C1E0000020F00100A04256D10023CEF800300E
S3150800C1F0238894426FEA43436FEA5343238041D12D
S3150800C200B5F8403008EB07091846083880B202F13D
S3150800C21008044C4528BF4446082804D9B4F800E069
S3150800C220BEF5804F43D263440F431B1A3B409BB273
S3150800C230EB87A5F84000947811884FF03A42C1F38D
S3150800C2400C019165C2F89830C2F8B0004FF480220C
S3150800C250184B04F00704C3F814214FF00042164B9C
S3150800C260C3F88021FFF7F8FD042C0BD14FF48002A8
S3150800C270124B5B6C124B5A64D5F8A01095F8270040
S3150800C28001F08AFB30460AF0F9FF0020A3E7601E9A
S3150800C290012898BF1446A2E7B5F840004344E31ABC
S3150800C2A048BFDB1908389842A2DC304690E7224698
S3150800C2B0ABE700BF002000BA00E100E0000002B8CA
S3150800C2C0002002B854350020164B10B51968B1F88D
S3150800C2D04020CB8F888F13440138073B8C69034075
S3150800C2E023F007031C4402F108034FF03A429BB2BD
S3150800C2F0A1F84030C2F8B0304FF480220A4BC3F898
S3150800C30014214FF00042094BC3F88021A07800F0B1
S3150800C3100700042803D1064AD3681B03FCD4054B3F
S3150800C3201C6010BDE4340020002000BA00E100E0E3
S3150800C330000002B85435002010B5064C216839B102
S3150800C340CB0703D4044B1868FFF728FF00232360A4
S3150800C35010BD00BF54350020E43400204FF480326D
S3150800C3600C4B0D49C3F818214FF03A43C1F8142174
S3150800C370D3F8AC10D3F88C20012302F0070206325A
S3150800C3809340C1F30C01083B994201D8FFF764BDFD
S3150800C390704700BF002000BA001000BA054BA8225B
S3150800C3A0D3F84C013121431C0CBF0120C0F3807027
S3150800C3B0FDF740BB0080E00F10B50F4B1C78ACB9F9
S3150800C3C00E4BD3F8F8375B0309D490B10F23441EFC
S3150800C3D0B4FBF3F410300444E4B2204610BD40F632
S3150800C3E048023F212046FDF725FBF6E70001C4B2C7
S3150800C3F0F3E71024F1E700BF6C390020000002B80B
S3150800C400014B5880002070476C39002038B5284DFC
S3150800C4100446297819B92022264806F002FC237812
S3150800C420254A264913704FF2F002C1F8C821244A5A
S3150800C4304BBBA1F50051D1F8F81711F4002F4FF0B6
S3150800C440FF011CBF1F48C0F8DC3011704FF0407365
S3150800C4501A4AC2F834311C4BD3F8F83713F4802340
S3150800C4600BD14FF47F01C2F830111849C1F83031A9
S3150800C47048F2C801164BC3F8F4100723C2F8FC3378
S3150800C4800122124B0DE000240E48022BC0F8DC40B6
S3150800C4904FF0FF001070D9D107230422C1F8FC33EE
S3150800C4A00A4BC3F8FC23012300202B7038BD00BFBC
S3150800C4B05E370020E03F00B06C390020002002B84B
S3150800C4C07A390020004001B8000002B8001002B80E
S3150800C4D0003F00B010B5044601F08AF8094BD3F8BE
S3150800C4E0F80734B900F44020B0F5402018BF012001
S3150800C4F010BD022C0ABF80F400300020C0F3404073
S3150800C500F6E700BF000002B82049D1F8FC37FF2B38
S3150800C51031D01F48C3F303120270D1F8F81703F09D
S3150800C5200F0309035BBFC2EB02120F3B02F1FF3296
S3150800C530D2184ABF03EB0213D3B2DBB2154A164927
S3150800C54013700978154B1A68E9B1B2F1A06F1AD3BE
S3150800C550D3F85012124A134BB1F1FF3F18BF1346D6
S3150800C560114A136041F66A02104B1B68B3FBF2F3DB
S3150800C5700F4A13607047D1F8F83713F4002F0CBF31
S3150800C580B4235A23DAE7074BEAE700BF000002B8EC
S3150800C5907B39002060370020793900200080E00FC1
S3150800C5A05082E00FA4A701085835002078350020EE
S3150800C5B05C35002020B1022804D1034B1878704757
S3150800C5C0024BFBE7002070477B39002060370020CC
S3150800C5D02DE9F74FD0F8B0404C22022C38BF022480
S3150800C5E07B49013CCB6CD1F8DC507A49C3F3821302
S3150800C5F0DA400B680646A34290F83C71764BDFF8A2
S3150800C60000A2DFF80092DFF8008202F0010216D1DC
S3150800C6101878904213D19AF80000B8420FD1D6F88C
S3150800C620B40060B1A8420AD196F82B5099F80000D8
S3150800C630854204D1B8F8040003B0BDE8F08F98F835
S3150800C64000001A700C60FFF7B5FF0346002A00F0D9
S3150800C650918004234FF07F41604AC2F8BC30604B9A
S3150800C660C3F8BC1096F82B301B06C2F8BC30002065
S3150800C67040F271225B4B19211B68B3FBF2F363434B
S3150800C680182BB3FBF1F14FEA004400F29380002C1B
S3150800C69000F09B80B4FA84F2C2F12002C2F10F03C3
S3150800C6A0012B38BF0123D440A14201D2013B6408C3
S3150800C6B0421C03F01F0152008A40121BDFF838B1F2
S3150800C6C09208CBF8B0201A0242EA031213430193E8
S3150800C6D000EB002300EB0325434B40F6C202186823
S3150800C6E02B21003818BF0120FDF7A4F9FA223E4B8A
S3150800C6F002FB04F01B6840F6FF72B0FBF3F00A2356
S3150800C70058433A4B00F57A74C3F8D820019AA3F532
S3150800C7108053C3F8D820364AA3F58053C3F8DC50B3
S3150800C720D2F8F827520308D4D3F8DC3003F47F0292
S3150800C730C3F303531343CBF8FC30C6F8B4502D4D5E
S3150800C74000F6B8302C6002F05DFB4FF47A722A4B83
S3150800C750C3F8A400C3F8F8002B68B4FBF2F0B3FBE7
S3150800C760F2F3A8F8043096F82B308AF8007089F8A6
S3150800C770003061E796F82B00984228BF1846C0B2E9
S3150800C7802FB1022F7FF473AFFFF716FE70E7184B31
S3150800C790D3F8F8371903F7D450B10F230138B0FB93
S3150800C7A0F3F00130154B1B68034413F8010C5FE7DF
S3150800C7B00120F7E7B1FA81F23CB1B4FA84F3D21A50
S3150800C7C0002A3FF76BAF0F236EE70F2370E700BF12
S3150800C7D0004001B8483900205F370020001002B831
S3150800C7E0002002B8783500205C350020006001B8CA
S3150800C7F0000002B860350020003F00B05835002020
S3150800C80078390020773900206C39002038B5254B57
S3150800C81005461A78244C0C2A02D1FF20207038BD10
S3150800C820104607F018F801461046FFF7C3FEA8425F
S3150800C83028BF2846C0B2884238BF08462378C0B207
S3150800C8408342ECD020703ABB184BD3F8F83713F470
S3150800C850002321D14FF2F001154AC2F8C811C8B118
S3150800C8600F230138C0B2B0FBF3F3591CC3EB031313
S3150800C870C01A431C0D4A1B01D2F8C80143EA01330A
S3150800C8800343C2F8C831D2F8C8210A4BC3F8FC20C2
S3150800C8902078C4E70121EDE7074B1868FFF798FEF3
S3150800C8A0F6E700BF6C3900207A390020000002B88C
S3150800C8B0002002B8003F00B0E4340020014B187095
S3150800C8C0704700BF7939002010B50446FCF756FDBD
S3150800C8D078B1154B1B786BB964B1144B1B784BB107
S3150800C8E0134B1B78013B012B04D84FF40042114B24
S3150800C8F01A6510BD104B1B6D1B04FAD40AF0C3FC55
S3150800C900044603F015FD4FF400420C4B2046BDE8E3
S3150800C91010401A6502220A4BC3F8D4240422054B98
S3150800C9205A640AF0ABBC00BF6137002062370020AA
S3150800C93064350020002002B8000002B8001002B8D2
S3150800C94000D00350054BD3F8843013F0030F4FF48F
S3150800C950802314BF024A034A93647047004000B814
S3150800C960005000B8006000B8F7B50646534C00F012
S3150800C9703FFE01213A20F5F7DFF8514B2578514F54
S3150800C9801E7085BB2846FFF79FFF2378013B012BC6
S3150800C99019D8E37B01A88DF80430237C8DF805307F
S3150800C9A0F4F784FBC7F8D4544FF6FF72464BC3F826
S3150800C9B08420F822A3F58053C3F884200022414B33
S3150800C9C0C3F8D4240DE04FF6FF723F4BC7F8D45492
S3150800C9D0C3F88420F822A3F58053C3F88420C7F847
S3150800C9E0D4543A4B5BE00020FFF76EFF2378013BF7
S3150800C9F0012B08D8E37B01A88DF80430237C8DF839
S3150800CA000530F4F753FB0023C7F8D434002ECBD0F7
S3150800CA1062685AB32E4B1B6803EB5203B3FBF2F35F
S3150800CA20013B1B0243F0F80326782749022E294AC0
S3150800CA301ED0032E4FF6FF75224826D0012E36D17A
S3150800CA4043F00203C1F88450C2F884300723C0F8C3
S3150800CA50D434E37B01A88DF80430237C8DF80530A7
S3150800CA60F4F714FB0120FFF72FFF17E0F823DBE7A5
S3150800CA704FF6FF7043F00103C1F88400C2F8843012
S3150800CA800622104BC3F8D424E3E743F00503C1F8A4
S3150800CA908450C2F884300423C0F8D4340E4B4FF0C7
S3150800CAA080421A650020FFF74DFF03B0F0BDC1F8BC
S3150800CAB08450C2F884300023EEE700BF64350020B6
S3150800CAC06237002000C00350006000B8002002B89A
S3150800CAD078350020005000B8001002B8034B1B6DD3
S3150800CAE0002BBCBF024BC3F888007047000002B891
S3150800CAF0004000B8084B1A6C0A2A0AD95A6D4FF03A
S3150800CB00FF3302F00F02934098430CBF0120002028
S3150800CB1070470120704700BF00C001B82DE9F047F3
S3150800CB2000F0C0FD4FF47A762D4BB0FBF6F6186090
S3150800CB304FF4FA73734307462A48190E1B0218184E
S3150800CB40294A4FF0000341F10001FAF7EBFA274BA7
S3150800CB50A0F5807205461A6320B94A222B21FCF7F4
S3150800CB6069FF01254FF47A724FF0000A6A4353466B
S3150800CB7050083102FAF7D6FA1C4B1D4AB7F57A7FE8
S3150800CB809A601C4B4FEA056819601B4B8946044698
S3150800CB9018604FEA152505D29D222B215046FCF731
S3150800CBA049FF01264FF47A73A8FB030103FB05111D
S3150800CBB07308C01841F1000100233246FAF7B2FAA9
S3150800CBC00E4B023419600E4B49F10009A40818608F
S3150800CBD044EA8974054B013C9C63BDE8F08700BFB5
S3150800CBE07835002020A1070040420F0000C001B898
S3150800CBF00211010088350020843500208035002088
S3150800CC007C3500200822044BC3F884215A6001228F
S3150800CC10024BDA60704700BF00E100E000C001B8CF
S3150800CC200822064BC3F88421C3F88420BFF34F8F2C
S3150800CC30BFF36F8F0422024BDA60704700E100E011
S3150800CC4000C001B810B50446A242A2EB0000A3EB4F
S3150800CC50010104D2034B01399B6B0133184401F0DF
S3150800CC60030110BD00C001B838B501250A4B020101
S3150800CC709D504FF480730446084A834053660AF071
S3150800CC8002FB074AA540137823EA05031370BDE89B
S3150800CC9038400AF0F3BA00BF00E101B800E001B875
S3150800CCA06C3700202DE9F84F164605468A461F467A
S3150800CCB00AF0E9FA022E00F0918080460AF0ECFAB2
S3150800CCC0604B614AD3F8209092F885405A6EE4B2D8
S3150800CCD0520744BFD3F82090013404F003040AF045
S3150800CCE0D6FA4846214600F055FA8446DAF8000096
S3150800CCF0012E04BF01306044ACEB000C08BFCAF833
S3150800CD000000BCF1804F7DD300F056FA8145A1EBB7
S3150800CD10040188BF4B4BDFF854C188BF01F1FF31CE
S3150800CD2001F0030188BF9B6BA0EB090E0CF80510F8
S3150800CD30A1B1F90742BF41F61F72444B5A67BA07B9
S3150800CD4042BF424B424A5A677B0742BF00223D4BCD
S3150800CD509A673C0742BF00223A4B9A6511244FF066
S3150800CD60010A384B05F11002120103EB051BCBF83B
S3150800CD700C0138499C501A6A0AFA05F4586E0B7861
S3150800CD80A2EB0902E4B2234372450B7025D34FF494
S3150800CD908073AB40034220D11CF80520002A4CD1F1
S3150800CDA00EB32D4AF807536607D541F61F7140F2B0
S3150800CDB00110264B596750675967B90706D5234BA3
S3150800CDC0234A254925485A6748675A677A0742BF5A
S3150800CDD00122234B1A613B071AD440460AF04EFA41
S3150800CDE00120BDE8F88F1F4A2D0142F805A042F838
S3150800CDF09C3C0AF048FA17490B7823EA04030B709F
S3150800CE000AF03CFA40460AF039FA0020BDE8F88FE5
S3150800CE102120FFF763FE4FF480310A4A124BD16096
S3150800CE201A78002AD9D000222D201A70FFF756FE4C
S3150800CE301022094B40465A66D0E7074A40465366D1
S3150800CE40CCE700BF00C001B8003E00B000E001B862
S3150800CE5000001F1F6C37002000D001B80000010138
S3150800CE60000002B800E101B86337002064370020EB
S3150800CE70024B1878003818BF012070476C3700201D
S3150800CE80034B10300001185800F00100704700BF2E
S3150800CE9000C001B870B50646FEF71AF8044608B190
S3150800CEA0FFF7BEFE00230A4D3046AB61EB612B62ED
S3150800CEB000F082F9074BC9B283F8851028622CB1B5
S3150800CEC0FFF7A0FE4FF08062034B5A64002070BD46
S3150800CED000C001B8003E00B0002002B82DE9F041BC
S3150800CEE09DF818800D46B8F1000F08BF0022214EA4
S3150800CEF0B5F5803FB168074621F4700141F4A001F9
S3150800CF00B1609DF820409DF81C104FEA042444EABD
S3150800CF10016444EA031444EA084444EA02044FF06C
S3150800CF2018014FF436722CBF002001207465FCF7F7
S3150800CF3081FD3564B8F1000F1AD00F4BBC68D3F8E1
S3150800CF40B8306F2C38BF6F245B0606D500F070FC2E
S3150800CF5018B10A4BB3FBF0F31C44204600F02CF939
S3150800CF600130854238BF0022024B34BF5A645864E8
S3150800CF70BDE8F08100C001B800C000B800093D0056
S3150800CF80F8B5254F3D6E02F0E7F804462846FFF748
S3150800CF90B1FD7B6C064603B170B310272020FFF75E
S3150800CFA09DFD1E4B9F606CB1002200200821FDF7F5
S3150800CFB087FD80221A4B5F66A3F580531F6703F52A
S3150800CFC040531A6102F070FE1022164BC3F88421F2
S3150800CFD0154AD36803F07063B3F1807FF9D91CB1A1
S3150800CFE016B10122114B1A700B4B114A1D665A676E
S3150800CFF041F201429A67F8BD002CF5D00D4B084A5C
S3150800D0005366A2F5805213672846FFF773FD00287A
S3150800D010EAD03D6EF8E700BF00C001B8001002B8BC
S3150800D02000E001B800E100E0000002B86337002024
S3150800D030011B01181000002010B504462120FFF737
S3150800D0404DFD1CB14FF48032064BDA60064B1A7858
S3150800D0503AB100222D201A70FFF740FD1022034B2B
S3150800D0605A6610BD00C001B86337002000D001B869
S3150800D070F8B5174D0446EB6BDB0124D500F038FCF8
S3150800D080A0FB0446E86B070A050C10F0FF0005D163
S3150800D09040F227422B21FCF7CDFC0120EDB2AD0171
S3150800D0A0B5FBF0F0FBB210EB831005D140F22C4231
S3150800D0B02B21FCF7BFFC01200246002320463146FF
S3150800D0C0FAF730F8F8BD00F0B3FBA0FB0401F9E766
S3150800D0D000C000B80246012030B50B4CA0F1200371
S3150800D0E0C0F1200524FA05F504FA03F32B4304FAE4
S3150800D0F000F595428B4100D330BD0F2801D0013091
S3150800D100ECE7FF20F8E700BF40420F0000220B4B78
S3150800D11040F010001A700F22094BC3F8B820A3F587
S3150800D1208053C3F8B800A3F580535B6ADBB2802B43
S3150800D13002D0084600F012BC704700BF63370020D3
S3150800D14000E000B838B50AF0A7F8084B084A1D6A87
S3150800D15092F885405A6EE4B2520744BF1D6A0134FC
S3150800D1600AF095F8284604F0030138BD00C001B856
S3150800D170003E00B00346064A103302EB00111B01BD
S3150800D180D1F80C01D158C1F3400106F087BB00BFA6
S3150800D19000C001B8064B1B68434303EB8171054B7E
S3150800D1A01B68A3FB003013F1004341EB00007047F6
S3150800D1B0803500207C3500200C4A20F0404301468B
S3150800D1C010B5002014684FF00042E4FB0320084A1B
S3150800D1D0890F126802FB0300064B9B6B984204D921
S3150800D1E001330131C01A01F0030110BD8435002056
S3150800D1F08835002000C001B8044B01F0F0711030EA
S3150800D20041F0030100011950704700BF00C001B882
S3150800D21008B52220FFF762FC4FF48022014BDA6042
S3150800D22008BD00BF00C001B840B1836833B10649E4
S3150800D230C268096803F13043032A00D8704743F8E7
S3150800D240041B043AF8E700BFBC35002070B5164643
S3150800D250054600B3F9B1F2B14268104B00680332D3
S3150800D2601B68920800F130409847044688B9EA6876
S3150800D270A86803323146920800F1304006F02EFBCA
S3150800D280044630B9286921466A6900F1304005F03C
S3150800D290C8FC204670BD2124FBE700BF4C3900209E
S3150800D2A02DE9F04705460E461446DFF88480DFF878
S3150800D2B084901E4F88B01CB9204608B0BDE8F08798
S3150800D2C0B4F5006F4FF010024FF000016846A24611
S3150800D2D028BF4FF4006A05F0A4FC08238DF8003037
S3150800D2E00AF1FF339BB2009A1B0143F0036302EA7B
S3150800D2F0090203EA08031343102200210DEB02007A
S3150800D300CDE90036029505F08CFC6A46387804A902
S3150800D310F5F764FDA4EB0A0406EB8A0605EB8A0515
S3150800D3203878F5F7B7FD0028FAD0C4E77C3900202D
S3150800D330F07F300C0F80CFF370B50C68651C15D0E4
S3150800D340C4F302669E42C4F3074530D1A4B29442A0
S3150800D3502DD804EB8506B24229D2141BA50824F061
S3150800D36003040E59340F04D0012C08D000222124BE
S3150800D37002E06B1C51F82320C0E9002470BD0E4C56
S3150800D38034F8133042EA03431A686B1C51F82340F9
S3150800D39001EB83014B6822405E4036F0704404D1AD
S3150800D3A01B0F032B04BF8B681A430024E4E70135DF
S3150800D3B001EB8501C1E700BFB8A7010807B501A8B9
S3150800D3C0F5F7DCFD254B2649D3F86022D2B2FF2AB1
S3150800D3D01DBFD1F87801130243EA0213D1F8783158
S3150800D3E01CBF20F47F621343C1F8F8331C4BD3F8F3
S3150800D3F0F837190354BF09200C20F5F769FAC82233
S3150800D400184B42F201015A654FF4C02203F5104346
S3150800D410C3F868214FF48032C3F86C21124AC2F867
S3150800D420701202F52042D2F8F827120308D44FF4F6
S3150800D43070610E4AC2F8A0104FF42062C3F8A0200B
S3150800D44001220B4BC3F8002403F53043D3F86821B7
S3150800D450084B1A6003B05DF804FB00BF0080E00FBC
S3150800D460000002B8008001B8006001B8002002B8C8
S3150800D470005001B84435002010B5044609F003FFF2
S3150800D480064B074A1C70074BFF2C08BF1346064A73
S3150800D490136009F0F3FE002010BD00BF7C390020A0
S3150800D4A0DD380108A1D200084C390020134B1B783F
S3150800D4B0002B20D0124B134A00201A60124B134A35
S3150800D4C01A60134B134A1A60134B1A68134B1A60E7
S3150800D4D0134B144A1A60144B144A1A60144B154A13
S3150800D4E01A60154B154A1A60154B164A1A60164BE0
S3150800D4F0164A1A6070470220704700BF6D37002031
S3150800D500C8350020B0B00108C035002014A80108AD
S3150800D510C435002034A8010860390020BC35002035
S3150800D520E0350020FCA70108D8350020B8AB010873
S3150800D530DC35002030A80108D4350020E4A701080E
S3150800D540CC35002038A80108D03500202CA80108C1
S3150800D5500022012138B51E4B5A649A64DA641D4AC2
S3150800D560516102219162DA68C2F303620D2A01D081
S3150800D570002AF8D111220124174DDA634FF0FF3043
S3150800D5802C7005F088FA00232B70144D40F2D15206
S3150800D59028685421C01A18BF0120FCF74BFA104B13
S3150800D5A028681A680F4B1968FFF750FE01F03CFD12
S3150800D5B00D4B1868FFF738FE0C4B1868FFF734FE5A
S3150800D5C04FF08062034B5A6103F580535C6138BDA6
S3150800D5D0000002B8001002B86D370020C0350020E0
S3150800D5E0C4350020C8350020E0350020D435002099
S3150800D5F001230D4A0D49C2F8803291660C4A5360E0
S3150800D6000C4A53600C4A5360A2F580425360A2F557
S3150800D6104042536002F5C032536002F580425360BF
S3150800D620A2F500425360704700900050FF0B0016A9
S3150800D63000D000B8001000BA005001B810B5032495
S3150800D640FFF7D6FF114A124B1A65FFF7B7FE114BC3
S3150800D650C3F8104100F06AF901F0CEFA4FF460728F
S3150800D6600D4B5A614FF400721A65FEF7EDFB002167
S3150800D670FEF7D4FB4022094B1C64A3F580535C6477
S3150800D680074BC3F884215A6010BD00BF0048F0005C
S3150800D690000002B8005001B8001002B800A00950F6
S3150800D6A000E100E008B506F0CFF9044B1B6FC3F3A1
S3150800D6B000430133B0FBF3F008BD00BF0080005003
S3150800D6C070B5044698B1B1B13A4A52F8043B834260
S3150800D6D013D10023384A116CC907FCD4374800EB2C
S3150800D6E0830006F004F9364B106001221A6470BDF7
S3150800D6F001330C2B02D1334D2CE0012352F8041BC5
S3150800D700A142F5D1304A32F81330E3E7C2F3016398
S3150800D71035F81300110C93B211F0FE0F43EA0043DB
S3150800D720606820D00434CAB2022A216808D966681B
S3150800D730A068033AC3E9001698600C340C33F3E783
S3150800D74004D16268C3E90012083403E0012A01D152
S3150800D750043419602268531CD8D10022164B1A606B
S3150800D76003F58053C1E7120F072AEDD8DFE802F068
S3150800D7700704090D1013181DC04303F5005318605C
S3150800D780E2E71A6842401A60DEE703F58053F6E7D7
S3150800D79006F079F8D8E7012203F580538240F2E7CC
S3150800D7A0012203F500538240EDE71A6830EA0202C7
S3150800D7B0FBD1C9E78C35002000C002B8404000B054
S3150800D7C000D002B8B8A70108523600200B4B1B68D8
S3150800D7D0D3F8F03023B11A68022A01D9186A7047BB
S3150800D7E0074B9A6E90B238B1064BC2F307421B68D4
S3150800D7F0DB085343B3FBF0F0704700BFE434002066
S3150800D800004001B878350020074BDB68C3F3036393
S3150800D810984208D1054AD2F8803023F0F00343EA4B
S3150800D8200111C2F880107047000002B8003F00B02E
S3150800D830054B1B68D3F8F03013B11A680A2A01D8C9
S3150800D840FFF7C4BF186C7047E43400202DE9F7438E
S3150800D850064606F011F800248046DFF8909009F095
S3150800D86012FD0DF1070105460DF10600FEF70EF94A
S3150800D8709DF806308BB9721C29D005F0FDFFA0EB88
S3150800D8800804284609F0FAFC9DF8063013B99DF8F5
S3150800D89007303BB3A642E2D824E0D9F80C3013F49B
S3150800D8A0603FE8D0D9F8180006F074F8731C0746EC
S3150800D8B003D005F0E1FFA0EB0804284609F0DEFCDA
S3150800D8C017F5007FE0D0384603B0BDE8F083284658
S3150800D8D009F0D4FC9DF80630002BC0D19DF807301E
S3150800D8E0002BBCD1004FEEE700FEFFFF00C000B8DA
S3150800D8F00B4A10B5136F0B4C116F03F00703E35C6B
S3150800D900C1F3CD0101FB0333126F0748C2F3454249
S3150800D91002FB033300688001B0FBF3F010BD00BFC3
S3150800D920004001B8B0A70108783500200122014B54
S3150800D9301A657047001002B80122014B1A65704734
S3150800D940002002B84022014B1A657047002002B831
S3150800D9504022014B1A657047001002B810F1800F7B
S3150800D96004D04D28CEBF7F20323040B2FF22034B71
S3150800D970C0B25A62A3F580535862704700E000B8F7
S3150800D980044BD3F8B03010B1C3F30332027003F07E
S3150800D9900F007047000002B8064B01F080015B6C6F
S3150800D9A003F480030B4302BF4FF40012024BDA6400
S3150800D9B0704700BF000002B8006001B830B1012806
S3150800D9C006D1064B03F58053D9607047044BF9E737
S3150800D9D000224FF48053DA60FFDE00BF004003B830
S3150800D9E0000003B8044B986E00F0B05000F16A438B
S3150800D9F058425841704700BF008000504FF0B0525F
S3150800DA002DE9F04FB74B00269A660368B64A1C788C
S3150800DA105D68072C94BF002101211170B34AB449EF
S3150800DA2014700269002A08BF8022072C0A605A88E7
S3150800DA3000F21481AF490E6102260E61AE4E756280
S3150800DA40002A40F01E814FF0010CAC4DAC4E9200FE
S3150800DA50AE620CFA04FC8A62DF699A691D6A3A4367
S3150800DA6093F824702A4342EAC72293F82970197D4D
S3150800DA7042EA476293F826704CEA012C42EA87523A
S3150800DA8093F82770072C42EAC75293F828701E6944
S3150800DA9042EA076242EA0C0222F000424FF0FF37E0
S3150800DAA0D3F80CE022F4002200F2EF80DFF848C237
S3150800DAB0CCF870208F4A0CF5005CCCF87470C2F86C
S3150800DAC074E0CCF878709667002D40F030814FF6F8
S3150800DAD0FF769D68CCF87C60ADB2D5679A69DF6938
S3150800DAE0B2F5803F40F07E814268072CD2F80C8060
S3150800DAF0D2F80490D2F814E0D2F81CC049EA080516
S3150800DB0045EA0E05DF69D2F824A04FF0070392F81C
S3150800DB1000B045EA0C0500F21281784EB7F5802F61
S3150800DB203364744BC3F840B04FF0080BC3F840B0E9
S3150800DB304FF0FF3BC6F84CB0C3F84C90C6F850B04F
S3150800DB40C3F85080C6F854B0C3F854E0C6F858B0C5
S3150800DB50C3F858C0C6F848B09D64C3F840A040F062
S3150800DB60498155780723654E4FF0FF377364614B3B
S3150800DB705D6408255D64D2F808803766C3F860805E
S3150800DB80156977665D66D2F818E0B766C3F868E087
S3150800DB90D2F820C045EA080545EA0E0545EA0C050F
S3150800DBA0F766C3F86CC0F765DD65926A5A648268E1
S3150800DBB0D2E900352B4343EA81014F4B01F01F019F
S3150800DBC04FF6FF75C3F88010926803F5005192B2BC
S3150800DBD003F58053C1F88450C168C3F88420444BC8
S3150800DBE0072C1A68D1E9003543EA05038D684FF01A
S3150800DBF0FF3443EA050303F01F03CD6800F20981E9
S3150800DC003D49C1F888303B4B01F50051C1F88C40BD
S3150800DC10C3F88C508A61DA6146230122394903F038
S3150800DC20070302FA03F3C1F888318B60364B416962
S3150800DC3019602E4B1B78082B04BF344B5A602A4BAD
S3150800DC401B78002B00F0F380012B40F0F280304B5C
S3150800DC50012203F580535A60BDE8F08F2D490E6105
S3150800DC6002260E612A4E75626AB94FF0010C2A4DDA
S3150800DC70234E92000CFA04FCAE624FEA2C2C8A6200
S3150800DC80EAE6013ADFE6013AEFE7DFF884C0CCF8C6
S3150800DC907020204A0CF5005CCCF87470C2F874E069
S3150800DCA0CCF87870966735B94FF6FF769D68CCF84C
S3150800DCB07C60ADB2D567082C0DD0A4F10B02012A01
S3150800DCC035D893F825504FF40042002D35D0134D22
S3150800DCD0C5F870222BE0DE6A0C4A114D16BB0126E8
S3150800DCE0AE6020E0009000506F3700206E370020AD
S3150800DCF0E8350020001003B8000003B8002003B878
S3150800DD00FCFF070000E100E0E4350020009003B8BE
S3150800DD10004003B8005003B8006003B8005001B8CB
S3150800DD2000A003B8966006271E6BAF6096601A6A55
S3150800DD30B2F5801F7FF4D2AED6E6404DC8E7404E16
S3150800DD40B7F5802F33643F4BC3F840B04FF0080B4C
S3150800DD50C3F840B04FF0FF3BC6F84CB0C3F84C9040
S3150800DD60C6F850B0C3F85080C6F854B0C3F854E0AB
S3150800DD70C6F858B0C3F858C0C6F848B09D64C3F88A
S3150800DD8040A037D1557807232D4E4FF0FF377364DF
S3150800DD902C4B5D6408255D64D2F808803766C3F8A5
S3150800DDA06080156977665D66D2F818E0B766C3F8CD
S3150800DDB068E0D2F820C045EA080545EA0E0545EAB6
S3150800DDC00C05F766C3F86CC0F765DD65926A5A6498
S3150800DDD08268D2E900352B4343EA81011A4B01F0E8
S3150800DDE01F01EDE6B7F5802F04D14268072C557858
S3150800DDF0C9D8B7E68268B7F5C02FD2E9003543EA35
S3150800DE0005034FEA8105F0D0072C45EA0301E5D85A
S3150800DE10D3E60D49C1F888300A4B01F50051C1F81F
S3150800DE208C40C3F88C508A61DA614723F5E6074BC4
S3150800DE300EE700224FF480535A60FFDE006001B8F7
S3150800DE40006003B8005003B8004003B8000003B8E8
S3150800DE50024B02211878FFF7B1BD00BF6F370020CB
S3150800DE60084B1B783BB1012B07D1074B042203F55E
S3150800DE708053DA607047054BF8E700224FF4805369
S3150800DE80DA60FFDE6F370020004003B8000003B8F1
S3150800DE900F4B1B788BB1012B11D10E4A012102F5CC
S3150800DEA080528B4291600FD80A4A0B49002B08BF53
S3150800DEB00A4693689B07FCD47047074AEEE7002298
S3150800DEC04FF480539A60FFDE00239B68FBE700BF90
S3150800DED06F370020004003B8000003B838B50B4B75
S3150800DEE00B4C002818BF1C46A569E3691D4007D0DE
S3150800DEF0084B1B682BB12846984704F50054A561C2
S3150800DF0038BD6B05F9D5FFF7C3FFF6E7004003B840
S3150800DF10000003B8E435002008B50246FFF762FDA5
S3150800DF20C0B11649BAB9164BDA610B78082B02BF8D
S3150800DF300121144B5960124B012103F500538A4203
S3150800DF40596017D8104B0E49002A08BF0B465A6865
S3150800DF509207FCD408BD012A4FF0000301D0DB610B
S3150800DF60FFDE0948C3610B78082B04BF054B5A60CE
S3150800DF70054BE1E700235B68F2E700BF6E37002038
S3150800DF80000003B800A003B8004003B8014B187896
S3150800DF90FFF7C2BF6F3700204FF604014FF60502A0
S3150800DFA0044B01201B6C9BB28B4208BF1346024AE6
S3150800DFB0136670470080E00F00C001B82DE9F74FDF
S3150800DFC081460F464FF0FF35FFF7BCF80026019053
S3150800DFD08A462C463046DFF8D8B006F110031B01F6
S3150800DFE05BF8033003F00308B8F1010F15D130468A
S3150800DFF0FFF7C0F802460B4601985146FEF722FE87
S3150800E000DBF8643006F10802D340DB0739D5002F68
S3150800E01040D000252C463E6040460136082EDCD10D
S3150800E02060B3234A0027D2F808C0916B0CF440333A
S3150800E0300131A4FB0141641941F10001B3F5003F28
S3150800E04030D1536B0CF4405C013347F10006BCF544
S3150800E050805F22D1156B15F5807505FB06F647F12D
S3150800E060000203FB0266A5FB03323244594304FB54
S3150800E0700212A3FB04341444C9E9003403B0BDE812
S3150800E080F08FA84271EB0403C6D207B13E6005467D
S3150800E0900C46C1E73D463C46BEE7320242EA1362F9
S3150800E0A01B02E3E7136B13F5807347F10002DDE704
S3150800E0B000C001B8F8B5062005F001FC044605F0D5
S3150800E0C0DBFB42F21073041B9C42054618D94FF03D
S3150800E0D080624F240B4B5A6441F26F770A4E0BE06D
S3150800E0E005F0CAFB401BB8424FF4837221468CBF29
S3150800E0F000200120FBF79EFC736C5B01F0D5F8BD90
S3150800E1001A24E9E7002002B8000002B8034B1A6E89
S3150800E110596E03F500530A401A66704700800A5084
S3150800E120FF28F8B506D1FF294FF0070006D00029C9
S3150800E13067D103E0FF2962D10F2862D80026324C46
S3150800E140324D84F8800084F88160686940F25D1277
S3150800E1504B2100F00100FBF76DFC11231022AB6682
S3150800E1602B4B6E66C3F888219A6001213B20F3F792
S3150800E170E3FC94F88110274A94F880300A4326492C
S3150800E180063341F82320254B3E201D68F3F7EEFCA5
S3150800E1906F08ED070246334628463946F8F7C2FFA8
S3150800E1A0090241EA1061C0F3C05040EA41001C4B25
S3150800E1B02067186B10F5807005D14FF4D6722B21A5
S3150800E1C0FBF738FC02200246002300200121F8F75D
S3150800E1D0A9FF60673E20F3F7C9FC40F64943584358
S3150800E1E0000DFF2828BFFF20022838BF0220002183
S3150800E1F084F88400012000F015FD0020F8BD0F28E2
S3150800E20095D92120FAE700BF003E00B000800A50E9
S3150800E21000E100E0020D0C00008003507835002074
S3150800E22000C001B82DE9F34105460F466846114678
S3150800E230FFF7C4FE0646B0B1AFB1DDE900321B0AEE
S3150800E24043EA0263A5FB0384094B120A05FB024451
S3150800E2501A6812B9FFF726FA0246002340462146F5
S3150800E260F8F760FF3860304602B0BDE8F08100BFBD
S3150800E2707835002070B5FFF71DFF0021022000F059
S3150800E280D1FC05F0F9FA04460F4D104ED5F8F433D3
S3150800E2901B070BD508F0F7FFBDE8704002220C4BB0
S3150800E2A0DA6001220B4B1A7008F0E8BF05F0E4FAB1
S3150800E2B0001BB0424FF405724FF045018CBF002099
S3150800E2C00120FBF7B7FBE1E7000002B83F420F0069
S3150800E2D000C001B870370020214910B50B78002B13
S3150800E2E03DD001221F4C94F881300133DBB202FA8B
S3150800E2F003F31D4A5366136608221C4BC3F888218C
S3150800E30000230B7003231A4A39211364A2F580529D
S3150800E3105364184B40F2C322586CC0F38060FBF775
S3150800E32089FB4FF48041144A144BC2F89410144ADE
S3150800E330A16FD26E914202BFD3F86C21E267D3F87F
S3150800E3406431E06F08BFA4F88630B4F8861000F090
S3150800E350DDF8BDE810400121022000F063BC10BDC5
S3150800E36070370020003E00B000A00A5000E100E02F
S3150800E37000A00950000002B800E001B800C001B8CA
S3150800E38000800A5010B504463E20F3F7EFFB6043C1
S3150800E390034B00F5F42000F59070B0FBF3F010BDC8
S3150800E3A040420F002DE9F74FFFF7ECFF0446FFF751
S3150800E3B081FE08F068FF00214B4F05466846397014
S3150800E3C0FFF7FCFD494B80469E69494BDB6813F015
S3150800E3D0706F1CD1474B5B6913F0060A17D1E0B181
S3150800E3E0454B611D1868A1FB00B93E20F3F7BEFB3B
S3150800E3F05346024649465846F8F794FE009B0902DA
S3150800E40041EA106100029842019B994105D32846CA
S3150800E41003B0BDE8F04F08F031BF0021022000F03C
S3150800E42001FC05F029FA8146DFF8C4B0DFF8D4A06C
S3150800E430DBF8F4331B0741D5B8F1000F4DD0DDE901
S3150800E44000893E20F3F792FB4FEA182141EA096159
S3150800E4504FEA1923A0FB019800FB0388264B1A688C
S3150800E46012B9FFF71FF90246002348464146F8F756
S3150800E47059FE0121214B013493F88130DFF86CC035
S3150800E48001331F4A361BDFF880E0DBB201FA03F3DB
S3150800E4900644CEF86030CCF86C605366DCF8182079
S3150800E4A0DCF86C60241A921BA24216D2CEF86430AD
S3150800E4B00220CEF8603000F0B5FBA8E705F0DCF9DD
S3150800E4C0A0EB0900504540F26A224FF045018CBF87
S3150800E4D000200120FBF7AEFAAAE70222054BDA6014
S3150800E4E001233B7093E700BF7037002000800A5075
S3150800E4F0000002B800C001B878350020003E00B020
S3150800E50000900A503F420F0000A00A5001232DE94F
S3150800E510F74F9A4F044697F881208A469340984ABF
S3150800E5200E46936697F88020964B0546C3F8D82082
S3150800E5304FF40032944B4FF0000B1A610223DFF8B8
S3150800E5405482C8F80C30914B9B6903F1FF39A3EB51
S3150800E5500903002B40F3D4800BF1010BBBF1020F2A
S3150800E56057D9EC220D210020FBF764FA4FF08053AF
S3150800E570874A884F53664FF40031804BC7F86C5171
S3150800E580C3E91E950025C7F86461A3F88660116182
S3150800E5907C4AC2F8D85093F8812001239340784AE0
S3150800E5A0936608F070FE2A462B464FF4807E3E6A34
S3150800E5B0D7F864C002F110010901795801F0030186
S3150800E5C0012910D10EFA02F111EA0C0F0BD107EB53
S3150800E5D00215B442D5F80C5100F2A580AC4202D21D
S3150800E5E0AE4280F0A3800132082AE3D16A4D296839
S3150800E5F0012940F29E803BB16049B1F882201A4356
S3150800E600A1F88220604A536603B0BDE8F04F08F0CF
S3150800E61035BE012397F881205C4D9340584A93668E
S3150800E62008F031FE4FF08052594B01905A66AB699B
S3150800E63003F10109C5F86C90D8F83010D8F80830FD
S3150800E640DD036DD5BA6F3E6FA9EB0202A2FB062663
S3150800E6507B6F01F58071A6FB03E5A2FB03C313EBF1
S3150800E6600E03A1FB03EC45F1000501FB05CCB2EB5B
S3150800E6700E0266EB0C06120A42EA06625244B2EB36
S3150800E680112F4FEA112603D3013345F10005921BDA
S3150800E690043E964228BF1646C8F8186097F88520A3
S3150800E6A0D8F82010E318D2B245F100058C42D8F804
S3150800E6B0381084BF02F1FF32D2B2481C0ED04FF098
S3150800E6C0000E01F1010C99427EEB050008D20132D9
S3150800E6D0B3EB0C03D2B265F10005F4E72A44D2B2D3
S3150800E6E01D4602F0030287F88520C8F8203001236A
S3150800E6F097F8812001989340284A936608F0BEFD52
S3150800E700224B9B6900BF00BF00BF00BF00BF00BF10
S3150800E71000BF00BFD8F86420D2007FF518AF25E700
S3150800E72056462546E3E7AC42BFF45AAF19438BB2C7
S3150800E73059E71B4A1478142C01BF0024194E14708B
S3150800E7403470147801341470002B3FF45DAF0B4E0F
S3150800E750B6F882401C43A6F882400B4C6366114CFF
S3150800E76023780133DBB2022B23707FF44DAF0023ED
S3150800E770013129601370237046E700BF003E00B0E0
S3150800E78000A00A500080035000D001B800800A504B
S3150800E79000E001B800C001B81035002000900A500A
S3150800E7A072370020713700204FF00052014B1A6073
S3150800E7B0704700BF00E100E04FF00052034BC3F87A
S3150800E7C08020BFF34F8FBFF36F8F704700E100E0E3
S3150800E7D0F8B50B46002213F8044B944225D91D6858
S3150800E7E0854224D106245A791D79124B88181E6849
S3150800E7F004FB0503104F33F8063C7B43B3420ED99E
S3150800E80000238A5A7A43964202D804FB0300F8BDCD
S3150800E8109D42FAD9013304FB03F2825AF2E740F229
S3150800E82047423D210020FBF705F90020EFE70833B2
S3150800E8300132D2E7EC35002040420F002DE9F04FB7
S3150800E8404FF0000EA2FB016BDFF8F4C2DFF8F4828A
S3150800E85016EB0C0C1F466BF10003E0457EEB030339
S3150800E86083B009D240F23E220E217046FBF7E2F849
S3150800E870022003B0BDE8F08FD7F814A00C46154661
S3150800E8808146BAF1000F04D0DAF80030032B00F203
S3150800E8909A809E4B9E4A9B6BD2F8FCA0C3F3140841
S3150800E8A09C4B1B6F5A074EBF4FF440039B0503F062
S3150800E8B0E07348EA0308984BD3F8EC305B0048BF8E
S3150800E8C048F0807848EA456805F0F8F8012D0246D0
S3150800E8D0CED10028CCD0914B984200F0858003F524
S3150800E8E0122303F5F863984200F090808C4B984207
S3150800E8F000F0EB80002501902B4600204FF00071B8
S3150800E900F8F710FC2B46019A013006FB03F300FBCF
S3150800E9100B33A6FB00600344C8F31300A0FB0221D7
S3150800E920203300FB05119B093B607E4BD20C1C6013
S3150800E93042EA41317C4B18F4801F08BF49421960EE
S3150800E9407A4B0C441C60BAF1000F5BD00023DAF84E
S3150800E9501C5018F0807F18BF6408BB607B60002DD0
S3150800E96046D099F82720073A012A41D9694ED6F8A0
S3150800E9703C21D0027FD4DAF80000002C00F0A980F0
S3150800E980B4FA84F1072900F3A480C1F1080325FA33
S3150800E99003F304FA01F10133B1FBF3F14B004FEA3B
S3150800E9A0442C0133E40D01E002330131A5FB036277
S3150800E9B0B44574EB0202F7D2C1F30E031B0343F00E
S3150800E9C00063BB6016E0042BDAF828807FF47CAF7E
S3150800E9D018F0807F14BF4FF4400308F0E07328F066
S3150800E9E0E07848EA03086FE7002351481D468CE79C
S3150800E9F0DAF8000000230628FB603B6102D9DAF842
S3150800EA0030303BB9002003B0BDE8F08F00234948F9
S3150800EA101D467AE705F052F8DAF83010FFF7D8FE07
S3150800EA20044610B18378002B56D105F007F8DAF8BA
S3150800EA303010FFF7CDFE04460028E3D08378002B7C
S3150800EA40E0D0407940F27352003818BF01203D21CA
S3150800EA50FAF7F0FF207940F2745200384FF03D0182
S3150800EA6018BF0120FAF7E6FF237962791B0243EA09
S3150800EA7002133B61C6E781EAE172A2EBE1722E4915
S3150800EA80C8F3815811F808C019464FEA8C6C60081B
S3150800EA90CCFB02012246F8F745FB0346DAF80000EC
S3150800EAA00E280ED9194A916BB26CD6F83C61D2067B
S3150800EAB007D501F4801106F40016314308BFC3F5E3
S3150800EAC08013C3F313037B6057E700231B481D46D7
S3150800EAD01BE72B4621025FE740794FF4AB6200380B
S3150800EAE018BF01203D21FAF7A5FF207940F25952B7
S3150800EAF0003818BF01203D21FAF79CFF2379627977
S3150800EB001B0243EA0213FB608FE700BF008001B8CF
S3150800EB10004F00B0004001B8000002B800F04902FA
S3150800EB20005A6202F4350020F0350020EC3500204A
S3150800EB300A3BB2DF313641DCC0A70108D694BFD6FE
S3150800EB40006CCA88807C814A10B5044686B059B9DB
S3150800EB50214B4168D3F8FC30827A20480593006837
S3150800EB606B46FFF76BFE69461D4B0A685A631A4BDC
S3150800EB70D3F8FC3033B34B6843B11A4B1A4AC3F87F
S3150800EB803C214A68A3F58053C3F83C218B6843B1FE
S3150800EB90144B164AC3F81C218A68A3F58053C3F898
S3150800EBA01C21134AC868D2F8983123F4EE6303434C
S3150800EBB0C2F89831D2F89031096923F4EE630B4311
S3150800EBC0C2F89031002022890A4B9A6203F5A033D5
S3150800EBD0186406B010BD00BF004F00B0E434002032
S3150800EBE0008001B8006001B8FFFF0F0000F0FF0FBA
S3150800EBF0000002B8004000B8074BD3F88022D207BD
S3150800EC0007D55B6E002B4FF48043B4BF034A044A12
S3150800EC1013650020704700BF00800050002002B82E
S3150800EC20001002B8064B1A6C9207FCD4022240EA7E
S3150800EC3001205860034B1A640122034B1A7070476F
S3150800EC4000C002B800D002B8733700202DE9F041A1
S3150800EC50364F0646FB68C3F30363022B64D104F000
S3150800EC600BFE0546DFF8DC80BC6A14F4802449D123
S3150800EC7008F009FBFB680546C3F30363022B3BD187
S3150800EC80304604F066FD28B1294B93F8F4200AB102
S3150800EC9083F8F5400022274B83F89C20234B5B6CB6
S3150800ECA098053DD5224BD3F8DC3059889A68C907B0
S3150800ECB048BF1821D66848BF927806F4000044BFBA
S3150800ECC001FB023303F10C021B4B06F008069B6995
S3150800ECD093608022194BDA6038B14FF4003203F59D
S3150800ECE0A043CF20DA61FDF7F9FECEB14FF40072EA
S3150800ECF0134B5A6402229A60284608F0BFFA204647
S3150800ED00BDE8F08104F0B8FD401B40454FF06402B1
S3150800ED104FF047018CBF00200120FAF78BFEA3E7CE
S3150800ED208022024B1A61E7E70224E8E7000002B8EE
S3150800ED30003E00B0003F00B000C000B800C001B8F7
S3150800ED40002002B83F420F0010B590B10468012CAC
S3150800ED500FD902696AB11168094B102C19605168FC
S3150800ED605960916888BFD268996094BFD960DA60A3
S3150800ED7010BD10220021024803F053FFF8E700BF38
S3150800ED80FC3500201B4B2DE9F0410D4616461C6844
S3150800ED9058B34FF47A7343438A68A3F6AC539B1A65
S3150800EDA04A689B1A144AD8171168144FA1FB0332F4
S3150800EDB001FB002213F1807342F100025B0E43EA65
S3150800EDC0C213803B33620E4BD3F8C43073623B6880
S3150800EDD073B1204604F0BDFC50B1324629463B6863
S3150800EDE0D4F8E400BDE8F04118474AF6C873D9E7F5
S3150800EDF0BDE8F081E43400200C360020F835002008
S3150800EE00003F00B0084BC1171A68A2FB000302FBBB
S3150800EE10013310F1807043F10003400E40EAC3103D
S3150800EE20803820EAE07070470C3600200722194B1C
S3150800EE3070B51A64184B194A1D68194BEC08E00599
S3150800EE40C0184FEA153141F100010023F8F76AF9B5
S3150800EE50144B154E18601548FFF7D4FF4042C6F804
S3150800EE60DC0049F65800FFF7CDFFC6F8A8001048A1
S3150800EE70FEF7A2F9024660B1E301500818184FEAF6
S3150800EE8015714FF0000341F10001F8F74BF9C6F888
S3150800EE90B40070BD000002B87835002065CD1D00AD
S3150800EEA0B2E60E000C360020003F00B070110100DB
S3150800EEB040420F0048B14FF47A72054BDB6802FBFB
S3150800EEC00030A0F5FA50FFF79DBF47F23050FAE739
S3150800EED0FC35002010B5044698B10B4BD3F8FC005E
S3150800EEE0FFF732FF4FF47A7303FB04F0074BA0F6E3
S3150800EEF0AC50DA689B681044C01ABDE81040FFF7AA
S3150800EF0081BF4AF6C870F8E7004F00B0FC3500200C
S3150800EF10F8B50446084615461E46FFF715FF3CB3E6
S3150800EF2006F0020716F0040623D10FB3204600F0B8
S3150800EF306BF828636069FFF7BDFFE862C6B1A06891
S3150800EF40002843D04FF47A735843A0F5FA50FFF7D8
S3150800EF5059FF68614FF47A70236858432BB11D4BEB
S3150800EF601B6803F51C5310331844FFF74BFFA861C1
S3150800EF70F8BD206920B34FF47A735843154BA0F6B1
S3150800EF80AC509B68C01AFFF73DFFA862A08BD0B1B2
S3150800EF904FF47A7358430F4BA0F6AC509B68C01ACF
S3150800EFA0FFF730FFE8612A460A49E068FFF7EAFEFC
S3150800EFB00021A069FFF78EFF6863002FBFD0B5E771
S3150800EFC04AF6C870DFE74AF6C870E9E747F23050F4
S3150800EFD0BDE700BFFC35002010B50446084BD3F842
S3150800EFE0FC00FFF7B1FE204604F070FC4FF47A727D
S3150800EFF0044BDB6803F5FA7393FBF2F3184410BD70
S3150800F000004F00B0FC35002043684FF47A7058432F
S3150800F0102BB1044B1B6803F51C5310331844FFF738
S3150800F020F1BE00BFFC35002070B588B06D46184C9F
S3150800F0300FCC0FC594E80F0085E80F00FC220021CD
S3150800F040144803F0EEFD94220021134803F0E9FD6D
S3150800F05020220021114803F0E4FD04F0B7FC104B10
S3150800F0601B783BB16D460A4E0FCD0FC695E80F00CB
S3150800F07084E80F000C220B490B4803F0DDFD0B4B0F
S3150800F0800B4AD3F87831C3F38243D36708B070BD0F
S3150800F090E03F00B0703E00B06C3F00B0E04F00B0FB
S3150800F0A05E370020C6A70108C83E00B0000002B8B7
S3150800F0B0003F00B0064BD3F8080F064B9B6C1A01AD
S3150800F0C003D4054B9B6E1B0401D500F58070704771
S3150800F0D0003000B0000002B8004000B810B508F0D3
S3150800F0E0D2F80E2104460320FEF78EFB40F20122D9
S3150800F0F0034B2046BDE81040DA6208F0BFB800BFEF
S3150800F100004000B8064B00201B6893F82430DB0942
S3150800F11002BF0322034BC3F85022FAF7D1BF00BF40
S3150800F120E4340020006001B8012370B5074C237051
S3150800F130074B1E68074B3240D3E900531940284055
S3150800F140FBF7BEFC0023237070BD00BF7837002094
S3150800F15014360020C01E0020024B5868C0F3C000B9
S3150800F160704700BFC01E0020034B1B6813F4C06F16
S3150800F17014BF012000207047C01E002010B50446A9
S3150800F180FEF75CFA00F064FE2046FCF78DFEFEF7FB
S3150800F190DFF9FDF7C3FCFDF735FDFFF747FE134919
S3150800F1A00723134AD1F8FC1004F58270FFF7B0FE66
S3150800F1B04FF080710020FEF71FF84FF000720D4BDC
S3150800F1C04FF400110120C3F80021FEF715F8FEF7E9
S3150800F1D0E3FE20B940F223121421FAF72BFC04F0BF
S3150800F1E0F3FBBDE810400120FDF7BEBB004F00B0A1
S3150800F1F0A43F00B000D001B88023074A536408230F
S3150800F20040B15364054AD2F8D83E23F02003C2F829
S3150800F210D83E7047024AF4E7001002B8003000B042
S3150800F220002002B810B508F02EF801210446002087
S3150800F230FFF7E2FF044B1961044B5B6898472046C9
S3150800F240BDE8104008F01AB8000002B808390020D6
S3150800F2502DE9F3410D460024074608F014F8214B22
S3150800F26006462046DFF88C801C70FFF7C5FF1E4B4C
S3150800F270C8F87430C8F878406879431E584258412F
S3150800F280FBF734FB40F60143C8F878302A79296839
S3150800F290012AD7F8143101D1994200D3CC1A042394
S3150800F2A003200DEB03010194FDF7FCFC50B98822FD
S3150800F2B00E4B30465A6407F0E1FF2124204602B07F
S3150800F2C0BDE8F0810A4D2B6898472128044604D1E9
S3150800F2D0012100206B6898470024304607F0CEFFCE
S3150800F2E0ECE700BF7737002000000101002002B8D4
S3150800F2F00839002000C001B8F8B5194C0546207831
S3150800F30040F27D22B0FA80F03E214009FAF792FBDE
S3150800F31055B9607840F27D22BDE8F840B0FA80F031
S3150800F3203E214009FAF786BB4FF440660D4F0E4D55
S3150800F330D7F8083140F27D22C3F381232370C5F83C
S3150800F340086160783E21B0FA80F04009FAF772FB4E
S3150800F350D7F80C31C3F381236370C5F80C61F8BD87
S3150800F36074370020004000B8006000B8A82238B5FD
S3150800F3701C4B5D6C03F500535A6410229A60A3F582
S3150800F380804302F100521A675A6600F0ABFF164B2B
S3150800F3901B7813B90320FDF767FC0024134B9C6701
S3150800F3A000F0C6FF124A134BD2F8081F0B40C2F8EA
S3150800F3B0083F0422104B5A64104BAA06C3F8E040D3
S3150800F3C009D503F58073D3F89030B3F5817F22BF52
S3150800F3D08022044B1A61FCF7C1FA0022084B1A7006
S3150800F3E038BD00BF000002B87737002000C001B85A
S3150800F3F0003000B0DF0000FF002002B8003E00B079
S3150800F400763700200D4A10B5D2F8A030D2F8A410ED
S3150800F4100B40B3F1804F0CD34FF040400849094CDC
S3150800F420C1F8A400D467C1F8A0004FF48021064AA9
S3150800F430D161034AC2F8A03010BD00BF0040005099
S3150800F440006000500000FF01001002B89E4B2DE935
S3150800F450F04F9A6EDB6E85B002EA03089B4BC3F841
S3150800F46068804FF03A43D3F81461D3F818311E4038
S3150800F470974BC3F81461974B9A68DB6802EA030A4C
S3150800F480954BC3F808A003F52043DA691B6A02EA1C
S3150800F4900309924B09F47702DA61914BD3F80422F7
S3150800F4A0110706D4D3F804311A07C3F3C00740F18D
S3150800F4B0E98007F0E8FE8B4B5A695F6E1B6F12F006
S3150800F4C0060F07EA0307884A27F0007323F4006348
S3150800F4D014BF4FF0010B4FF0000B53667B0706D5A0
S3150800F4E0824A92F885300133DBB282F8853007F01C
S3150800F4F0C5FEB8F1000F00F0E38018F400442BD0E5
S3150800F50007F0C1FE0146FFF7D5FD0446784B1D6896
S3150800F5102A682B689A42FCD02A689A42FCD0FFF7E0
S3150800F520C9FDA04240F0B080084607F0A7FE714B1F
S3150800F5301C60714B5D6C15F4E05240F0A78024F016
S3150800F5407F4424F0DF040CB9FFF710FF6B4B012052
S3150800F5501B6898474FF0807418F0020F4FF00005AB
S3150800F56014D0654B5D495B6C03F460424A64002A1B
S3150800F57000F0A0801D0400F1A08013F4005F0CBF0A
S3150800F5804FF000534FF0006300251C43C8F3403882
S3150800F5904FEA48085A4B3340002B4BD016F4206FDD
S3150800F5A00AD040F2BC5206210020FAF743FA00209E
S3150800F5B000F01CFF26F48026F00506D5FF22474BEF
S3150800F5C044F4C0649A60FFF789FD16F0090F0BD062
S3150800F5D040F2D15208210020FAF72CFA00F0FAFE80
S3150800F5E04FF03A4301225A6316F0106F0CD040F2DE
S3150800F5F0DA5209210020FAF71DFA00F0EBFE002284
S3150800F60011461046FCF758FD16F4202F0AD040F292
S3150800F610E25207210020FAF70DFA002000F0E6FE74
S3150800F62026F48026F10301D5FCF798FE002EB8BF14
S3150800F63048F0080872070ED54FF03A431B6B13F4CF
S3150800F640005F4FF4005317BF214A2E4A136344F450
S3150800F650000408BF1363730548BF44F0040416F496
S3150800F6608023019300F0B780FCF72EFE01380628A8
S3150800F6704AD8DFE810F03E0141013E014401470146
S3150800F6804A014A01BB4634E7044641E70192FFF7BF
S3150800F6906DFE124B019A5A6415F4805307D115F47E
S3150800F6A0806F0CBF4FF080544FF0806454E74FF0E2
S3150800F6B0804451E74FF0007366E74FF0004363E775
S3150800F6C04446454666E700BF004000B8006000B8FB
S3150800F6D0002000BA004001B8006001B8002002B856
S3150800F6E000E100E000C001B800E001B8003E00B04B
S3150800F6F008A5010810360020000002B820390020AD
S3150800F700090B0B89001000BA40F21362032100208E
S3150800F710FAF790F94FF03A420121D2F88C30D2F834
S3150800F720AC0003F00703063301FA03F3C0F30C0039
S3150800F7301B1A9BB2072B12D97E4B5B6C58020ED450
S3150800F7407D48D36CD26E406D58B103F0070306337B
S3150800F7509940C2F30C03C91A89B2072901D844F49F
S3150800F7600074764B1B78002B35D04FF03A43D3F80C
S3150800F770143113F4A02F2ED1714B724A1B7893B90A
S3150800F780FB0410D4137873B1E3086F4943EA457351
S3150800F79083F00103D1F8081F03F001035B0021FA87
S3150800F7A003F3980717D10420FDF75EFA674B6849FB
S3150800F7B0596700F03FFB634A137843B9654B1B78DA
S3150800F7C02BB1654B654A1B682340134201D144F4AB
S3150800F7D0804427F48057BAF1000F27D01AF4805FC7
S3150800F7E018BF44F480241AF4807F18BF44F4002418
S3150800F7F01AF4005F18BF44F010041AF4007F18BF0B
S3150800F80044F020041AF4806F18BF44F040041AF438
S3150800F810006F18BF44F080041AF0805F06D0504B82
S3150800F8200021186845F48055FBF77AFBB9F1000FFB
S3150800F8303ED019F4802F18BF45F4007519F4803F9F
S3150800F84005D0484B03201B6844F48054984719F4A4
S3150800F850801F18BF44F4003419F4001F18BF44F081
S3150800F860020419F4003F18BF44F4801419F4800FF9
S3150800F87018BF45F0100519F4002F19D0324BD3F8EC
S3150800F880D83E13F0C00F13D02A4AD368C3F30363D4
S3150800F890032B01D0072B05D1936CD90602D4D36C60
S3150800F8A01B0739D54FF400222F4B29F40029DA61BA
S3150800F8B0002F00F02381380540F18E802B49234A1A
S3150800F8C091F803A02A4BBAF1000F57D04FF4006005
S3150800F8D00AF1FF3A58665FFA8AF3CB7033B9254BBB
S3150800F8E01B78E3B140F60142234B5A6700230022F6
S3150800F8F070E044F480340DE744F400640AE744F405
S3150800F900806407E744F4807404E7164B02201B68FA
S3150800F91044F008049847FDE644F40014C8E7936FDA
S3150800F92013F4A05F15BF4FF4807340F60143936547
S3150800F9309367DBE7000002B8004000B87A3700207A
S3150800F940793700207C370020003000B000C001B8AD
S3150800F950000001017B370020C01E0020088D010031
S3150800F960E434002020390020002002B86437002043
S3150800F97000E001B87737002000D001B80320FDF772
S3150800F98073F9A54AA54B526912F0060F76D0504670
S3150800F990FDF752FB4FF40061A04B9F4A5966536925
S3150800F9A09F4813F0060308BF9367B0F882309D4955
S3150800F9B013F4006266D023F40063A0F882300B7853
S3150800F9C003F0FF0A002B61D1FDF722FCFFF7CEFCFE
S3150800F9D0534620221C431543B90009D52E20FDF7AE
S3150800F9E07DF84FF000528D4B45F008051A675A66A8
S3150800F9F0FA0608D52B20FDF771F81022874B45F437
S3150800FA0000151A675A6617F0306F05D1FB0469D5D9
S3150800FA10BBF1000F00F0BF80380115D52920FDF78E
S3150800FA205DF8814B8149DB6803F48042C3F3803378
S3150800FA300B70FFF791FB28B17D4B78497D484B66E3
S3150800FA40036732BB45F0040517F0007B2ED004206F
S3150800FA50FDF70AF92720FDF741F8FFF787FC4FF075
S3150800FA6000726E4B5A66744BD3F8082F52067AD436
S3150800FA700222724B9A6045F002052EE041F61F728B
S3150800FA805A6787E70B784FF40053A3E74FF4004310
S3150800FA902DE70B6720204B66FDF720F845F4001587
S3150800FAA02D2045F00C05FDF719F8CDE717F0807FF6
S3150800FAB0DFF864A142D00420FDF7D6F82820FDF728
S3150800FAC00DF8DAF87830002B35D1FFF74FFC534B99
S3150800FAD0574A45F001051A675A66FFF713FB0022D5
S3150800FAE04D4B9A65BB0409D5554A5379002B00F04E
S3150800FAF0CC80013B5371002348EA0308424620465E
S3150800FB002946FFF711FB019B0BB1FCF715FC4FF0DB
S3150800FB1000424C4B06F00436C3F814614A4B19F4FC
S3150800FB20002FC3F880211EBF4FF40022434BDA6131
S3150800FB3005B0BDE8F08FCAF878B0C8E7F904CED5A5
S3150800FB400420FDF791F8414BCAF87430FDF760FBC5
S3150800FB50DAF8643013F0407FC1D12A20FCF7BEFFE3
S3150800FB60FFF704FC7FE7D3F8D83E9B0683D402222E
S3150800FB70374B9A60374B1B6893F8253098077FF503
S3150800FB807AAF274B93F8F430002B3FF474AF8022FA
S3150800FB90254B1A616FE72A4A13794BB1013BDBB251
S3150800FBA0137113B9234B2C4A5A6700231C4399E750
S3150800FBB00420FDF759F80320FDF756F8164B234A9B
S3150800FBC05A6707F060FB82460DF10F00FDF7D8FE75
S3150800FBD0224B83461B780BB1FFF780FABBF1030F64
S3150800FBE00ED1DFF844B00020FDF7CAFE032807D17E
S3150800FBF0DBF82830D907F6D4DBF84830DA03F2D434
S3150800FC009DF80F30032B2DD10122154B50461A7043
S3150800FC1007F034FBC9E700BF00C001B800E001B82F
S3150800FC20003E00B077370020000002B87637002083
S3150800FC301000002000D001B8003000B0002002B843
S3150800FC4064370020002000BA00E100E0000001014E
S3150800FC50001002B8E43400200000010D7D370020B2
S3150800FC60793700204FF03A43D3F8143113F4A02F14
S3150800FC70CAD100F0DFF8504607F000FB054B032019
S3150800FC801B6898474FF4804390E70520FCF7ECFF84
S3150800FC90012331E7203900200122024B1A62DA617A
S3150800FCA0704700BF002002B8094A08B5D369116A2F
S3150800FCB00B40084923F47F00DB07C86106D5D168E5
S3150800FCC04FF0FF30C1F3036103F089FE08BD00BFA2
S3150800FCD0000002B8002002B80C4A08B5936CD26C32
S3150800FCE013400B4A9364DB070FD50A4B40F66D02A7
S3150800FCF01878122100F00100F9F79CFEBDE80840CB
S3150800FD00002201200021FFF70FBA08BD00C000B885
S3150800FD1000E000B8C01E002070B5154D2C6C6B6C49
S3150800FD201C40144B24F002021A64E20705D540F67B
S3150800FD30D40200202968F9F77DFEA30716D502220A
S3150800FD400C4B1A640C4A6B6814687CB1DBB2042B42
S3150800FD5007D100220121094B18682346BDE87040E7
S3150800FD601847052B02D100221146F4E770BD00BFE3
S3150800FD700080095000A0095040350020E4340020D6
S3150800FD8038B50B4C0B4DD4F88430DB0706D4A36F7B
S3150800FD90D4F884201340084A936738BDD5F804314F
S3150800FDA05A06F0D5FFF7B8FF4023C5F88431EAE7CD
S3150800FDB0008001B800E100E000A001B808B507F02E
S3150800FDC062FA0E4B1A78A2B90D4A126812F4843FE9
S3150800FDD00FD10C4A102111651B7863B9084B1B68B3
S3150800FDE0DB0508D4074B20221A65BDE8084007F052
S3150800FDF045BA054AEEE7044BF5E700BF7A37002017
S3150800FE00C01E0020002002B8001002B810B507F086
S3150800FE103AFA0E2104460320FDF7F6FC40F20122C9
S3150800FE20034B2046BDE81040DA6207F027BA00BF48
S3150800FE30004000B80022044B1A70044B197811B11F
S3150800FE401A70FFF7BBBF7047793700207A37002052
S3150800FE5038B507F018FA4FF08043244C0546C4F825
S3150800FE608030BFF34F8FBFF36F8F4FF00043C4F856
S3150800FE708030BFF34F8FBFF36F8F0123C4F88430F0
S3150800FE80BFF34F8FBFF36F8F0223C4F88430BFF3DD
S3150800FE904F8FBFF36F8F0423C4F88430BFF34F8F9F
S3150800FEA0BFF36F8FFEF788FC0823C4F88430BFF3CE
S3150800FEB04F8FBFF36F8F1023C4F88430BFF34F8F73
S3150800FEC0BFF36F8F2023C4F88430BFF34F8FBFF37F
S3150800FED06F8F8023C4F88430BFF34F8FBFF36F8FC3
S3150800FEE02846BDE8384007F0C9B900BF00E100E080
S3150800FEF038B507F0C8F905464FF080430B4C236028
S3150800FF004FF0004323600223636004236360FEF717
S3150800FF104BFC0823636010236360202363608023FF
S3150800FF2063602846BDE8384007F0A8B900E100E05C
S3150800FF302DE9F047DDF820A003EA0108099B0646EB
S3150800FF400D4602EA000703EA0A09BAF1000F40F073
S3150800FF504F81031F0B4300F00F81052871F1000341
S3150800FF6080F0E58050EA010300F07581431E0B43DB
S3150800FF7000F02581FFF76CFFB84AD2E9004323EA6F
S3150800FF80050324EA06043C4343EA0807B44BC2E9DE
S3150800FF9000471E6826EA0A0646EA09061E60FFF7B3
S3150800FFA00DFF14F02A4F14BF48F202034FF4004322
S3150800FFB0AC4AB007D26EAC4848BF43F4005383EA54
S3150800FFC0020122EA0302C266A84A0B408166D3668A
S3150800FFD0C4F380421203210348BF42F48072E30649
S3150800FFE048BF42F40052A24BA50648BF42F400722D
S3150800FFF0600648BF42F480622106D96848BF42F4C9
S31508010000006282EA010323F080539A4819401A4094
S31508010010C1608360984B17F4007FDA60974B07F449
S31508010020007200F0048101224FF4802583F8A02094
S31508010030E30448BF45F48035A00348BF45F480155D
S31508010040A10748BF45F4001514F4001FDFF86882BC
S3150801005006D0D8F8000003F0DEFC08B945F40025FF
S31508010060E20248BF45F40035FB06854B48BF45F417
S3150801007080051A6A834985EA020323F001031A40B7
S315080100800A621D40CB61804B16F0010F1D627F4B42
S315080100907F4A18BF1A467F4B7D071B6F48BF42F040
S315080100A000627D4882EA030123EA020303677B4B68
S315080100B00A4041661A677A4A04F00103D16CA0F531
S315080100C0803081EA030221EA0301C16482641A408D
S315080100D0744B2002DA64D8F8002048BF724B92F8B4
S315080100E0022158BF714B610748BF43F4806322B1AF
S315080100F014F4C06F18BF43F4807332074FF03A42C5
S31508010100BDE8F047D2F8181148BF43F0004383EA27
S31508010110010222F4A02266481140C0F818111340C2
S31508010120C0F81421634AC2F81831FFF7E1BEA0F5F9
S3150801013080630B4306D020F48063A3F500730B4359
S315080101407FF418AF07F09FF84449D1E9003223EA52
S31508010150060322EA050242EA08023B43C1E90032E4
S31508010160554A126892F80211514A09B313F4C06F3D
S315080101701ED04FF4807311E007F085F8374AD2E9AB
S31508010180003123F004033B4341EA080157EA080713
S31508010190C2E900314FF48063454A0BD0C2F81431E5
S315080101A0A2F58052C2F81831BDE8F04707F066B8E3
S315080101B04FF48073C2F81831C2F81431F4E707F026
S315080101C062F8264AD2E9003123F001033B4341EAAA
S315080101D00801C2E900310123384A57EA08071BBF5B
S315080101E09364A2F58052D364D36408BF9364DBE7B2
S315080101F050EA01037FF4BEAEBAF1010F7FF4BAAE3D
S3150801020007F041F8164A136823F0010343EA090384
S3150801021013604FF40053204AB9F1000F04D0536616
S31508010220A2F580521367BFE713675366BCE793F8D5
S31508010230A01071B183F8A020214BD3F8A41003F5BF
S315080102400053C3F8A410C3F8A0104FF05023C3F805
S31508010250A4200025ECE6BDE8F08700BFC01E0020FB
S3150801026014360020004000B8006000B8005000B8FD
S31508010270004001B8006001B8005001B8003F00B065
S31508010280000002B8002002B8001002B804380003C2
S315080102900418000300C001B800E001B800D001B895
S315080102A000C000B800D000B80D0A0A09090A0A09EF
S315080102B0002000BA001000BAE434002000E000B8BB
S315080102C000400050024B186800F00100704700BF5B
S315080102D0C01E0020024B5868C0F3C030704700BFEB
S315080102E0C01E00200A4B197801F0FF0229B100212E
S315080102F0197008499202C1F80821597801F0FF02DC
S3150801030029B1002159709302024AC2F80C3170478B
S3150801031074370020005000B84FF40062034B5A644A
S315080103204FF40042A3F5E0339A667047001002B80D
S31508010330F8B5084C084D636C0423084F6B64636C6D
S315080103405B0300D4F8BD042602207E6403F09BFA01
S315080103506E64F4E7000002B8001002B8002002B883
S3150801036038B5044679B948B1164BDB681B0E13F04C
S315080103700E0F04D04FF4C062134B9A6538BD134B68
S315080103801B6CD907F6D4FFF741FD0E4D0020FDF78A
S31508010390F7FA032801D0092805D1AB6ADA07F5D49B
S315080103A0AB6CDB03F2D4FFF7C3FF0122084B5A619A
S315080103B002229A62042203F580535A64002CDDD086
S315080103C0D8E700BF000002B8006001B800C002B853
S315080103D0001002B808B503210920FDF715FA2022F5
S315080103E0014B1A6108BD00BF000002B838B50546C1
S315080103F006F049FF0E4B04461868FBF789FE35B12E
S31508010400FFF718FD2046BDE8384006F037BF094B0F
S315080104101B78002BF6D0084B1D78002DF2D1FFF77B
S3150801042009FD2A464FF480400021FEF77DFEE9E7E3
S31508010430E434002079370020783700202DE9F84F79
S31508010440574B06460D4614465B6C002A40F0A480BD
S3150801045013F0A00F14BF4FF001094FF00009FBF785
S315080104607DFAA0234FF0000ADFF84C810320C8F873
S315080104704430FCF7F9FB0420FCF7F6FB494FFFF77C
S31508010480D9FC494B4FF0040B7B67C7F878A0FFF7F7
S315080104904FFF464B4FF48071D3F8D82E42F0200215
S315080104A0C3F8D82EFF22C8F808203D4A1161D3F8AF
S315080104B0082F3F491140C3F8081FC8F844B0C3F8CC
S315080104C0E0AE7B6913F0060F04D0FCF7A1FE58468F
S315080104D0FCF7CAFBB9F1000F01D0FFF71DFF66B1A2
S315080104E0344BDB6C180701D4FFF790FCFFF772FF5A
S315080104F00420FCF7B9FBFFF7F5FE294B5A69D1072A
S3150801050048D5DA6812F0706FFBD12B4B2B4A5A6427
S315080105102B4AD2F8803023F0F003C2F8803015B1A7
S315080105202046FFF763FF274BD3F84C315A1C01D0FD
S315080105305B0002D50122204B5A615CB31D4BDA6E72
S3150801054003F500539A6603F5D0331B6A1A4A23F05A
S315080105500103D3611C4BD96803F50053996003F570
S315080105600053D3F8841003F5005399674FF03A43C3
S31508010570D3F8181103F50053C3F81411134BD96CAA
S3150801058003F500539964124903F5803359664FF60A
S3150801059008435364BDE8F88F4FF000095FE700BFD1
S315080105A0000002B800C001B800000101003000B027
S315080105B0DF0000FF004000B8002002B8100030003C
S315080105C0003F00B00080E00F004001B800C000B84D
S315080105D05000002F38B514460D4606F054FE064B5A
S315080105E0D3F8D82E54402C405440C3F8D84EBDE811
S315080105F0384006F043BE00BF003000B0034BD3F8C5
S31508010600D83E99430CBF012000207047003000B046
S31508010610174BD3F8D82E12F0010312D0154B93F8C5
S315080106206430154A43F08073C2F8D0304FF4801312
S3150801063002F50052C2F8B430A2F58052C2F8B830B9
S3150801064070471106EDD40B4B93F8631021B1D2060E
S3150801065002D593F86030E4E74FF480120020074B87
S315080106600549C3F8B820C1F8D000C3F8B4207047CB
S31508010670003000B0003F00B0004000B8006000B88C
S3150801068070B5164E032804460D4633781ED023FA54
S3150801069004F202F00102AA421DD053B10122A2407E
S315080106A0A54023EA02032B43DBB233704BB1012089
S315080106B070BD2DB10A4B01201B6898473378EDE7C9
S315080106C03570074B00201B689847F0E79A07DED07C
S315080106D003F0FC03E9E7002070BD00BF7F37002067
S315080106E050360020F8B505460C4606F0CCFD104FED
S315080106F006463B7833B1012D04D01CB90D4805F0E7
S31508010700BBF93C7021462846FFF7BAFF0A4B044657
S315080107101B783BB93B782BB902F0BBFF10B1074BED
S315080107201B689847304606F0A9FD2046F8BD00BF6C
S3150801073080370020283600207F370020083900201E
S31508010740054A0B46117831B100211170034A01217E
S3150801075052681878104770478037002008390020FA
S3150801076038B5074D04462B78834207D0FAF7FAFBCA
S3150801077020462C70BDE83840F4F722BC38BD00BFCE
S315080107807E3700201B4B022910B5187002D00329A9
S3150801079004D010BD184B1B78002BFAD1F8F7EEFDE3
S315080107A00028F6D04FF00052144BC3F88020BFF34F
S315080107B04F8FBFF36F8FFAF78BFB0028E9D0FAF753
S315080107C015FB0028E5D10E4B1C6834B12368984700
S315080107D0BDE810400020FAF7B9BB02F099FC094BB5
S315080107E0186006F014FE084B18602046FAF778FBE5
S315080107F0EEE700BF7E3900207E37002000E100E0E9
S31508010800383500204C3600204836002038B50446D5
S315080108100D46F8F7B3FD80B14FF00052124B1A603E
S31508010820FAF756FB48B9012D07D80120FAF78EFBCE
S315080108300E4B1B6823B15B6898470D4B1C7038BD7E
S3150801084006F0E5FD0B4B1A68801A186005F098F951
S315080108504FF47A72084B1B6802FB003002F05AFC0F
S315080108600120FAF73DFBE8E700E100E03835002012
S315080108707E390020483600204C360020F0B585B078
S3150801088006F001FD344D04462B7823B1334805F0B3
S31508010890F3F8002852D105F06DF902AA03A902F06E
S315080108A0E2FE0346002838D002F0F1FE029B984288
S315080108B01CD100202A4B03991B682A4E9942307095
S315080108C020D90027C91A012324482B70264A334602
S315080108D00197009706F077FD002837D1234A137848
S315080108E0D90701D53178F9B1204611E002F0CDFEDC
S315080108F0029B984228D0002318461949194A0968C3
S31508010900137003910121FFF7BBFE002320462B70CC
S3150801091006F0B4FC002005B0F0BD20462B7006F0A9
S31508010920ADFC212005B0F0BD03F0FE031370002BCA
S31508010930DAD10F4B1B6898472046E9E7204606F0AF
S315080109409DFC0E2005B0F0BD0220B3E70323204627
S315080109502F703370F3E700BF803700202836002058
S31508010960103500207D390020410701087F37002016
S3150801097050360020114B10B55B6F002403F4407309
S31508010980B3F5007F04BF02220D4B0E4908BF1A605A
S315080109900D4B0E4A1C700E4B0E481A600E4A5A60D1
S315080109A0F4F7B0FA0D490E48F4F7ACFA0D4B0E4AB6
S315080109B01A60F4F717FC204610BD00BF004000502E
S315080109C010350020D4A70108803700207D080108CA
S315080109D00839002018360020E5060108DCA70108B9
S315080109E02036002050360020610701080F20704785
S315080109F010B5144603F032FD2060002010BD08B57D
S31508010A0003F020FD002008BDFEE700239A4200D12D
S31508010A10704710B550F8234041F8234001339A42F4
S31508010A20F8D110BD704700230360704703680B6057
S31508010A3001607047036813B90B6001607047184677
S31508010A40F8E70346006818B102681A6000230360D4
S31508010A507047036803B970478B4204D10B6803607A
S31508010A6000230B6070471846F3E710B538B132B169
S31508010A7029B100230139D45C14B90023037010BDD0
S31508010A808B42FAD200F8014B0133F4E7034638B139
S31508010A900020814204D01A5C02B970470130F8E798
S31508010AA070474FF0FF31FFF7F1BF70B50C46164698
S31508010AB0054660B15AB151B1FFF7F3FF844206D931
S31508010AC0211A32462844BDE87040FFF7CEBF70BDF3
S31508010AD070B5002506462C46052C20D8DFE804F01B
S31508010AE003070B0F13175B210820F0F767FA0C2190
S31508010AF00820F0F763FAD1210820F0F75FFA802180
S31508010B000820F0F75BFA00210820F0F757FA6C1C69
S31508010B102946E4B208202546F0F750FA0624A4F13E
S31508010B200E03012B05D85A210820F0F747FA01349C
S31508010B30D2E7102C05D1BDE870405D210820F0F7F9
S31508010B403DBAB31F195DEFE708B5082000F0C8F8EC
S31508010B50BDE80840082000F0CEB8012307B520F00B
S31508010B607F4040EA8170019068460093FFF7B0FF25
S31508010B7003B05DF804FB38B503680446B3B106F063
S31508010B808BFB22680546137A013BDBB213723BB92C
S31508010B905368D06898472068037C0BB901F06EFA50
S31508010BA0284606F074FB0020206038BD2120FCE7AA
S31508010BB02DE9F04385B089461F460546019200286E
S31508010BC059D0002957D0002B55D0164606F064FB9C
S31508010BD080464EB1019B1B7A8BB106F058FB032464
S31508010BE0204605B0BDE8F0832B7D002B41D02B7B39
S31508010BF0002B2ED13846AB689847002431E02B7D6F
S31508010C00002B36D02B7B002BF4D0003E18BF0126D3
S31508010C10019C2B792370AB68E76063602B7B029498
S31508010C202372267400242D69DDB1029B03936B6838
S31508010C3019EA030F19D00023A8681A4602A905F074
S31508010C4004FD033003D103A8FFF795FF1C242D6883
S31508010C50EAE70121142001AAF4F72CF90446002831
S31508010C60D3D0404606F013FBBAE703A8FFF783FF84
S31508010C70EDE72D24F5E72124B2E70022FFF798BF17
S31508010C8010B500220C46042105F09FFC2060B0FA3D
S31508010C9080F0400910BD38B50246054600211820E6
S31508010CA0F4F708F9044628B928680473047510305E
S31508010CB0FFF7B9FE204638BD70B5044606F0ECFAD2
S31508010CC0064625693DB9304606F0E1FA2046BDE8F3
S31508010CD0704001F0D3B9284601F0D0F92D68F1E743
S31508010CE04FF060420123D2F8001E83400B430020D7
S31508010CF0C2F8003E70474FF060410122D1F8003E2C
S31508010D00824023EA02030020C1F8003E7047F8B585
S31508010D100E461746044660B106F0BEFA05463A463F
S31508010D2031462046F2F73CFA284606F0B0FA00208A
S31508010D30F8BD2220FCE710B588B004460E9800924B
S31508010D4007900D98224606909DF8300005900B985D
S31508010D5004909DF8280003900020CDE901300B4648
S31508010D600121F0F7D3F908B010BD70B50546144650
S31508010D700E4606F088FA2B685C4034405C402C60CD
S31508010D80BDE8704006F07ABA08B502F08FFEBDE8F4
S31508010D9008400021F0F7A4BE0029CCBF012100219B
S31508010DA0F0F79EBE02214FF42070F1F765BA70473D
S31508010DB07047704770477047436D0B42FCD17047C7
S31508010DC008B54368DA0714D58368DB0702D50369D2
S31508010DD0D90707D50A2350218363FFF7EDFF836CF3
S31508010DE09A07FCD1012200F500535A6043689B0714
S31508010DF0FCD408BD38B50A46044619B9BDE83840D9
S31508010E00FFF7DEBF012100F58053596002F00F0597
S31508010E1040F6FF71FFF7D0FF78218563FFF7CCFF16
S31508010E2002F00103520748BF43F00203A26C02F025
S31508010E3003029A42FAD138BD836C5B06FCD541643C
S31508010E40704700231A46F1F70FBEFFF7FABF70B5D0
S31508010E50054614460E4606F016FA2B685C403440E1
S31508010E605C402C60BDE8704006F008BA0346142BB6
S31508010E70084604D00AD8012B08D0122B06D102281D
S31508010E8003D0032808BF01207047002070470A4392
S31508010E9092B20021F2F754B83AB122F0030202F1F4
S31508010EA0A04202F5603209B9106070470002FBE7FB
S31508010EB04368DB0702D5436D0B42F9D1704708B584
S31508010EC040F6FF71FFF7F4FF012300F580525360E6
S31508010ED008BD4368012B04BF00F500504360704705
S31508010EE043689B07FCD4704708B540F6FF71FFF7C6
S31508010EF0DFFF012300F58052936308BD08B540F66C
S31508010F00FF71FFF7D5FF022300F58052936308BDF1
S31508010F1008B540F6FF71FFF7CBFF042300F58052B1
S31508010F20936308BD08B540F6FF71FFF7C1FF0823B3
S31508010F3000F58052936308BD836C836C1B0600D44D
S31508010F407047C36BF9E74FF48072836C00F58053E1
S31508010F509A63836C9B01FCD47047836C5A06FCD553
S31508010F604164836C1B06FCD5C06B80B27047B0FB2D
S31508010F70F1F00138704770B5054614460E4606F07D
S31508010F8082F92B685C4034405C402C60BDE87040B7
S31508010F9006F074B93AB122F0030202F1A04202F551
S31508010FA0603209B9106070470002FBE77047704765
S31508010FB00020704700207047012310B580F888305B
S31508010FC00378044653B100F04AFA21462046F2F75F
S31508010FD0A9F92046BDE8104000F036BA10BD10B593
S31508010FE00446D0F8B002F3F78BF9D4F8B40205F049
S31508010FF092F92046F2F7BAF90028FAD0D4F8B802DD
S31508011000F5E70A7801382D2A0ABF01220022891834
S31508011010F2F73CBA07281BD8DFE800F0060A0D10DC
S31508011020131504170120704700220820F2F72EBA7B
S3150801103000221020FAE700222020F7E70820FFF710
S31508011040E0BF1020FBE72020F9E70846F2F780BA4F
S31508011050002070472DE9F74307280C46DDE90A7693
S3150801106090461D4608D8013806280AD8DFE800F058
S315080110701D27303A44574A00212850D003B0BDE80D
S31508011080F083002220461146F6F740FC3368C0B2C9
S3150801109005EB83013A6845F82300013348F8221025
S315080110A033603B6801333B60E8E70022204611467E
S315080110B0F6F72CFC336880B205EB8301EAE70022D8
S315080110C020461146F6F722FC336805EB8301E1E772
S315080110D0002220461146F6F79DFB336840B205EB20
S315080110E08301D7E7002220461146F6F793FB3368BA
S315080110F000B205EB8301CDE7002220461146F6F73B
S3150801110089FBE1E7002389461E461D468DF8063010
S3150801111019F8013F7D2B06D125702D0A65703B68AC
S3150801112048F82340BDE7202BF2D006F0010201362C
S3150801113012B98DF80430EBE71022002101A88DF8C9
S315080111400530F6F767FB631901359870ADB2DFE72D
S315080111502DE9F04F9B46002385B08B45814688468D
S315080111609246CDE902336BDC1A461E4619F803404E
S31508011170FF2C08D15B4496B1013B434516DD2B2074
S3150801118005B0BDE8F08F172C04D8102C28BF012212
S315080111900133EBE7203C012C98BF0126F8E762B141
S315080111A0013B4345EBDC3546374602E000252F4631
S315080111B02E46454504DB0020E2E79845F3D0DEE7F5
S315080111C05D453BDB19F80730202B18D109EB0703DE
S315080111D05B78FF2BD3D1CEB920465AF82510FFF7F5
S315080111E019FF78B303AB019302AB00932046DDE9FF
S315080111F00E235AF82510FFF72DFF0135D9E7212BC4
S315080112000ED109EB07035B78FF2BB8D1029B5AF87D
S3150801121025200E99012641F8232001330293ECE794
S31508011220A3F11004072C02D91C460137D3E709EBB1
S3150801123007035B78FF2BA2D1E4B2CCE70624CAE701
S3150801124021209DE726209BE72DE9F04F07460E460C
S3150801125015469846044685B0DDF84490DDE90FAB9E
S31508011260206808B3DAF80020D8F800108A421BDA99
S315080112700E9B53F82210EFF705FD48BBDAF800205C
S315080112800132CAF800206268117BFE291BD10E9B28
S315080112901068012100932A464346CDE902B9CDF8E3
S315080112A004A0FFF7D1FF04462B7843B999F800301B
S315080112B02BB97EB101233C4689F800302B702046B4
S315080112C005B0BDE8F08F01238BF800302B70EBE7F2
S315080112D00C34C5E73446F2E710B50446236803B96A
S315080112E010BD237A13B92046F2F768F90C34F5E7ED
S315080112F07047704710B541B10A7932B901249C305B
S315080113000C71FFF793FB204610BD0020FCE72DE981
S31508011310F041A2B005460AAA084603A900F05FF9FA
S315080113200446B0B90DF10A0301930DF10B038DF8CB
S315080113300A0000930AAA284604AB03A9F2F704FB9C
S315080113409DF80A20B2B19DF80B2048B12AB1F2F7EF
S3150801135035F9204622B0BDE8F081FFF7BDFFF8E771
S31508011360D5F89C50002DF4D0A86808B1FFF7B4FF52
S315080113702D68F7E700B3466812AB06F10C081AAFF9
S3150801138001934046049B039900970AAAFFF7E0FEDA
S3150801139004460028DDD1039B05A8CDE90637049B41
S315080113A00595CDE90838FFF7A3FF05A833689847DF
S315080113B005A8FFF79EFFCCE72D24CAE710B504461A
S315080113C0AC3001F046FC04F1AB031A180020934235
S315080113D000D110BD13F8011F0029FAD00A2908BF48
S315080113E00130F4E70023F0B50B6013600646D0F828
S315080113F0AC0278B196F8AC0060B1012406F1AC07ED
S31508011400D6F8AC02844210D306F1AC00B3F5007FDE
S3150801141010D30120F0BD0D6801350D601568013541
S315080114201560F85C01330A2802D0B3F5007FF2D3C0
S315080114300134E5E7C15C0A29EBD00029E9D0116836
S31508011440013301311160E1E710B50021D0F88C2094
S31508011450044601F0E6FB0023C4E9243310BD73B545
S31508011460044600F1AC0580212046FFF70FFB4FF437
S31508011470007106462846FFF709FB0136C0F50070DC
S31508011480864220461FD801F0E4FB0646284601F0AD
S31508011490E0FB01362946421CA81901F0A8FB2046A3
S315080114A001F0D7FB21460246284601F0C5FB204636
S315080114B001F0CFFB0A23204480F8AC300023C4F89E
S315080114C0AC3202B070BDFFF779FF01AAC4F8AC02CD
S315080114D069462046FFF786FF0022009B234483F8CE
S315080114E0AC20C0E773B50D460446FFF767FF6B1CD2
S315080114F01FD1D4F8AC3213B1013BC4F8AC32002584
S31508011500204601F0A6FBA8421BD82046FFF79CFF00
S31508011510D4F8AC325BB16946204601AAFFF762FFEF
S3150801152028B1009D04F1AC06019BAB4214D802B068
S3150801153070BD012DFBD1D4F8AC328342F7D2013309
S31508011540DBE7082000F01DF8202000F01AF8082033
S3150801155000F017F80135D3E7715D2046F2F726FB4F
S315080115600135E1E707B500200DF1070100F0EEF8B6
S3150801157020B99DF8070003B05DF804FB4FF0FF3072
S31508011580F9E710B5C1B20446002000F0CFF80028EB
S315080115900CBF20464FF0FF3010BD0FB407B504AAA3
S315080115A052F8041B00200192F2F704FF002003B051
S315080115B05DF804EB04B0704710B54C1C0B460119D5
S315080115C0045D222C03D07B2C01D05C2C05D1D21AC8
S315080115D0184401F00CFB012010BD0020FCE72DE9A1
S315080115E0F04705469146884601F033FB2A460646EA
S315080115F01346197801322029FAD0C9F800305C1B44
S3150801160001236FF0404AC8F80030A64201D80020ED
S3150801161014E02F5D29197B2F12D0222F2ED1D8F84D
S315080116200030621C53442A4449F82320012C09D965
S3150801163011F8013C13F0DF0F04D02120BDE8F08733
S315080116407D27F3E701342B5DBB4209D12B195B7862
S3150801165013F0DF03F1D1222F00D12B550134D4E742
S315080116605C2B07D1324621462846FFF7A5FF0028FD
S31508011670E3D0013E0134A642E5D8DEE75C2F08D166
S31508011680324621462846FFF797FF0028D5D0013E66
S31508011690E4E7202FE2D10022631CB3420A70DDD2AF
S315080116A0EA18EB5C202BD9D0D8F80030072B05DCDB
S315080116B049F823200133C8F80030CFE71E20BDE7DB
S315080116C000F000B800207047F2F75ABBF2F73EBDAA
S315080116D0F2F778BD40B2F2F7A7BD70B50C461546CC
S315080116E010B9F2F737FE38B143682BB12A462146BD
S315080116F0BDE8704000681847232070BDF7B50D4650
S3150801170016461C4648B103B901ACC7685FB1234602
S31508011710324629460068B84706E0F2F71BFE04B9C7
S3150801172001AC0028F1D1232003B0F0BD07B5012291
S315080117308DF807100DF10701FFF7CFFF03B05DF82C
S3150801174004FB0B4601461846FFF7F0BF00230122AA
S31508011750FFF7D4BFD0F870311B689A6C120643BFE5
S31508011760DB6B00200B701B207047D0F8703101220B
S315080117701B6819B103F580531A65704703F50053C1
S315080117801A65DA64704708B5D0F870311868FFF73A
S3150801179053FB002008BD0068D0F870311B68DA6C6D
S315080117A0D20708D5012103F50052D1649B6C9B062B
S315080117B001D500F00EBA704700207047FEE74FF4D6
S315080117C0005300204B6070470020704707B5002082
S315080117D001AB0190FFF792FF0198002808BF4FF06F
S315080117E0FF3003B05DF804FB10B514460020FFF77F
S315080117F074FF204610BD80F89910704790F899003B
S31508011800704790F89600704790F8A100704710B598
S315080118100446F2F791FF38B1236DD4E91202024466
S31508011820934218BF184610BD3022237D534303F156
S31508011830A04303F58023DB6EEFE738B50446007D48
S31508011840EFF7F4FD2046F2F795FF0546207DEFF701
S315080118500DFE284638BD0023506910B5903000F8B2
S31508011860043C1446FFF7EDF808B1F2F7CDFF6368BB
S315080118701BB100212046A2689847002010BD90F8A8
S31508011880943070B505460C46C3B10B69B3F5006FC4
S3150801189016D805F001FD95F88C30064665614BB101
S315080118A0214605F19000FFF7C5F8304605F0EFFC33
S315080118B0002070BD2046F2F7A7FFF6E70E20F8E7ED
S315080118C02120F6E792F8543037B5144633B1936DB3
S315080118D00BB1D06D9847002384F8543094F89A30A8
S315080118E01BB32046F2F728FFF8B1236E13212046D1
S315080118F05B6898471025236E20461B680DF1070182
S31508011900984778B99DF8073003F0FD02112A05D1E9
S31508011910A3F111025342534184F8A030013D15F059
S31508011920FF05E8D12046F2F79DFF002384F85430DD
S3150801193094F8A1304BB102F03BF90238012804D8DA
S315080119400121D4F8F80004F00AFD002003B030BDE7
S3150801195090F894302DE9F04704460D461646002BBB
S3150801196040F09D8002F024F90228074613D094F826
S31508011970998005F091FC94F895300746ABB938463D
S3150801198005F085FC2E44B54221D1236E012120465E
S315080119909B68984768E04FF0FF31D4F81C0104F0C2
S315080119A0B5FD0028E3D0384667E094F89830002B57
S315080119B0E5D0002384F8953005F065FC01218146C0
S315080119C0084603F0A5FC484605F058FCD7E794F805
S315080119D09A30B3B32046FFF730FF90BB05F05CFCA5
S315080119E00746207DEFF722FD2046FFF710FFA26C80
S315080119F000F1FF39914538BFE36C94F854A038BF1C
S31508011A0003F1FF33207D38BF02EB0309EFF72EFD03
S31508011A10BAF1000F12D14B46D4F89C1099420BD05B
S31508011A2013F80129112A01D0132A28D1A2F1110389
S31508011A305A425A4184F8A020C4F89C90384605F0C9
S31508011A4026FC94F8A030002B9DD0236E2F462A78C9
S31508011A505B68B8F1000F1AD1236E20465B683978A6
S31508011A600135984700288ED002F0A2F8022803D142
S31508011A70D4F81C0104F06FFD0020BDE8F087A26CC4
S31508011A809A4282BFE36C03F1FF339B18C6E70A2A21
S31508011A90E2D10D21204698470028DDD0E4E70E2043
S31508011AA0EBE7F8B504460D4605F0F6FB94F89630D3
S31508011AB00646ADB17BB994F8983063B105F0E3FBFE
S31508011AC001210546084603F023FC284605F0D6FB06
S31508011AD0012384F896303046BDE8F84005F0D7BBB7
S31508011AE0002BF8D005F0CFFB07462946012003F065
S31508011AF00FFC384605F0C2FB84F89650EBE738B57B
S31508011B0048B10024056805F0C7FBC5E9164405F088
S31508011B10BEFB204638BD2220FCE770B504680546A1
S31508011B2094F89430002B4FD1FFF7E9FF02F040F803
S31508011B3002280BD14FF0FF31D4F81C0104F0E6FC62
S31508011B404FF0FF31D4F8A40004F0E0FCF2F702FCF0
S31508011B50854202D10020F2F721FC236E93F9100089
S31508011B60F2F7C0FB236E93F91000F2F78DFB236E93
S31508011B7093F91100F2F7B6FB236E93F91100F2F708
S31508011B8083FB94F8A1301BB1D4F8F80004F06FFC7C
S31508011B90D4F8A40004F001FDD4F81C0104F0FDFCFE
S31508011BA0207D03F02FFA207DEFF7C0FBEFF79CFBB2
S31508011BB00023C5E90033C5E90533EB60236E2046EA
S31508011BC0BDE87040DB6818470F2070BD0068F2F762
S31508011BD049BEF8B5044605F05FFB94F8953005460D
S31508011BE003F0FF078BB90126236E394620469B6809
S31508011BF0984784F8956005F046FB04463946304611
S31508011C0003F086FB204605F039FB2846BDE8F84077
S31508011C1005F03DBBF8B50C468D18073552421540FF
S31508011C20A5F108070646384600F080FCA0883B1B4C
S31508011C30618800EBE30080B2A1EBE30125F8040C0F
S31508011C4025F8061CA188DA10D1B1A4EBC101B1F8B7
S31508011C5002C0C88002EB0C004880E188B9B18A1A33
S31508011C6092B204EBC10125F8022C8A80A2888AB9AE
S31508011C70B2681344F268B360934288BFF3600EE01A
S31508011C8015F8081C41F0020105F8081CE5E725F8D6
S31508011C90021CEBE7A4EBC2042278D207E8D4384643
S31508011CA0F8BD2DE9F04F17464FF0000887B07A1CAA
S31508011CB0109A054614BF3C460824CDF81480002A1C
S31508011CC000F0CB80C2F80080002900F0C880426885
S31508011CD08A4240F2C480073103F0010921F0070660
S31508011CE005F0DAFA05AACDE9008282463A464B465C
S31508011CF03146284600F01EFC059F834607B130B9D8
S31508011D00504605F0C4FA192007B0BDE8F08FB7F8B8
S31508011D10028029694FEAC802C0EBC8080139B8F13F
S31508011D20270F29617ED9B9F1000F55D1864206F1EF
S31508011D3008084CD0224639462846FFF76BFF044669
S31508011D400590059B9844404600F0F0FB059906F17D
S31508011D500F004A88C308A2EBD002A8F80220CA8855
S31508011D60A8F80430002A34D0D31A9BB201EBC20278
S31508011D70A8F8063093808B88F608A380B8F8043053
S31508011D803A46E380414600232846668000F03FFC38
S31508011D90AB68EA6808339342AB6088BFEB60237887
S31508011DA043F0010323702B6901332B616288AB6809
S31508011DB0504603EBC203EA68AB60934288BFEB6007
S31508011DC005F065FA109B083400201C609CE73C4628
S31508011DD0B7E7A8F80620CEE707EB080420460392E2
S31508011DE000F0A4FB0BF10703DB080599638008F1F2
S31508011DF00703DB08A380CB8893B1DB00039AD81DC0
S31508011E00821A5A44C2F3CF020B44E2809A80A3880D
S31508011E1008F1FF384FEAD808A1F80280CB80B7E766
S31508011E20E380F4E7B9F1000F1BD007F10803B3FB10
S31508011E30F4F204FB1233B3B1224639462846FFF7BA
S31508011E40E9FE044623783A4643F001032370214606
S31508011E500123284600F0DBFBA8E7222054E72120CE
S31508011E6052E78642E8D13C46ECE707B500224FF037
S31508011E70FF3101AB0192F3F70FF8019803B05DF852
S31508011E8004FB07B5009313464FF0FF32FFF709FF2E
S31508011E9003B05DF804FB2DE9F04F0C4685B0002927
S31508011EA000F0EA80084603F09DF90546D0E9056881
S31508011EB005F0F2F914F808EC34F806CC1EF0010F17
S31508011EC0019002D0BCF1000F06D1019805F0DFF9A7
S31508011ED0012005B0BDE8F08FA968D5F810B034F82F
S31508011EE0049CA1EBCC010BF10103A4F108070CF149
S31508011EF00102A9602B61B9F1000F43D04FEAC9036A
S31508011F000293A7EBC903D888B3F802A003901878FF
S31508011F100EF0020EC00725D4BEF1000F25D1039895
S31508011F20A0EB0A0EBEF1010F2CD10CF10202083901
S31508011F305244C5F810B0A96034F802ECBEF1000F9E
S31508011F4022D114F8081C24F806EC6EF3000104F8F3
S31508011F50081C013A5A801A786EF300021A70002298
S31508011F60DA8045E0BEF1000F0CD002984A44091AFE
S31508011F70A96014F8081C6FF3410104F8081C002134
S31508011F809980D9E73B46D7E707EBCE0AD5E9001092
S31508011F9001EB0009CA450ED314F8081C013A6FF380
S31508011FA0000104F8081C002124F8061C5A801A7836
S31508011FB061F30002D2E717F83E70514617F00107A0
S31508011FC02FD014F8087C013A6FF3000704F8087C4F
S31508011FD0002792B224F8067C5A801A7867F3000221
S31508011FE01A70C3F107020A44C2F3CF02DA808A8063
S31508011FF0002E3FD0B3423DD37288002A08BF1E4641
S31508012000B8F1000F06D0434504D8B8F80220002AD3
S3150801201018BF43460198C5E9056305F038F900205C
S3150801202057E7AEEB0C0EBEF1010FCAD1BAF802C0E2
S31508012030AAF802709444BAF80620CAB10AEBC2019A
S3150801204000272A69013A2A61AA68083AAA6014F897
S31508012050082C24F8067C6FF3000204F8082C1A7879
S31508012060A3F802C067F300021A700029B9D176E70E
S315080120701146E5E71E46C3E722202AE70146002066
S31508012080FFF709BFFFF7FABF2DE9F74F06460D46D9
S3150801209014469B46002B00F040810023CBF8003004
S315080120A04368934240F23B8149B9002A00F03781DF
S315080120B05A46204603B0BDE8F04FF2F7FBBE2AB9EF
S315080120C0084603B0BDE8F04FFFF7D8BF05F0E4F8BE
S315080120D035F8067C07344FEAC70924F00704A145F9
S315080120E08046A5F1080180F0968035F8023C002B60
S315080120F070D0DA1B012A6DD101EBC30A11F833300E
S31508012100D80767D4BAF80220A9EB040313EBC20374
S3150801211060D41F2B3CDD2F19C4F3CF0425F8064CD8
S315080121200134384625F8024C009300F0FFF935F8DA
S31508012130022C009BBA80BAF80620DB087B802AB3FA
S31508012140BAF80210511A11FA83F39BB20AEBC202CA
S31508012150FB809380524600233946304600F057FAF1
S31508012160504600F0E3F9002235F8061CB368CBF8AF
S31508012170005003EBC103F168A3EB09038B42B3607B
S3150801218047D8002A40D0083BB3603DE0FA80E1E732
S3150801219033690137013B3361BAF80630174425F82C
S315080121A0067CA3B1BAF802209A1A12FA87F7BFB2C7
S315080121B00AEBC30325F8027C9F8052460123304669
S315080121C000F025FA504600F0B1F90122CCE725F8CE
S315080121D0023CF2E720465A460021F2F76BFE044616
S315080121E030B1404605F053F8204603B0BDE8F08FFC
S315080121F04A462946DBF8000000F01EFD2846FFF78F
S315080122003DFF04460028ECD1404605F040F800247D
S31508012210EAE7F360B5E77DD935F8022CA9EB040A9C
S31508012220531EDB1B002A37D001EBC20711F83220F7
S31508012230D20732D48BBBC4F3CF03291925F8063C40
S315080122400133084625F8023C009100F06FF9009920
S3150801225035F8022C7B888A80FA8803EBDA034B80EF
S31508012260BAB17888101A10FA83F39BB207EBC20247
S31508012270CB80938000233A46304600F0C8F93846A9
S3150801228000F054F9B368CBF800502344A3EB0903D3
S315080122907AE70023CB80EDE71746BAF1270F39D93C
S315080122A0C4F3CF02291925F8062C0132084625F868
S315080122B0022C009101930AF1FF3A00F037F90099CF
S315080122C035F8022C4FEADA0AA1F802A08A80FFB192
S315080122D0019B013313FA8AFA1FFA8AFAA1F806A0B2
S315080122E0A7F804A0336930460133336100231A463F
S315080122F000F08DF9B368CBF80050E2180832F3689C
S31508012300A2EB09029A42B2607FF67EAFF2607BE7E2
S31508012310CF80E7E7CBF8005076E7222464E721244B
S3150801232062E7002307B501AA0193F2F7CBFD0198ED
S3150801233003B05DF804FB2DE9F04F80460C4685B0E5
S31508012340002950D000264FF0FF35D0F800902F46CF
S3150801235004F0A2FFB34631463246B24699F800C0A8
S31508012360B9F802301CF0010F4FEAC3032DD1994287
S3150801237038BF19469F4228BF1F469A446B1C08BF9F
S3150801238000250BF1010BB9F806304BBBCDE9021359
S31508012390019204F07CFFD8F8000002992060D8F871
S315080123A00400019A039BE060D8F80800C4E9051700
S315080123B0C4E9010AC4E90726C4E90A33C4F810B016
S315080123C06562184605B0BDE8F08F9E4238BF1E46C5
S315080123D09D4228BF1D467B1C08BF00270132D2E754
S315080123E009EBC309BAE72223EBE7F8B50D4606461A
S315080123F090B189B100240C6004F04EFF77687B1C0C
S3150801240003D104F044FF1B20F8BD3B68736004F058
S315080124103EFF20462F60F7E72220F5E770B50D4607
S31508012420044668B361B303688B4201D9212070BDA4
S31508012430D0E9021201FB02339D42F7D204F02CFFC8
S315080124402B68591C0ED021688B420ED3D4E902623F
S3150801245006FB0216B34208D25B1AB3FBF2F102FB82
S31508012460113313B963685A1C06D163682B6065601A
S3150801247004F00DFF0020DAE79D4203D01B68F2E75E
S315080124802220D4E704F003FFD0E710B5044638B19B
S3150801249004F002FF636800245A1C03D104F0F7FE16
S315080124A0204610BD1B680134F6E710B5044658B13D
S315080124B003684BB1FFF7E9FFA368834206D1206899
S315080124C0BDE81040FFF7DABD222010BD0220FCE767
S315080124D037B5154600221C460192FBB14B4203F063
S315080124E003031944C4E9025101AB6943FFF7C9FC67
S315080124F060B903460199013DC4E900119AB29542B2
S3150801250003F1010304D84FF0FF330B6003B030BD6C
S31508012510E2680A440A60E2681144EFE72220F5E717
S315080125200846FFF7A2BC0846FFF7ACBD00230360C7
S3150801253043607047F0B5D0E90540551C08BF08222D
S31508012540002B4FF0000518BF0446DDF818C0CCF87B
S315080125500050002C37D09DF814706588FF0007EBF2
S31508012560C505C2F1000E2078C00708D51BBBE08857
S31508012570A0B104EBC004658807EBC505F3E78D42F6
S31508012580F4D363B904F10806B6FBF2F002FB106650
S3150801259070180EB1A842EAD8CCF80040F0BD082A56
S315080125A00FD06088013004EBC000461A06EA0E0611
S315080125B0801B8542F0D2A0880028EFD0A4EBC00486
S315080125C0D9E70846E8E72046E8E7034610461A69C8
S315080125D0DAB108B921B918680378DB0702D470475C
S315080125E09869F9E739B9C3887BB100EBC300037869
S315080125F0DA07F8D47047012907D183882BB1A0EBF4
S31508012600C3000378DB07F8D47047002070472DE92B
S31508012610F041D0E90545074688461646F3B1944286
S315080126200FD042B1954215D1424601213846FFF7EE
S31508012630CCFF05460EE00A463146FFF7C6FF0446BB
S31508012640F2E70A460021FFF7C0FFB5420446EBD080
S31508012650002EE9D0C7E90545BDE8F081944208D0C6
S315080126608C4228BF0C46B54205D0454538BF45467C
S31508012670F0E70C46F7E74546ECE738B51C46C3E9EB
S3150801268000010023C4E90500C4E902332361227766
S315080126906362FFF74BFF23690139C908013341809A
S315080126A02361A368E268083393424FF00000A360F0
S315080126B088BFE36038BD002307B5684600938DF8E7
S315080126C00430EFF7DBFF03B05DF804FB10B504F047
S315080126D0DAFD044602F0BEFD2046BDE8104004F0CE
S315080126E0CDBD4FF4C870F2F793BC08B500F015F8E4
S315080126F000F03DF8FEE770477047704708B500F0EF
S31508012700D3F900F0E1F900F0E8F9FFF7F6FF00F078
S31508012710F3F9BDE8084000F000BA08B5F2F7A4FBE2
S31508012720FEF744FCFFF7E7FFF1F792FDF1F750FCDE
S31508012730FEF7CAFFF2F782FDF2F70CFCFFF7DCFFA2
S3150801274001F020FA00F007F800F0BBF9BDE80840EF
S31508012750F2F75ABD704708B500F0A1F900F0A0F9E3
S3150801276000F09FF900F09FF9FFF7F4FF08BD00F0AC
S31508012770A9B90020704770472DE9F84F9846DDE959
S315080127800B490D9B15469A0706460F4623D02A463E
S315080127900A9B03EB040A1444A24220D10D9B9B0712
S315080127A005D5A2EB050AD14505EB0A0420D8204632
S315080127B0BDE8F88F434639462020B0470AF1010A99
S315080127C0CA450AEB0B02F5D3A9EB04024C4588BFAF
S315080127D000222A44DCE7A246A5EB040BF0E702F146
S315080127E0010B434639461AF8010DB0475A46D3E755
S315080127F04346224639462020B0470AF1010AD2E764
S315080128002DE9F0479E46DDE90D3CDDE90874DDE971
S315080128100B651CF0020F9DF828801FD10CF00109E9
S315080128204BB1B9F1000F06D0B8F1000F02D11CF077
S315080128300C0F00D0013B4FF0300A02E007F804A064
S315080128400134A54201D9202CF8D1B9F1000F05D0E0
S315080128504FF03009A34201D9202C1BD11CF0100FCF
S3150801286015D01CF4806F32D1C4B1AC4201D09C4260
S315080128702DD1651E12D0102E3FD11CF0200FA4F1C8
S31508012880020456D178263E5530266C1C7E55202CDE
S3150801289029D00DE007F804900134DBE7102E10D19A
S315080128A01CF0200F2FD178243C7030247C70022430
S315080128B0B8F1000F31D02D253D55013414E06224BD
S315080128C0F2E7022EFBD030243C700124F0E7102EEB
S315080128D01BD11CF0200F2AD1202C04D07826651C88
S315080128E03E55202DD0D12024CDE90A3CCDE90874E6
S315080128F07346BDE8F047FFF73FBF022EC4D16224F5
S315080129007C550135EDE75824CEE7022E03D1202C5C
S31508012910E9D02546F3E72546E3E71CF0040F01D085
S315080129202B25C9E71CF0080FDED02025C4E7202C8B
S31508012930D9D05826651CD3E72DE9F04391B0189DE7
S315080129401A9F1D9E2DB926F0100416F4806F26468F
S3150801295022D116F0200F14BF4FF0410E4FF0610E31
S31508012960AC4600250DF12008AEF10A0EBCFBF7F9BD
S3150801297007FB19C95FFA89F4B9F1090F94BF303415
S315080129807444E4B2BC4508F8014B05F10105BCFBEA
S31508012990F7F401D3202D10D11C9C069605941B9C97
S315080129A0CDE903749DF86440CDE9015408AC00945F
S315080129B0FFF726FF11B0BDE8F083A446D6E72DE957
S315080129C0F04F95B0CDE90A23DDE91E76DDE9229BB4
S315080129D057EA0603CDE90801269C05D124F0100320
S315080129E014F4806F1C4637D114F0200F14BF41230D
S315080129F0612300250DF1300AA3F10A0831464A463A
S31508012A005B463846F4F78EFBD2B2092A94BF3032B8
S31508012A1042444F45D2B276EB0B0605F101050AF899
S31508012A20012B01D3202D14D1259B06940593249BB4
S31508012A30DDE90801CDE903939DF88030CDE901531D
S31508012A400CAB0093DDE90A23FFF7DAFE15B0BDE802
S31508012A50F08F07460E46D1E70025E5E708B100F0F5
S31508012A6006B8704710B1D1E90031184770470146D9
S31508012A700020FEF75BBE10B504460A2100F0CDFA28
S31508012A8040F6E441204600F0CAFA002010BDFF20B6
S31508012A907047F7F773B900F0D5BB704770477047B1
S31508012AA07047F5F715BF704708B5EEF707F8FEF753
S31508012AB007FEFEF70BFEEDF7F5FFBDE80840EEF75A
S31508012AC00BB9704701F084B808B5EEF711FAEEF7BD
S31508012AD0C1FABDE80840FEF737B808B5FDF786FF25
S31508012AE0F1F78CFAF1F71EFEF3F76AFEF3F7F2FD3A
S31508012AF0BDE80840F3F7B8BD08B5F2F733FFF2F7BA
S31508012B001BFFF2F737FFF2F7B7FFFFF7C2FFF6F73A
S31508012B103FF9BDE80840F3F7B9BC08B5EEF7D4F8B4
S31508012B20BDE80840F3F70EBDF3F758BE08B5FFF741
S31508012B30E5FDF3F77FFDFFF71CFE00B908BDFFF7BA
S31508012B40ACFFF8E72DE9F843074688461446002600
S31508012B50D4E90195B9F1010905D52468002CF7D105
S31508012B603046BDE8F883AB89012B07D9B5F90E3094
S31508012B70013303D029463846C04706436835E9E795
S31508012B8070B50C46B1F90E1096B0154600291E46C9
S31508012B900CDAA389002113F0800F14BF40234FF4E8
S31508012BA08063002031602B6016B070BD6A46F4F769
S31508012BB0B7FE0028EDDB019901F47041A1F5005338
S31508012BC0594259414FF48063EBE710B56AB10139AF
S31508012BD0841810F8012B11F8013F9A4203D1A0423B
S31508012BE001D0002AF5D1D01A10BD1046FCE788425B
S31508012BF010B501EB020402D98442234607D8431EC5
S31508012C00A14208D011F8012B03F8012FF8E7024475
S31508012C1001468A4200D110BD13F8014D02F8014D53
S31508012C20F7E702440346934200D1704703F8011BB4
S31508012C30F9E77047704770470A44431E914200D12D
S31508012C40704710B511F8014B914203F8014FF9D1BC
S31508012C5010BD034613F8012B002AFBD1181A0138B7
S31508012C60704710F8012B11F8013B012A28BF9A4237
S31508012C70F7D0D01A7047B1F90C202DE9F0411707A2
S31508012C8005460C4656D44B68002B02DC0B6C002B10
S31508012C903DDDE66A002E3AD0002312F480522F68F1
S31508012CA0216A2B6025D0626DA389580705D563680B
S31508012CB0D21A636B0BB1236CD21A216A0023E66A16
S31508012CC02846B047411C24D000236360236923604A
S31508012CD0A389DA0400D56065616B2F60B9B104F187
S31508012CE04403994202D02846FFF71DFC002363637B
S31508012CF00DE001232846B047461C0246D4D12B686D
S31508012D00002BD1D01D2B01D0162B2AD12F600020E4
S31508012D102EE02A68B4F90C3042B11D2A01D0162AD0
S31508012D2021D10023636023692360D5E762602269A4
S31508012D302260CEE70F69002FE9D093070E680F606E
S31508012D400CBF4B690023A6EB07088B60B8F1000F8F
S31508012D50DDDD43463A46216A2846A66AB047002879
S31508012D6008DCB4F90C3043F040034FF0FF30A3817F
S31508012D70BDE8F0810744A8EB0008E7E738B50B6919
S31508012D8005460C4613B90025284638BD18B1036A0D
S31508012D900BB9F4F7A9FCB4F90C30002BF3D0626E29
S31508012DA0D00704D4990502D4A06DFFF743FF28463E
S31508012DB02146FFF760FF636E0546DA07E4D4A38967
S31508012DC09B05E1D4A06DFFF736FFDDE710B50C468C
S31508012DD0B1F90E10F4F7A8FE0028ABBF636DA389FD
S31508012DE01B1823F48053ACBF6365A38110BD2DE97D
S31508012DF0F0411F468B8905460C46DB05164605D567
S31508012E0002230022B1F90E10F4F77CFEA38932469B
S31508012E10B4F90E10284623F48053A3813B46BDE836
S31508012E20F041F4F793BE10B50C46B1F90E10F4F75C
S31508012E3069FE431CA38915BF606523F4805343F4D7
S31508012E408053A38118BFA38110BDB1F90E10F4F701
S31508012E5049BE0220704702207047002070470120B2
S31508012E6070470020704708461146012200F063B8F2
S31508012E7000F08EBAF7F77ABCF7F744BD00F0ADB8A3
S31508012E8070B504460D4616464FF4881100F0F3F85E
S31508012E90324629462046BDE87040F8F797BF431EDB
S31508012EA0012B03D9031F5842584170470120704727
S31508012EB04FF4E0720021FFF7B4BE0846FAF7DCBA10
S31508012EC070B50446F7F792FE0546A8B9A169F1B1AE
S31508012ED0238AD3B1204604F1100200F09CFB38BBCB
S31508012EE0E16919B3638AA3B1204604F1120200F01D
S31508012EF067FB78B1054603E00023A3612361E3611B
S31508012F00002328466361236270BDA061E8E7208239
S31508012F10E6E7E361216A0029F2D0A28A002AEFD006
S31508012F202046E38ABDE8704000F006BB6182F1E7FE
S31508012F306582E561DEE7F8F78BB80A7838B50546A4
S31508012F401046FFF7ACFF60B14C782046FFF7A7FFA4
S31508012F5038B12243530704D42846BDE83840F7F769
S31508012F609DBA212038BDFFF7E8BF10B50446087899
S31508012F70FFF795FF58B14A781046FFF790FF30B131
S31508012F80042A04D02046BDE81040F7F7A5BA212047
S31508012F9010BDFFF7EABFF7F7FBBF00F079B9704735
S31508012FA011B9D0F8E81021B1CB6813B18B68D8896B
S31508012FB070474FF6FF70704710B5F6F75FFA04468B
S31508012FC008B900F047FC204610BDF7F73BB800F0FA
S31508012FD0ABB9008E704700F098B938B504460D466E
S31508012FE000F081F850B129462046F6F713FC30B9AE
S31508012FF029462046BDE83840F7F7B4B80E2038BD53
S3150801300008B5F6F7BBF918B1BDE80840FBF7F4BDFA
S3150801301008BD00F046BB00F042BBF7F777BA00F0EF
S315080130209FB9002070470846F6F7C8BF00F02EB9C9
S315080130300846F9F743BCF7F727BC38B504460D46E9
S3150801304000F0F5F828B929462046BDE8384000F0D1
S31508013050BAB9022038BD00F027BB38B504460D467B
S3150801306004F011F90023C4F89C50C4F89830BDE85F
S31508013070384004F003B938B504460D4604F003F99F
S31508013080D4F89C301D40D4F8983023EA0505C4F8D5
S31508013090985004F0F3F8284638BD00F0BDB900F0A1
S315080130A0DBB9F7F705BC70B5BDF81060054606B182
S315080130B06BB1334428469BB200F03EFA044620B968
S315080130C01EB13146284600F078FA204670BD212403
S315080130D0FBE700F0A0BA00F073BAFFF7FCBF00F0F7
S315080130E0DEB900F0FEB90346408A18B1188A0038DD
S315080130F018BF0120704710B5044600F075F820B9CD
S315080131002046BDE81040F6F771BD10BD00F0B4BB0E
S3150801311000F0B2BBF9F7BEBE0846F7F7B5BE2DE912
S31508013120FF41984604460E46174604F0B5F805468B
S315080131302046FFF7E0FF0A9B3A46029300233146F1
S3150801314001932046CDF80080F6F79EFD04462846F1
S3150801315004F09DF8204604B0BDE8F08138B5044670
S3150801316004F09AF805462046FFF7C5FF2046F6F70C
S3150801317069FD0446284604F08AF8204638BD38B564
S31508013180044604F089F805462046FFF7B4FF2046B1
S3150801319000F039F80446284604F079F8204638BD87
S315080131A038B5044604F078F805462046FFF7A3FF2C
S315080131B0204600F02EF80446284604F068F8204612
S315080131C038BD70B504460E4604F066F80546204635
S315080131D0FFF791FF31462046F6F7A2FD0446284639
S315080131E004F055F8204670BDF6F73ABC10B504F060
S315080131F053F8044600F015F8F6F758FC2046BDE8E2
S31508013200104004F044B8024608B5F6F729FC507D8B
S3150801321008BD024608B5F6F723FC507D80F001008B
S3150801322008BD00F029BBF7F7B3B800F07AB890F8F3
S315080132302700FF3818BF01207047F8F73DBC08463C
S31508013240F8F74EBD013001D1FAF730B921207047A0
S3150801325000207047002070477047D0F8A03003F06F
S315080132606003402B0DD0602B03D0203B58425841B8
S31508013270704749B10B68012B06D9486940F001002E
S31508013280704740F2011070470020704700207047D0
S31508013290F7B504461046D4E958C7DDE908268CEA8D
S315080132A0020587EA06010540194085EA0C057940B9
S315080132B0C4E95851002523F4004106EA010320F028
S315080132C0010043F40073024043F00203019500959F
S315080132D0FCF72EFE94F824309A0713D5D4F86431F6
S315080132E09B050FD54FF48811204600F07FFB94F813
S315080132F02430024665F3410384F8243020460B4600
S31508013300F6F78EFE002003B0F0BD30B4D0F8A03039
S315080133100A4023EA01031343C0F8A03030BCF7F78B
S315080133205BBF0520F9F7ACBDD0F8F02008B57AB136
S315080133301368022B0CD9536A13F47F4FC3F3072181
S3150801334006D0126ADBB253438B42B3FBF1F006D2C5
S3150801335000204FF435624C21F6F76CFB002008BDBE
S315080133600346B3F83E2108468A4203D0A3F83E1124
S31508013370F9F746B80020704790F83C310C2B14BF7A
S3150801338090F82B00FF2070474FF48071FDF736B98E
S3150801339038B51D4600230446F7F7D4F828B9294657
S315080133A02046BDE83840FBF753BF38BDD0F8F000DA
S315080133B040B10368122B04D9006D202828BF2020AC
S315080133C0704700207047F8B504460D46F8F706FB26
S315080133D0012803461CD12F78BA1E1E2A1AD895E849
S315080133E0070004F5A47686E8070003FA07F2D4F87D
S315080133F04C312046013A1A40FFF7D8FF92FAA2F259
S31508013400C240C4F8AC202046F8F774F90020F8BD8C
S315080134100220FCE72120FAE738B54A780546012A51
S315080134200C4617D80B78012B14D890F82510C90724
S3150801343000D56AB9012B0DD00222214605F5807007
S31508013440FFF7FAFB2846214600F06BF9002038BD44
S315080134500E20FCE72120FAE738B54A780546012A05
S315080134600C4618D80B78052B15D843B1012A12D169
S31508013470052B10D04FF03A43DB6E9B070DD1022284
S31508013480214605F58170FFF7D7FB28462146F8F74F
S3150801349069F9002038BD2120FCE70220FAE710B5BA
S315080134A00446808A29B188424FF6FF730AD29942A7
S315080134B00BD14FF03A4341F6FF724FF6FF701A638C
S315080134C0208710BD9942F4D008464FF03A410A6B5D
S315080134D0431E22F4FF5222F01F029BB213430B63D1
S315080134E0EEE70246538A08468B424FF03A419BBFA4
S315080134F041F6FF734FF6FF700B6F0B6781BF23F41D
S31508013500FF5323F01F0303430B675087704738B5F2
S315080135104FF03A430546DC6A808AC4F30C04A0429C
S3150801352034BF0020012041F265420821F6F782FAEC
S31508013530A88A001B80B238BD2DE9F041884618F0EB
S31508013540030706461546194633D1B2F5805F30D8CA
S315080135509A422ED33F2A28D9B2FA82F401220120AF
S31508013560C4F11F03DBB29A4092B2AA422CBFC4F13E
S315080135701904C4F11A04E2B2931DDBB2984080B271
S31508013580A84214D096F80131ABB9012096F8253036
S3150801359060F3000386F825304046F8F79FFCC6F825
S315080135A02080B5823846BDE8F0813A46EAE7002030
S315080135B0ECE72127F6E70E27F4E7084600F02DB9D0
S315080135C0F8B511F0030607460D46144621D102B394
S315080135D013883F2B1DD9B3FA83F3C3F11901C9B275
S315080135E0062901D8192B12D0062928BF062101233D
S315080135F08A1DD2B293402846238000F014F9238805
S315080136003846FD617B82F8F783FD3046F8BD3146C1
S31508013610EDE72126F9E738B5148811F003054FEAD5
S31508013620C4041ED13F2C1CD9B4FA84F4C4F119037D
S31508013630DBB2052B01D8192C11D0052B28BF052380
S3150801364001240633DBB204FA03F3C3F3CF0414806F
S31508013650816104828387F8F75BFD284638BD2B46CE
S31508013660EEE72125F9E7F8B504460E46174603F0B5
S315080136700AFE3A46054631462046FAF7D3FD044680
S31508013680284603F0FBFD2046F8BD052070470320B8
S315080136907047F9F7EDBB08B190F92600704700208D
S315080136A0704790F82D00704708B50B46062200F5BD
S315080136B09E711846FFF7C0FA002008BD0429F8B51F
S315080136C005460C460AD10026F7B23846F8F702FF36
S315080136D008B13C4602E00136042EF5D12046F8F73A
S315080136E0F9FE58B195F83C31A34209D085F83C4119
S315080136F005F59E70BDE8F840F8F788BE2120F8BDAB
S315080137000020FCE70022F7F77FBEA0F84C30BDF990
S315080137100030C0F89410A0F84A20A0F84E300020D6
S3150801372070474B782BB94FF03A4341F6FF721A634B
S315080137307047F8F73BB8F8F739B810B51446084694
S315080137400121F9F7BDFF2046BDE810400121F9F72F
S31508013750B7BF8021FCF752BF10B50446F7F76AFCDC
S3150801376001462046BDE81040F7F76ABC70470F23AB
S3150801377090FBF3F07047D0F8EC30C3B15869B0B19B
S31508013780531EDBB2FD2B09D8012A05D143689A1CC1
S3150801379001D14FF0FF334B6000207047036813F1E6
S315080137A0020F08BF4FF0FF33FF2A0B60EDE7212018
S315080137B070472DE9F74F01251C469DF8303006461E
S315080137C001930368174603F0070306339D4005F185
S315080137D0FF380B46A1B1416804EA080BA5EB0B0AB1
S315080137E041F00059524509EB0B0114D952461846C6
S315080137F0FFF722FA49467A1B5A445044FFF71CFA46
S31508013800019B2BB13C4448EA050804EA0804F46024
S3150801381003B0BDE8F08F1846F0E74FF03A430222AD
S3150801382098615A6370474FF03A4301225A6741F645
S31508013830FF72D96418651A67704737B500251446AB
S315080138400095FFF7B6FF204603B030BDF8F7A6B8D6
S3150801385000207047704710F0FD0F14BF4FF0FF307E
S315080138600020C0B270470A4690F89410A52901D8DD
S31508013870F7F75CBD2120704708B5F9F763FCBDE889
S315080138800840F9F787BC38B50446FFF7F5FF054642
S31508013890FFF7F2FF431BA342FAD338BD38B50D46ED
S315080138A00446F9F74FFC35B1844200D9013920465F
S315080138B001F0030138BD844238BF0131F7E708B585
S315080138C0F9F758FCBDE80840F9F764BC08B50121C9
S315080138D0FFF7E4FFBDE80840F9F75CBC08B521B17C
S315080138E09200FFF7A9F9002008BD2120FCE700F0A6
S315080138F06F43B3F1804F02D0B3F1204F02D120F0CC
S315080139007040704700F06043B3F1204F08BF20F0C4
S31508013910805070470B0C23F48053B3F5284FF7B545
S315080139200D468FB2064699B216D04AF60103994258
S3150801393014D04AF60203994212D0B1F5204F14BFAA
S3150801394004240324D6F8EC300BB1196851B9D6F81A
S31508013950E83093B928680EE00024F3E70124F1E77B
S315080139600224EFE7234668463A46F9F7E5FCDDE91E
S315080139700003002BEBD103B0F0BD19680029E9D08B
S31508013980234668463A46F9F7D7FCDDE90003002BDA
S31508013990E0D1F0E70204C0F3891307D56FEA835330
S315080139A06FEA935313F5007F18B206D0A3F1C80046
S315080139B06FF4FF739842B8BF184670470020FAF7AC
S315080139C08DBA0120FAF78ABA0E2070477047FBF7BD
S315080139D03DBDFBF73BBDFBF739BDFBF737BD08B569
S315080139E00846FCF759F908BDFBF730BD38B5054659
S315080139F00C4603F048FCD5F89C301C40D5F89830A5
S31508013A002343C5F8983003F039FC211E18BF01215C
S31508013A100020490238BD002070470139024410B51B
S31508013A20904201D1002005E0037811F8014FA34225
S31508013A3001D0181B10BD0130F2E70000014B1868D0
S31508013A40704700BF883700200A4B1B6F03F0070336
S31508013A50013B032B03D8DFE803F00A030608FEE758
S31508013A60054B18687047054BFBE70548704705483D
S31508013A70704700BF0080005088370020903700202B
S31508013A8080D54302002D310108B5FFF7DDFF054B4F
S31508013A901B6FC3F303330133B0FBF3F0024B18601A
S31508013AA008BD00BF008000508437002000487047D9
S31508013AB000B4C40400487047002D3101014B186851
S31508013AC0704700BF903700200048704780D54302F1
S31508013AD04FF400221B4B5A664FF0B4439868C0F363
S31508013AE004400C280AD8DFE800F00B070909270962
S31508013AF0191B1D1F212325001348704700207047F5
S31508013B009B6803F04073B3F1807F17D0B3F1007F50
S31508013B1016D00E4A002B08BF104670470C4870474E
S31508013B200C4870470C4870470C4870470C4870475A
S31508013B300C4870470C4870470C4870470C4870474A
S31508013B400C48704700900050404B4C0000093D005E
S31508013B50405DC6000024F400C0EA2101002D3101B0
S31508013B6080BA8C010048E801005A620280969800E2
S31508013B7080841E0040420F00014B1868704700BF41
S31508013B808C37002008B502F035FB48B900F05EFF16
S31508013B900128034607D1054A106820B9136008BDF4
S31508013BA06FF00500FBE74FF0FF30F8E7A02400208F
S31508013BB008B500F04BFF38B1022804D0034B18684A
S31508013BC0431E5842584108BD0320FCE7A0240020A3
S31508013BD010B502F00FFB044668B900F037FF01285B
S31508013BE00CD1084B1A68012A08D102221A6000F082
S31508013BF0D1FB204610BD6FF00500FBE74FF0FF3003
S31508013C00F8E700BFA0240020034B0360034B0B60B9
S31508013C10A0231360704700BF40240020C021002064
S31508013C20034B0360034B0B60A0231360704700BF6F
S31508013C3060210020E01E00200A46002301460148B3
S31508013C4001F0A2B94168010813460A46014601482E
S31508013C5001F09AB9A168010810B54FF0807440E9DE
S31508013C600224184A4FF0123440F80C2C4FF0033254
S31508013C704FF0023C40E905244FF0013240F8203C60
S31508013C8040E9072C4FF010334FF011324FF0093449
S31508013C9040E90A324FF008334FF0073C40E90C344B
S31508013CA04FF006334FF0053240E90E3C4FF004332E
S31508013CB040E910326FF0020340F8443C40F8481DD1
S31508013CC010BD00BFFD0B0008002313B54FF07F425E
S31508013CD001934FF0E023C3F81C2DD3F81C3D1B0EAE
S31508013CE08DF803309DF803309DF803309DF80330B5
S31508013CF013F0800F019B29D1082B0CBF0023019BD0
S31508013D00174A18BFC3F107031B0203F4E0631360E4
S31508013D104FF0E0230024D3F8202D42F47F02C3F8A4
S31508013D20202DD3F8202D42F07F42C3F8202DC3F869
S31508013D301C4DECF781FF0B4B1C6000F045F800F0B9
S31508013D4023FEECF75BFF204602B010BD0133019359
S31508013D509DF803305B00DBB28DF80330C6E700BF80
S31508013D60A42400209437002008B502F02CFE044A4A
S31508013D70136801331360BFF34F8FBFF36F8F08BD0D
S31508013D8094370020044B1A681A68013A1A601868B1
S31508013D9008B902F023BE704794370020094A116812
S31508013DA0086806C881F30B88022181F3148820303C
S31508013DB080F30988BFF36F8F4FF0000080F31188F5
S31508013DC010470000282A002006480068006880F38A
S31508013DD0088862B661B6BFF34F8FBFF36F8F66DF90
S31508013DE000BF000008ED00E0EFF309801EF0100F98
S31508013DF008BF20ED108AEFF30B82734620E9FC0F0A
S31508013E000F4A116808604FF0300080F31188BFF33C
S31508013E104F8FBFF36F8F00F0B7FD4FF0000080F3AF
S31508013E201188074A11680868B0E8FC0F13F0100FEB
S31508013E3008BFB0EC108A82F30B8880F3098818470B
S31508013E40282A00201EF0040F0CBFEFF30880EFF3B9
S31508013E5009800149084700009B69010813B5044612
S31508013E6003F0D5FA0D4B0E4A1B6811689C4228BF10
S31508013E701C460C4B421A1B6863439A4238BFC91841
S31508013E804FF0000334BF091A0121CDE90033064A70
S31508013E90064803F098FA02B010BD00BFD0240020EE
S31508013EA0D4240020D8240020B13E0108A8240020EB
S31508013EB02DE9F04103F0ABFA064602F084FD124BF8
S31508013EC005461C7874B9114FDFF844803B68D8F869
S31508013ED00020F31A93420AD20CB102F041FD0120E7
S31508013EE0FFF7BCFF2846BDE8F04102F077BD00F0B8
S31508013EF0C3FA3B68D8F800202043134414BF0124B1
S31508013F0000243B60E2E700BF6E360020D42400207F
S31508013F10D824002070B503F07AFA144A14491368B4
S31508013F200968C41AB4FBF1F404FB0133114D124EAE
S31508013F3013602B6830681A1982420AD2204600F0AB
S31508013F404FFE2B681C4433682C609C4207D3002023
S31508013F5070BDC01A00F044FE33682B60F7E700F025
S31508013F6061FE003818BF0120F2E700BFD424002003
S31508013F70D8240020C8240020CC240020F8B5044603
S31508013F8001250E4E0E4F30463D7001F075FD204657
S31508013F90FFF764FF204602F041FD0A4B1C6000242E
S31508013FA0094B1C6001F00CFA30463C7001F064FDC7
S31508013FB02846BDE8F840FFF751BF00BFA8240020F6
S31508013FC06E360020CC240020C824002070B5B9B173
S31508013FD000230C4A1C4615465668864204D105EB51
S31508013FE0C403C3E900100BE01BB91668002E08BF0D
S31508013FF0134601340A2C02F10802EDD1002BF0D147
S3150801400070BD00BFDC240020002310B5084A52F811
S315080140103310DC00814206D10021064A42F83310EA
S315080140202244516010BD01330A2BF0D1FAE700BFD3
S31508014030E0240020DC24002000222DE9F84306466E
S315080140401E4B1F4C1D681F4B0F46D3F800801E4B95
S31508014050D3F800902368206883F85E20043002F0C4
S3150801406070FC731C14D19FB1184B21685A688A6079
S3150801407090682168C860216804314160216804316B
S315080140809160226853611A6801321A60BDE8F883A3
S3150801409023682168AD195D6001F1040104D348461E
S315080140A0BDE8F84302F02BBC404602F028FC084B59
S315080140B01A68AA4288BF1D60E8E700BF502500209C
S315080140C0282A00209C250020982500205825002014
S315080140D0342500200A4B0B4A1B6863B91268D06A5B
S315080140E060B9094B1B68012B09D8084B1868084B9E
S315080140F01B68C01A70470020136870471846704736
S315080141004C250020282A0020C82500203425002017
S3150801411050250020064A13681968064B19B94FF04D
S31508014120FF321A6070471268D2681268F9E700BF51
S315080141309C25002034250020F8B50C4C0C4F0D4D5C
S31508014140236803B9F8BDFFF70FFEFB68DE68301D6B
S3150801415002F0F7FB2B68013B2B602368013B2360C8
S31508014160FFF710FE304602F0CAFFE9E76C2500208A
S3150801417070250020542500202DE9F0410446FFF75B
S31508014180F3FD304B304E1A68304F01321A603568EC
S31508014190002D4AD134601B68012B1FD1B846404611
S315080141A0013502F09EFB382D08F11408F7D1DFF826
S315080141B0C480274D404602F094FB284602F091FB45
S315080141C0244802F08EFB244802F08BFB234802F0B8
S315080141D088FB234BC3F80080224B1D60224A201D11
S315080141E0136801331360214A23641168E36A8B4219
S315080141F088BF136014225343F9184A689568A26068
S31508014200E56068609060FA5861610132FA50FFF71B
S31508014210B9FD174B1B689BB13368DA6AE36A9A42A0
S315080142200ED2BDE8F04102F09BBB114B1A68E36A56
S31508014230002AD3D13268D26A9A4298BF3460CDE750
S31508014240BDE8F08154250020282A0020C825002031
S31508014250A02500208425002070250020582500204F
S315080142609C25002098250020382500204C25002073
S3150801427048250020B4250020F8B504461D4DFFF752
S3150801428073FD04B92C68271D384602F05AFBA36A48
S315080142901BB104F1180002F054FB174A174E1368B4
S315080142A0013313602B68A342336800D15BB9144A02
S315080142B01368013B1360FFF72DFFFFF763FD2046E7
S315080142C002F01DFF09E039460E4802F02FFB0E4A9F
S315080142D0136801331360FFF755FD336843B12B6843
S315080142E0A34205D1094B1B68BDE8F84002F038BB6B
S315080142F0F8BD00BF282A00203825002048250020BF
S3150801430054250020702500206C2500202C2500202E
S315080143101A4B2DE9F0411B680446834226D0FFF764
S3150801432023FD174BD4F828801F68164B65691E684C
S31508014330FFF728FD144B98451AD0BD421AD0B5424D
S3150801434018D0124B9D4209D1A36A9BB994F85C30E7
S31508014350012B14BF03200220BDE8F0810C4B9D42BE
S315080143600AD0002D14BF01200420F5E70020F3E749
S315080143700120F1E70220EFE70420EDE7282A0020D3
S315080143809C250020982500208425002058250020FA
S315080143907025002030B58BB007AB1D46184A12F8B8
S315080143A0014B03F8014B002CF9D106AA05A904A86B
S315080143B0CDE90444FFF728FC049B29460293059B93
S315080143C0069ACDE900430F48234602F017FF0E4B24
S315080143D0186080B100F0ECFD012805460BD102F00A
S315080143E0F2FA4FF0FF32094B1A60094B1D60094B6F
S315080143F01C60FFF769FC084B1B680BB030BD00BF9A
S31508014400227501084547010830250020342500207A
S31508014410482500205025002098370020024A1368B5
S3150801442001331360704700BF2C250020014B186823
S31508014430704700BF50250020014B1868704700BF20
S3150801444054250020012905D808B9034B18681431E9
S3150801445040F82120704700BF282A0020012906D8E4
S3150801446008B9044B1868143150F821007047002028
S31508014470704700BF282A00202DE9F84F4E4B1B68CC
S31508014480002B40F092804D4B1C6801341C6064B9C6
S315080144904B4B1A684B4A19681068186011604A4AEA
S315080144A0136801331360FFF735FE484D00202B686A
S315080144B0474AA342DFF824B10FD91421DBF80030AB
S315080144C0DB6A4B43D358022B424B28BF01201B689A
S315080144D0002B18BF0120BDE8F88F0746DFF800C199
S315080144E0374B1B681B681BB94FF0FF332B60E4E79A
S315080144F0334B1B68DB68DB6859688C4201D229603B
S31508014500DBE7D3F81480D3E90219C1F80890C9F892
S315080145100410D8F8041003F1040E7145D8F80010F8
S3150801452008BFC8F8049001395F61C8F80010D3F8CC
S315080145302880B8F1000F13D0D3E90719C1F80890FC
S31508014540C9F80410D8F8041003F1180A5145D8F827
S31508014550001008BFC8F8049001399F62C8F8001016
S315080145601426D96ADCF80080414506FB01F802EBFE
S31508014570080ADAF8049088BFCCF80010D9F8086060
S31508014580C3F80890DE60C6F804E0C9F808E0C3F885
S3150801459014A052F80830013342F80830DBF800302D
S315080145A0DB6A994288BF01209AE70B4A0020136803
S315080145B0013313608FE700BF2C250020502500200A
S315080145C09C250020982500203C2500203425002024
S315080145D0C82500204025002044250020282A00203F
S315080145E04C2500202DE9F84FFFF7BEFB434B1A680F
S315080145F01A68013A1A601B682BB10024FFF7C2FB3F
S315080146002046BDE8F88F3E4A1268002AF5D01425DF
S315080146104FF0010C3B483C4C3C4A3D4E3D4F51E066
S31508014620C368DB68D3F828E0D3E90718C1F808801E
S31508014630C8F80410DEF8041003F1180949454FF0CB
S31508014640000108BFCEF804809962DEF8001001392E
S31508014650CEF80010D3F814E0D3E90218C1F808809F
S31508014660C8F80410DEF8041003F104094945DEF818
S31508014670001008BFCEF804800139CEF80010D3F82F
S315080146802CE0216805FB0EF802EB080A8E45DAF8DC
S31508014690041088BFC4F800E0D1F808B09960C3F8DF
S315080146A00CB0CBF80490C1F8089052F80810C3F87A
S315080146B014A0013142F808103168C96A8E4501D93A
S315080146C0C7F800C001680029AAD10BB1FFF722FD7E
S315080146D0114D2C6844B101270E4EFFF7CDFE00B1EE
S315080146E03760013CF9D12C600A4B1B68002B84D03A
S315080146F0074B01241B6802F033F97FE72C250020BC
S3150801470054250020842500204C250020C82500209A
S31508014710282A0020402500204425002008B518B97C
S31508014720BDE8084002F01CB9FFF778FE044B0021EA
S315080147301B68FFF781FCFFF755FF0028F0D008BD7D
S315080147402C25002070B50D4C0D4D0E4EFFF7F4FCCF
S315080147502368012B01D902F003F9FFF7BBFC0128F5
S31508014760F4D9FFF75BFE2B683368FFF7B3FC012822
S3150801477001D9FFF703FCFFF735FFE7E7C825002056
S31508014780342500205025002010B50C46054B196824
S31508014790183102F0B4F82046BDE810400121FFF7B0
S315080147A04BBC00BF282A0020034670B40E480F4CA4
S315080147B00068206841F000418161596820688E6867
S315080147C0C161206825680662183575602568104636
S315080147D018358D60216870BC8B62196801311960C2
S315080147E00121FFF729BC00BF2C250020282A00201B
S315080147F00F4B70B444681D68A668EC611D68002AF1
S315080148002E621D6805F1180575601D681B6805F19E
S315080148101805A5609862036870BC03F1010303607B
S315080148200CBF08464FF0FF301146FFF705BC00BF25
S31508014830282A0020C36870B5D868836AD0E90712A8
S315080148405C688A60516000F118018C4208BF5A60A1
S31508014850002282621A68013A1A601F4B1B68002BF4
S315080148602ED1D0E9021243698A6051605968041D44
S31508014870A14208BF5A601A68013A1A60174AC36A00
S3150801488011688B424FF0140188BF13604B43144AD9
S31508014890D51869688E688160C66074608C60D15865
S315080148A045610131D150FFF735FC0E4BC26A1B68D1
S315080148B0DB6A9A4285BF01200B4B0020186070BD48
S315080148C00A4B5A689468C2610462616091601A6809
S315080148D0836201321A60E8E72C2500204C25002066
S315080148E0C8250020282A00204025002084250020EC
S315080148F0F8B5204B41F0004101601B68D0E901126F
S31508014900D0E903438A6051605968251D814208BF71
S315080149105A60002202611A68013A1A60FFF7FAFB27
S31508014920D4E9021263698A6051605968A94208BFCD
S315080149305A601A68013A1A600F4BE26A19688A4284
S3150801494088BF1A60142353430C49CE1870688768C8
S31508014950A060E7607D608560C85866610130C8500F
S31508014960074B1B68DB6A9A4282BF0122054B1A6014
S31508014970F8BD00BF2C2500204C250020C8250020A5
S31508014980282A002040250020F8B51F4B1A681F4B1E
S3150801499012B101221A60F8BD1D4C1A6023681B6BFF
S315080149A01A68B2F1A53F0BD15A68B2F1A53F07D1F2
S315080149B09A68B2F1A53F03D1DB68B3F1A53F04D0EC
S315080149C0216820683431FCF72DF81427114D124A55
S315080149D0296807FB01F3D658981896B14668083333
S315080149E0766813449E4208BFC368466008BF4360A1
S315080149F0142303FB01225368DB68236029602368BB
S31508014A00C9E70139E5E700BF2C250020402500202C
S31508014A10282A00204C250020C8250020044B1A68A6
S31508014A20196890691A68CB6AC3F1380393617047AC
S31508014A30282A0020014B1868704700BF282A002041
S31508014A400122014B1A60704740250020054B1B685F
S31508014A5033B1054B1868B0FA80F040094000704739
S31508014A6001207047482500202C250020F8B504466A
S31508014A7000282ED01D4DC36A2A68D26A93422DD2C8
S31508014A8082691B4E002AA1BF2A68D26AC2F138027E
S31508014A908261142202FB036342699A421AD1071DF5
S31508014AA0384601F04EFF2B68124ADB6A1168E36249
S31508014AB08B4288BF136014225343F1184A689068E1
S31508014AC0A260E06047609760F25861610132F25076
S31508014AD00120F8BD2B68DB6AC362F9E72B68806C95
S31508014AE0DB6A98422CBF00200120F2E7282A002021
S31508014AF0C82500204C25002070B5044608B90020B9
S31508014B0070BD154BC16A1B68826CC36C914203F177
S31508014B10FF33C364F3D0002BF1D1051D284601F0FC
S31508014B2010FFA36CC3F13802A2610C4AE362116853
S31508014B308B424FF0140188BF13604B43084AD018C3
S31508014B4041688E68A160E66075608D60D1586061C4
S31508014B5001310120D150D3E7282A00204C25002015
S31508014B60C825002070B50446002831D0836C9942C7
S31508014B7038BF1946C36A8B422AD0C26C012A27D18B
S31508014B80144A154D12688269C162002A4FF014024F
S31508014B9002FB03534269A4BFC1F1380181619A42FC
S31508014BA016D1061D304601F0CCFE0C4AE36A11689F
S31508014BB08B4288BF136014225343E9184A689068E8
S31508014BC0A260E06046609660EA5861610132EA5087
S31508014BD070BD00BF282A0020C82500204C250020CA
S31508014BE038B50C4D0C4A2B681168126803449A4271
S31508014BF004460AD1094B013C1B68FFF7B5F8084A78
S31508014C00136801331360FFF7BDF82B6823442B6043
S31508014C1038BD00BF50250020342500202C25002052
S31508014C20442500200B4B1B687BB90B4A106870B9E9
S31508014C300A4B1B6863B90A4B0A4A1B681068013B91
S31508014C4098420CBF02200120704700207047184681
S31508014C50704700BF842500204025002044250020F8
S31508014C605425002058250020034B186810B1C36C41
S31508014C700133C364704700BF282A0020034B1B6811
S31508014C800360034B1B684360704700BF3C25002047
S31508014C905025002070B504460D46FFF765F8144BFC
S31508014CA062681968134B186890F85E0040B10022D3
S31508014CB01B6883F85E200124FFF764F8204670BD5F
S31508014CC02B68581C12D00C4826680068864204D006
S31508014CD08A4202D800232B60EDE7881A8342F9D964
S31508014CE05B1A134420462B60FFF7C8FF0024E3E74D
S31508014CF050250020282A00203C250020914208B58D
S31508014D00416000610AD8D21A83699A420DD2084BCA
S31508014D10011D186801F0F3FD002008BD9A4201D271
S31508014D20994202D2034B011DF3E70120F5E700BFC3
S31508014D30882A00208C2A00200E4B70B51B68054670
S31508014D40DB680E46DC68201D01F0FBFD94F828306F
S31508014D505A0709D532462946204602F07CFA2046EA
S31508014D60236ABDE87040184723F0010384F8283008
S31508014D70F5E700BF8C2A0020F8B50546FFF756FB74
S31508014D800D4E04463368834209D90C4F3B681A68AD
S31508014D9052B90B4A116813603960012300E00023F8
S31508014DA020462B603460F8BDDB684FF0FF31186888
S31508014DB0FFF7C2FFEAE700BF2C2A00208C2A002051
S31508014DC0882A0020F7B5114CFEF7CEFF2568BDB934
S31508014DD00F4F104E384601F084FD304601F081FD33
S31508014DE00D4B10211F600D4B0A201E600C4A0D4BFE
S31508014DF0009502F04EF9206010B10B49FFF7E6F86D
S31508014E0003B0BDE8F040FEF7BDBF00BF842A00200D
S31508014E10A42A0020902A00208C2A0020882A002013
S31508014E206F360020302A0020277501082DE9F04148
S31508014E30524F534E86B03B68D3F80080B8F1000F45
S31508014E4037D00024DB68D3F80080FFF7E7FA02A819
S31508014E50FFF792FF029B0546002B3FD15CBB4045FD
S31508014E602FD3FFF7BFFB29464046FFF765FF102200
S31508014E70002102A8FDF7D5FE0022306802A901F03B
S31508014E80EBFE0028D7D0029B0498002B29DB049C53
S31508014E9063696BBB01A8FFF76FFF029B0546013BE0
S31508014EA0082BE9D8DFE803F028284B526128284B5C
S31508014EB052000124C9E7334B1B681C68B4FA84F411
S31508014EC0640922463068A8EB050102F055F8FFF798
S31508014ED089FB0028CBD101F043FDC8E7FFF782FB28
S31508014EE0C5E7039B05999847029B002BC4DBCEE7D0
S31508014EF0201D01F026FDCDE794F82830A16943F07D
S31508014F00010384F82830039B024619442046FFF71B
S31508014F10F5FE0028B0D094F8283059070AD5A369B8
S31508014F2003992A462046194402F095F92046236A30
S31508014F309847A1E723F0010384F82830F6E794F8A7
S31508014F40283023F0010384F8283095E794F82830AF
S31508014F50024643F0010384F8283003990346A16108
S31508014F6001442046FFF7CAFE86E794F828309A07D7
S31508014F70E7D4204601F045FD7EE700BF8C2A0020D4
S31508014F80842A0020882A00201FB514461A466FF085
S31508014F900103CDE900300548CDE90214002369462D
S31508014FA0006801F0C6FE04B010BD00BF842A0020C7
S31508014FB010B588B0FFF706FF0E4B00241868B8B184
S31508014FC007AA06A905A8CDE90544FEF729FE059B0A
S31508014FD0079A0293069B08490193282307480093D9
S31508014FE0234602F00BF9064B1860001B18BF012077
S31508014FF008B010BD842A00202C7501082D4E010821
S31508015000802A00200A4A08B5127852B107280AD818
S31508015010084A02EB00131B7B3BB1EDF729FF002081
S3150801502008BD0548FCE70548FAE70548F8E700BF63
S315080150300F370020B02C0020028000F0018000F01C
S31508015040078000F00B4A10B512780C4662B10728A2
S315080150500CD859B1084A02EB00131B7B43B1EDF793
S3150801506019FF2070002010BD0448FCE70448FAE740
S315080150700448F8E70F370020B02C0020028000F022
S31508015080018000F0078000F00B4A10B512780C4633
S3150801509062B107280CD859B1084A02EB00131B7BE9
S315080150A043B1EDF70FFF2060002010BD0448FCE76F
S315080150B00448FAE70448F8E70F370020B02C002027
S315080150C0028000F0018000F0078000F00122437899
S315080150D001789A4030235943014B5A50704700BF13
S315080150E040D00350034B5A68D20702D5DA69002A21
S315080150F0F9D1704700800A5030B9044B5A68D20773
S3150801510002D59A6D002AF9D1704700BF00800A506E
S3150801511008B9014B5964704700900A5008B9014B08
S315080151205964704700A00A5008B9014B19647047C1
S3150801513000A00A5010B9024B186C7047002070473E
S3150801514000800A5010B5FFF7D7FF10B919B1012928
S3150801515004D0002001E0034BD86C10BD014B186D3B
S31508015160FBE700BF00800A5038B51446FFF7C4FFB5
S3150801517010B911B1012903D038BD034BDC64FBE733
S31508015180014B1C65F8E700BF00800A5008B5FFF718
S31508015190B3FF10B9024B586D08BD0020FCE700BFEC
S315080151A000800A50B8B1036813F4E07F03F03F00AA
S315080151B0C3F382120AD0012A0DD1084B41B103F576
S315080151C08053012282401A6000207047044BF5E79C
S315080151D003F50053F5E70E20704700BF68800050BD
S315080151E0648000500146064802688A4205D8436829
S315080151F01A44914228BF002070470020704700BF1B
S31508015200842D00200229F8B596BF104B00245C5C5A
S31508015210012805460E4608D0022809D008B944F0E7
S3150801522002040B4B1F6837B9F8BD44F00804F8E7C8
S3150801523044F02004F5E77B681A68144203D0314626
S3150801524028465B6898473F68EDE700BF8078010804
S31508015250AC2D002038B5104D2B78ABB10F4C237807
S315080152601BB100F06FFA00232370002000F092FAB8
S315080152700B4C50B100F098FA0023012120782B70CD
S31508015280FFF7C0FF0123237038BD0122054B1A70B1
S315080152902278054B1A70F7E7213700201F370020BF
S315080152A02737002022370020233700200C4A13789D
S315080152B0FF2B01D158B170470BB908B9704730B106
S315080152C001331370074B1B78012B03D87047013B39
S315080152D013707047044B1B780BB9FFF7BBBF7047B8
S315080152E026370020273700202237002010B501F085
S315080152F0CAFF064B04461B781BB1BDE8104001F0F6
S31508015300BDBFFFF7A7FF2046F7E700BF1E370020FE
S315080153100228F8B504D0244A1378FF2B01D1E9B144
S31508015320F8BDD3B90029FBD0012313701F4B1B7895
S31508015330012BF5D901F0A7FF1D4E0446337893B921
S3150801534020461A4C01F09AFF20780128E8D001215D
S31508015350FFF758FF01232370E2E711B9013B1370E8
S31508015360DEE70133E1E7134F3B781BB901223A70B7
S31508015370114A1370114D2B781BB100F0E3F9002384
S315080153802B70204601F07AFF012000F003FA01F0A4
S315080153907AFF3B7804461BB100F006FA00233B70FE
S315080153A000233370CCE700BF2637002027370020BB
S315080153B0213700201E370020223700201F37002002
S315080153C02DE9FF47EFF3108572B6AFF3008001F0C0
S315080153D028FB002870D0704E704F337823B1002017
S315080153E0FFF764FF00233370387870B903A900F01A
S315080153F091FB044648B96A4B039A1B689A4263D8DB
S315080154000120FFF753FF012333703B78654CDFF822
S31508015410BC91002B72D02078012840F09480207826
S3150801542000F03EF999F8003013B15F4B1B782370F1
S31508015430AFF30080284601F0A2FFEFF3108572B69C
S315080154405A4B1A7852B100221A70574B20781B789A
S31508015450984203D101212170FFF7D4FE544800F088
S315080154600BFBFEF757FD80460028B6D1514B524F2C
S3150801547018703B789BB189F80000DFF84C9199F8D0
S3150801548000301BB100F05EF989F80080002000F0B9
S3150801549081F9002875D000F087F900233B7033782D
S315080154A023B10020FFF702FF002333700021207883
S315080154B0FFF7A8FE00232370AFF30080284604B047
S315080154C0BDE8F04701F05BBF3C4BD3F8008000F024
S315080154D0D7F8039B8044984592D200F0A9F9820037
S315080154E0039942F0020292B2CDE900422346344AB8
S315080154F0A1EB08012E4801F047FF86E72E4BDFF89E
S31508015500B4801B780BB900F001F92078022831D153
S3150801551098F8003023B10022264B1A7001F0D5FF06
S31508015520DFF8948098F80030002B7FF478AF254B8C
S315080155301B7823B900F000F90122234B1A700123C5
S3150801554088F800306BE74FF001080023DFF864A004
S315080155508AF8003099F8003013B94146FFF752FE30
S315080155609AF8003084F800803BB1B8F1020F7FF455
S3150801557056AFD0E74FF00208E7E7B8F1020FCFD0F0
S315080155804DE7012000F08CF8284601F0F8FEEFF30C
S31508015590108572B67AE700BF20370020263700202B
S315080155A0B42D002027370020233700201C37002080
S315080155B0B82D00202437002021370020B02D0020E7
S315080155C0ED520108253700201F3700202237002019
S315080155D038B501F058FE094B05461B78012B04D84E
S315080155E001F04CFE0024204638BD054B1C6800F02E
S315080155F047F80444284601F041FEF4E7273700201E
S31508015600B02D0020184B19491A6F10B502F0070280
S315080156100A60196F164801F4744101601549164C60
S315080156208969032A01F00200C1F34001134A217076
S315080156300FD0D3F8201101F00701022909D0D3F8B8
S31508015640281101F00701022903D00021117018B9A8
S3150801565010BD01231370FBE7D3F8003103F00303F0
S31508015660591E4B424B41F5E700800050E42D0020BE
S31508015670E02D002000C001502B3700202C370020D8
S3150801568008B5054B187818B1EEF75AFD00EBD000AE
S31508015690024B1B68184408BD2C370020DC2D00205E
S315080156A0012808B50BD00238012807D80020ECF7E5
S315080156B0BBFF124A136923F00403136108BD104A9C
S315080156C0137823B10F490B6F43F474430B670B49E6
S315080156D00B6923F004030B61BFF34F8FBFF36F8F81
S315080156E030BF1378002BE9D0064A0749136F0968BA
S315080156F023F474430B431367E0E700BF00ED00E0B2
S315080157002037002000800050E02D0020074A084974
S31508015710D2F8203103F007030B60D2F82831054A85
S3150801572003F007031360FBF744BB00BF008000507A
S31508015730F02D0020EC2D00200122014B1A70704734
S315080157402A3700200F4B10B51B7883B10E4C2378EE
S31508015750A3B90E4B9A6DD10302D5DA6D920702D41D
S315080157609B6DDB0704D54FF48032094B9A6210BD55
S31508015770EEF772FC4FF48032054B9A6200232370D0
S31508015780F5E700BF2C370020293700200040005AD2
S315080157900050005A034B1B780BB1EEF701BD0120EF
S315080157A0704700BF2C37002008B5FBF703FB174BE2
S315080157B01B7833B10122164B5A60164A9369DB07E7
S315080157C0FCD5154B15491A6F096822F007020A43D9
S315080157D01A671349D3F82021096822F007020A43F8
S315080157E0C3F820210F49D3F82821096822F00702B6
S315080157F00A43C3F828210C4B1B781BB14FF480329E
S315080158000A4B9A62BDE80840FEF73EB92B370020DD
S3150801581000D0015000C0015000800050E42D002046
S31508015820F02D0020EC2D00202C3700200060005AB6
S31508015830014B1878704700BF2C37002008B5164B66
S315080158401A7822B300221A70144B1A6F22F0070233
S3150801585042F001021A67D3F8202122F0070242F02A
S315080158600302C3F82021D3F8282122F0070242F0C7
S315080158700302C3F828210A4B1B7833B10122094BCD
S315080158805A60094A53689B07FCD4FEF7FDF80122C2
S31508015890064B5A6708BD00BF2A3700200080005012
S315080158A02B37002000E0015000C001500060005A6B
S315080158B00D490B68A0B10022A3B1834203D18368C5
S315080158C022B90B6003E01A469B68F5E79360836883
S315080158D00BB9002070475A6941690A445A61F8E7C9
S315080158E02220704702207047002E002038B500F0AC
S315080158F019FA0025084B094C1A682368C31A2AB1F4
S3150801590023B15169994203D3C91A5161206038BD3F
S3150801591055615B1A9268F2E7002E0020FC2D0020E3
S3150801592038B5154D2B682BB35B69A3B1134A022011
S3150801593014681C4401F091FD204600F031FA002359
S315080159400F492A680B7022B1D08880070AD501232E
S315080159500B70002038BD022001F07FFD022000F007
S3150801596069FAECE79268002AF3D050690344012BDF
S31508015970EAD9EEE72220EDE7002E0020FC2D0020D3
S315080159802E370020C38870B504460D463BB9FFF78C
S315080159901FFE8542064602D2FCF798FE35460E4999
S315080159A065610B688BB90C60A3600DE0AD1A9A6846
S315080159B0184665616AB113465A69AA42F6D930B1E1
S315080159C08460521BA3605A6170BD0020F4E70C6025
S315080159D0F7E79C60A260F7E7002E0020F8B51546A8
S315080159E09DF81C20BDF820700271069A04460260D3
S315080159F000220E46C0E903358260C7809DB900F0D2
S31508015A0091F93044A0614EB13546062F1DD10822C1
S31508015A10174B28469A6200F08DF902E0E368666141
S31508015A207BB90020F8BD00F07DF92844A061002E5D
S31508015A30EAD1E3686661002BE7D0204621689847DA
S31508015A40E3E7204621689847EBE701F01CFC064688
S31508015A50FFF74CFF29462046FFF794FF054B1B68C5
S31508015A60A34201D1FFF75CFF304601F007FCD8E7F6
S31508015A700050005A002E002038B5044640B3C388AA
S31508015A80062B01D100F0DEF901F0FDFB0546FFF713
S31508015A902DFF104B20461B68A34208D0FFF708FFCD
S31508015AA0044680B1284601F0E9FB204638BDFFF7D8
S31508015AB0FFFE04460028F5D1FFF732FF222802D15E
S31508015AC0022000F0A5F9284601F0D8FB0024ECE7EE
S31508015AD02224EAE7002E002038B50C460546A8B16F
S31508015AE0A1B100230B7001F0D7FB0121084B1B68FC
S31508015AF033B901F0CCFB002038BD9D4204D1217099
S31508015B002278002AF9D0F4E79B68F1E72220F3E727
S31508015B10002E0020F8B506460F4601F0BDFB00250C
S31508015B200446124B1B6823B9204601F0B0FB1B2023
S31508015B3011E05A691544DA88B2420DD100F0F2F83B
S31508015B400B4E3368C01AA8420AD3002320463B608D
S31508015B5001F09DFB0020F8BDFF2EEFD09B68E2E720
S31508015B6000F0E0F833682B441B1AEFE7002E0020FB
S31508015B70FC2D0020014B1868704700BF042E002039
S31508015B800F4B10B51A689AB14FF47A71531E134226
S31508015B90A0FB01010ED1B2FA82F2C2F11F04531C15
S31508015BA0D243E04001FA03F3184321FA02F2024311
S31508015BB0104610BD0023F1F7B5FA0246F8E700BF13
S31508015BC0042E002008B5084B1B7803F0FF004BB1E3
S31508015BD001F01DFC054B1B689B69C01A02288CBF86
S31508015BE00020012008BD00BF2E370020002E00200E
S31508015BF0014B1870704700BF2D370020C2072DE9E9
S31508015C00F843044607D5444A136801331360FFF77E
S31508015C106DFEFFF785FEA3077CD501F03DFB4FF02E
S31508015C20000805464646FFF761FE3C4F3C680CB145
S31508015C306369A3B100223A4B012E1A7003D118F0F9
S31508015C40020F18BF1E70FFF76BFE222802D1022031
S31508015C5000F0DEF82846BDE8F84301F018BB2346F4
S31508015C605A693AB91A792179914288BF1C469B68C3
S31508015C70002BF5D1284601F00AFB2569DDB100F0B4
S31508015C8051F8A269A0EB02084FEAE873A84573F137
S31508015C90000311DB23691344A361E36813B12046AA
S31508015CA021689847B4F8068001F0F6FA01360546E8
S31508015CB0FFF71CFEBAE7A84601F0EEFA8146204630
S31508015CC0FFF7F6FD484601F0E2FA2369002BE4D016
S31508015CD0A38BB5EB080533B1E28B13449BB2B3F53D
S31508015CE07A7F0FD2E38301F0D7FA80462946204608
S31508015CF0FFF748FEA369226940461344A36101F0F0
S31508015D00C6FACAE7A3F57A73E383A369013D013BA2
S31508015D10A361E8E7BDE8F883082E0020002E0020DD
S31508015D202D37002008B5FFF7DDF9014B986908BD45
S31508015D3000800A5038B5044601F0A5FA0546FFF772
S31508015D40D1F90E4B022C9A694FF001018CBF121939
S31508015D500332B2F1FF3F38BF013A0020FFF704FAD8
S31508015D60284601F08BFA064B1A7832B10221054A08
S31508015D7091640421916400221A7038BD00800A508A
S31508015D807539002000900A5007B5044B01A9187906
S31508015D9001F088FA019803B05DF804FBC877010899
S31508015DA0F8B5044601F06FFA0746FFF79BF9154B5C
S31508015DB09D6901F04EFB06460020FFF7BBF98307F4
S31508015DC004D4731B032B01D8AE420FD10021631BE8
S31508015DD0022B98BFEC1C0846B4F1FF3F2CBF2246A4
S31508015DE0621EFFF7C1F9022001F037FB384601F0C0
S31508015DF045FA054B1A7822B10121044A9164002219
S31508015E001A70F8BD00800A507639002000900A50B1
S31508015E10830700F0010106D50123044A41F0020176
S31508015E201370034A93640020FFF778B97639002086
S31508015E3000A00A50830742BF0222014B1A64704729
S31508015E4000900A50054B1A7832B90221044A916426
S31508015E500421916401221A70704700BF7539002028
S31508015E6000A00A5070B50446FDF7D3F8054620464A
S31508015E70FDF7D1F8032D06460AD085420ED02046F5
S31508015E80F3F73AFD01462046F3F71AFD30B1FEE76E
S31508015E9001462046FCF7EFFD032E00D170BD002117
S31508015EA02046F3F70DFD0028F8D0F0E72DE9F04F6D
S31508015EB0C74F89B0F96A814202D009B0BDE8F08FAF
S31508015EC00446500715461E4607D5DFF81483D8F849
S31508015ED01020D8F814309A4273D305F0400306F01F
S31508015EE01002134340F05181290207D5DFF8F082E9
S31508015EF0D8F81020D8F814309A4210D305F0AA43DE
S31508015F0006F02202134340F0AE80B305D5D5002230
S31508015F102046114609B0BDE8F04FF3F71FBDD8F882
S31508015F201030D8F898240133C8F8103003EB43032E
S31508015F3002EBC300DFF8A09252F833A041688268E9
S31508015F40C36802920391D0F810B0019301F09BF94E
S31508015F50D9F84430C9F844A001F090F901F093F951
S31508015F600399D9F84C30C9F84C1001F087F901F0BA
S31508015F708AF9029AD9F83410C9F8342001F07EF961
S31508015F80DFF860A201F07FF9019BDAF81C21CAF853
S31508015F901C3101F073F901F076F9DAF83C31CAF8E7
S31508015FA03CB101F06BF9D8F88830D8F8742020464E
S31508015FB09B1AC8F88830D8F8881089B2FDF78FF887
S31508015FC09CE7D8F81030D8F898240133C8F810306F
S31508015FD003EB430302EBC300DFF8FC9152F833A04D
S31508015FE041688268C36802920391D0F810B00193A0
S31508015FF001F049F9D9F84430C9F844A001F03EF94D
S3150801600001F041F90399D9F84C30C9F84C1001F05F
S3150801601035F901F038F9029AD9F83410C9F834205B
S3150801602001F02CF9DFF8BCA101F02DF9019BDAF892
S315080160301C21CAF81C3101F021F901F024F9DAF81A
S315080160403C31CAF83CB101F019F9D8F88830D8F8CA
S31508016050742020461344C8F88830D8F8881089B2C5
S31508016060FDF73FF839E74FF00009DFF8748120465C
S31508016070C8F81090FDF74AF8EA01C8F88C0400F14F
S315080160808E8001230322C8F8D0350023514988F8A8
S31508016090C825C1E902561A46D8F82005083900F07C
S315080160A0D4FA002C6BD001F0F7F84B4D814601F07C
S315080160B0EAF86B6D23F004036B6501F0DFF84FF026
S315080160C00042464B1A6100BF00BF4FF080420A21C9
S315080160D01A612046FDF720F8D8F89834D3F800A0BD
S315080160E001F0D1F86B6CC5F844A001F0C7F8D8F8EF
S315080160F09834D3F804A001F0C6F8EB6CC5F84CA0A7
S3150801610001F0BCF8D8F89834D3F808A001F0BBF828
S315080161106B6BC5F834A001F0B1F8D8F89834A5F539
S315080161208045D3F80CA001F0AEF8D5F81C31C5F8B6
S315080161301CA101F0A3F8D8F89834D3F8108001F01F
S31508016140A2F8D5F83C31C5F83C8101F097F84846E4
S3150801615001F09DF83B6B204699B27B63FCF7BFFFC4
S31508016160F98E2046FCF7BDFFB9887B888B4203D0A0
S315080161702046F3F78DFB79882046F3F789FB002241
S3150801618020461146FCF76FFEBFE601F07CF8124A7D
S31508016190536D43F00403536501F070F8A4E6D8F88B
S315080161A0783004A92046ADF814308DF81C90FCF718
S315080161B03AFF204604A9FCF739FF049A4B46C8F86A
S315080161C08C24D8F890240132C8F890245AE700BFE5
S315080161D06838002010100020008001B8000002B8BD
S315080161E0400A0020004001B84FF4004070474FF4C0
S315080161F07A70704710B5EFF3058414B1012420466F
S3150801620010BDFEF723FC0128F9D0EFF31083002B0C
S31508016210F4D1EFF31184003C18BF0124EFE708B568
S31508016220FEF714FC012803D0BDE8084000F0A3BB23
S3150801623008BD4FF47A70704700232DE9F04186B006
S3150801624005460E4690460593FFF7D4FF00BBFDB100
S31508016250B8F1000F3DD0D8F818402CB1631E372B82
S3150801626003D906B0BDE8F0811824D8F80430DB0755
S3150801627033D4D8F814306BB19A08D8F80010D8E995
S3150801628002704FB15F2803D9D8F8100000B1B3B92D
S315080162900598E6E7A022F0E70028F9D1D8F81030EA
S315080162A0002BF5D105AB013C0193284633460094F2
S315080162B000F076FF01281CBF00230593E8E7013C9F
S315080162C0CDE9010733462846009400F097FF05906B
S315080162D0DEE741461824A022E4E70020C1E7FEF7DD
S315080162E0A9BB38B50546FFF785FF044650B965B120
S315080162F02846FEF70DF804280AD02846FDF7BCFF04
S31508016300204638BD6FF00500FBE76FF00300F8E79C
S315080163106FF00200F5E710B50446FFF76BFF28B9E1
S3150801632014B12046FEF7FAF9002010BD6FF00500FA
S31508016330FBE710B50446FFF75DFF50B95CB1D4E938
S31508016340020328B11F2B04D9BDE8104000F006BA94
S315080163500BB1002010BDBDE8104000F0F1B937B50A
S315080163600C46054610B3B1F1807F1FD2FFF742FFF5
S31508016370A8B100232146284601AA0193FDF764FC2A
S31508016380B8B1284600F08EFA019B2BB14FF0E023F5
S315080163904FF08052C3F8042D204303B030BD214687
S315080163A0284603B0BDE8304000F04CBA6FF0030050
S315080163B0F3E76FF00200F0E770B50E460546E0B167
S315080163C0B1F1807F19D2FFF715FF80B1284600F099
S315080163D069FA314604462846FDF72EFC80B14FF08E
S315080163E0E0234FF08052C3F8042D204670BD314694
S315080163F02846BDE8704000F016BA6FF00304F4E7CA
S315080164006FF00204F1E72DE9F3410C4615461E46E5
S31508016410074610B1B1F1807F04D36FF0030002B0D3
S31508016420BDE8F081FFF7E6FE20B1002EF5D16FF049
S315080164300500F4E705F0010885F00202C2F34002FF
S31508016440434621463846009600F098F904EA0002C8
S31508016450B8F1000F08D0A242E1D0002E14BF6FF0A8
S3150801646001006FF00200DAE7002AF6D0D7E738B55F
S315080164700546FFF7BFFE044628B93DB1284600F098
S315080164801AFA204638BD6FF00500FBE76FF00300E6
S31508016490F8E738B50546FFF7ADFE10B100242046EA
S315080164A038BD25B9BDE83840012000F0E7BD6B6865
S315080164B01A07F3D4D5E9021203F0010379B14F2A79
S315080164C0ECD99BB1042000F00CFE04460028E5D067
S315080164D0296809B1FDF77AFD44F00104DFE7002ACE
S315080164E0DCD17BB1042000F0C9FDEEE7012000F004
S315080164F0F8FD04460028D1D029680029CFD0FDF738
S3150801650065FDCCE7012000F0B9FDF2E7F8B50546CF
S315080165100C4620F0010600F00107FFF76BFEA0B953
S31508016520012D15D92146304667B100F0EEFC012848
S3150801653001D10020F8BD002C14BF6FF001006FF0E7
S315080165400200F7E700F061FCF1E76FF00500F1E7FB
S315080165506FF00300EEE770B5044620F0010500F080
S315080165600106FFF747FE90B9012C13D946B1284613
S3150801657000F0E2FC01280CBF00206FF0020070BD9C
S31508016580334632463146284600F0E1FAF2E76FF023
S315080165900500F4E76FF00300F1E770B5054620F052
S315080165A00106FFF727FE044648B9012D0AD93046E8
S315080165B0FDF72AFD304600F0D4FC204670BD6FF089
S315080165C00500FBE76FF00300F8E7F7B505460E4649
S315080165D01446FFF70FFE18B10025284603B0F0BD93
S315080165E0002DF9D0002EF7D03CB3D4E90232BBB165
S315080165F04F2AF1D92269002AEED006FB05F167690F
S315080166008F42E9D300903146284600F042FD0546FF
S315080166100028E1D021680029DFD0FDF7D7FCDCE7A7
S31508016620002AD9D12369002BD6D16269002AD3D190
S315080166303146284600F0F8FCE9E722463146284665
S3150801664003B0BDE8F04000F0EFBC73B51C46054643
S315080166500E46FFF7CFFD0346D0B13DB336B32CBB8B
S3150801666023463146284601AA019400F062FB012817
S3150801667003D06FF0020002B070BD019B0BB9002078
S31508016680F9E74FF0E0234FF08052C3F8042DF6E7FF
S3150801669065B15EB122463146284600F058FA01280E
S315080166A0EDD0002CE5D06FF00100E4E76FF00300B0
S315080166B0E1E773B505460E461C46FFF79BFDC8B1D3
S315080166C035B32EB324BB3146284601AA019400F0FE
S315080166D068FB012803D06FF0020002B070BD019B70
S315080166E00BB90020F9E74FF0E0234FF08052C3F8C9
S315080166F0042DF6E765B15EB122463146284600F01B
S31508016700ABFA0128EDD0002CE5D06FF00100E4E7E3
S315080167106FF00300E1E738B50546FFF76BFD044660
S3150801672040B955B12846FDF76FFC284600F019FC1B
S31508016730204638BD6FF00500FBE76FF00300F8E768
S3150801674038B5202000F051F9044628B1002540F853
S31508016750045B00F0C6F82577204638BD202313B51B
S3150801676001930446019B30B1002340F8043B00F035
S31508016770B8F801232377204602B010BD2DE9F84366
S3150801678006460C4698461746DDF82090FEF75EF950
S31508016790FDF744FE356805EA0403B8F1000F24D174
S315080167A07BBBB9F1000F2DD0391E18BF012109068F
S315080167B04A462143301DFDF7F7FFFDF713FF08B9D8
S315080167C000F0CEF8FEF72AF9830105460AD4FDF74B
S315080167D0CBFA356804EA0503B8F1000F1BD1E3B912
S315080167E0FDF7D0FA25F07F450EE0A34209D0B9F1AD
S315080167F0000F07D0391E18BF0121090641F0806133
S31508016800D6E727B9FDF7EEFE2846BDE8F88325EA5F
S3150801681004043460F6E79C42E2D1002FE0D025EA71
S3150801682004043460DCE770B505460C46FDF79CFAAE
S315080168302E6826EA04042C60FDF7A4FA304670BDDA
S31508016840FFF7F1BF2DE9F04104460D4600F10C06AC
S31508016850FDF7E4FD236820692B4300252360B04238
S31508016860216807D121EA05012160FDF7BBFE2068F1
S31508016870BDE8F081D0E9002822F07F4312F0806F4D
S3150801688003EA010702D11FB94046E8E7BB42FBD13B
S31508016890D20141F0007148BF1D43FEF729F8F3E71D
S315080168A0FFF7D0BF10B5044600F08DF8246800F054
S315080168B095F8204610BD10B50446FDF7AFFD63688F
S315080168C043B9FDF78FFE237F53B92046BDE8104033
S315080168D000F097B84FF000712069FEF709F8EEE766
S315080168E010BD4FF0FF3200F10803C0E902234360EF
S315080168F0036100230360704700230361704730B5C5
S315080169000C68631C0AD103695A684A6091608B60F6
S315080169105960036808610133036030BD00F108025C
S31508016920134652681568A542FAD9EDE743689A688D
S315080169304B608A605160996003680861013303609E
S3150801694070470369D0E901128A605160596881422A
S3150801695008BF5A600022026118680138186070473A
S315080169604FF0E0234FF08052C3F8042DBFF34F8F49
S31508016970BFF36F8F704710B500F025F80446FDF791
S315080169807BFD28B14FF0E0234FF08052C3F8042D68
S315080169902046BDE8104000F021B8836913F8023C8F
S315080169A0662B0FD14FF0E023D3F8882D42F47002FD
S315080169B0C3F8882DD3F8342F42F04042C3F8342F58
S315080169C0FDF7ECB97047EFF311804FF0300181F311
S315080169D01188BFF34F8FBFF36F8F704780F311880C
S315080169E0BFF34F8FBFF36F8F704710B50446FDF79E
S315080169F015FD2046FBF739FA0446FDF7F3FD204657
S31508016A0010BD10B5044640B1FDF708FD2046FBF759
S31508016A1039FBBDE81040FDF7E5BD10BD7047012003
S31508016A20704708B5FFF7FBFF20B1FEF7FBF8003802
S31508016A3018BF012008BD70B50446FDF795F994F80D
S31508016A40455004F124066DB2002D14DCFF2384F8A9
S31508016A504530FDF797F9FDF787F994F8445004F1A5
S31508016A6010066DB2002D12DCFF2384F84430BDE810
S31508016A707040FDF787B9636A002BE7D03046FDF70A
S31508016A80D9FE08B1FDF7DCFF013D6DB2DCE72369EC
S31508016A90002BE9D03046FDF7CDFE08B1FDF7D0FF52
S31508016AA0013D6DB2DEE710B50446FDF75DF9A46B4D
S31508016AB0FDF768F9B4FA84F0400910BD70B51646B9
S31508016AC0026C0446856B42B906689EB98068FEF772
S31508016AD013F8A6600135A56370BD6EB94068FCF769
S31508016AE0ABF86368226C1344A2686360934224BFBF
S31508016AF0236863600020EDE7C068FCF79DF8226C07
S31508016B00E36851429B1A2268E36093423EBFA36839
S31508016B105B18E360022EEDD10DB1013DEAE7284687
S31508016B20D8E703461A6C084610B46AB1DC68996856
S31508016B3014448C4228BF1968DC6028BFD960D9681B
S31508016B405DF8044BFCF778B85DF8044B7047F0B56F
S31508016B50044685B01D4601920E46FDF777FFFDF7FF
S31508016B6003F9A26BE36B9A421FD22A4631462046A5
S31508016B70FFF7A4FF636A1BB104F12400FDF75AFE6F
S31508016B8008B1FFF7EDFEFDF7FDF8012005B0F0BDF0
S31508016B90FDF7EAF8A36BE26B9A42E6D80123019A5C
S31508016BA042B9FDF7EFF80020F0E7022DDDD000230A
S31508016BB01F46F4E713B902A8FEF760F8FDF7E2F8F5
S31508016BC0FDF72CFCFDF7D0F894F84430FF2B08BFED
S31508016BD084F8447094F84530FF2B08BF84F8457053
S31508016BE0FDF7D0F801A902A8FEF754F820BBFDF776
S31508016BF0BBF8A26BE36B9A4210D1FDF7C3F8019972
S31508016C0004F11000FDF7C0FD2046FFF714FFFDF75C
S31508016C10E9FC0028BCD1FFF7A3FE06E0FDF7B2F8B0
S31508016C202046FFF708FFFDF7DDFCFDF79DF8A26B8F
S31508016C30E36B9A42B2D298E72046FFF7FCFEFDF7CE
S31508016C40D1FCB0E738B100231A46194683600360C0
S31508016C50C360FFF77CBF7047F0B5044685B00E46A2
S31508016C600192FDF7F3FEFDF77FF8A56B9DB131465D
S31508016C702046FFF756FF2369013DA56333B104F1A9
S31508016C801000FDF7D7FD08B1FFF76AFEFDF77AF8A0
S31508016C90012005B0F0BD019B1BB9FDF773F8002073
S31508016CA0F7E702A8FDF7EAFF2F46FDF76BF8FDF7B0
S31508016CB0B5FBFDF759F894F84430FF2B08BF84F863
S31508016CC0447094F84530FF2B08BF84F84570FDF7EA
S31508016CD059F801A902A8FDF7DDFFF8B92046FFF723
S31508016CE0E2FEA8B1019904F12400FDF74DFD204605
S31508016CF0FFF7A1FEFDF776FC08B9FFF731FEFDF7B0
S31508016D0033F8A56B002DB2D1019B002BCDD1C4E779
S31508016D102046FFF790FEFDF765FCF0E72046FFF7F2
S31508016D208AFEFDF75FFC2046FFF7BDFE0028E6D088
S31508016D30B5E72DE9F843044616461F468946E9F79D
S31508016D406DFFFFF740FEA26BE36B80469A4201D3C3
S31508016D50022F24D194F845503A46494620466DB249
S31508016D60A36BFFF7ABFE6B1C10D1636A3BB104F151
S31508016D702400FDF75FFD10B10EB101233360012434
S31508016D804046FFF72BFE2046BDE8F883FDF754FB86
S31508016D908542F4D201356DB284F84550EFE70024F7
S31508016DA0EEE72DE9F843044689469046E9F736FFAA
S31508016DB0FFF709FEA66B0746C6B194F84450494643
S31508016DC020466DB2FFF7ADFE013E6B1CA66313D1DB
S31508016DD0236953B104F11000FDF72CFD28B1B8F170
S31508016DE0000F02D00123C8F8003001263846FFF704
S31508016DF0F5FD3046BDE8F883FDF71EFB8542F4D262
S31508016E0001356DB284F84450EFE7F0B5002585B039
S31508016E10044601912E46FDF719FE2F46FCF7A4FFFD
S31508016E20A36BA3B1013BA363236813B9FDF71CFF49
S31508016E30A060236933B104F11000FDF7FBFC08B12A
S31508016E40FFF78EFDFCF79EFF012005B0F0BD019B03
S31508016E501BB9FCF797FF0020F7E716B902A8FDF75B
S31508016E600DFFFCF78FFFFDF7D9FAFCF77DFF94F8C4
S31508016E704430FF2B08BF84F8447094F84530FF2B43
S31508016E8008BF84F84570FCF77DFF01A902A8FDF744
S31508016E9001FF10BB2046FFF706FEC0B123683BB9C8
S31508016EA0FCF762FFA068FDF7E1FD0546FCF76AFFFE
S31508016EB0019904F12400FDF767FC2046FFF7BBFDA5
S31508016EC0FDF790FB08B9FFF74BFD0126A6E720461B
S31508016ED0FFF7B1FDFDF786FBF7E72046FFF7ABFDA8
S31508016EE0FDF780FB2046FFF7DEFD0028EDD0002DDB
S31508016EF0B1D0FCF739FF616A19B1236B1968C1F181
S31508016F003801A068FDF72EFEA3E770B5866804462A
S31508016F100D46FDF78FFD864204D10120E368013352
S31508016F20E36070BD29462046FFF76FFF0028F8D0B9
S31508016F30E3680133E360F4E738B585680446FDF78D
S31508016F4079FD85420BD1E368013BE3600BB1012072
S31508016F5038BD1A4619462046FFF7F9FDF7E700201E
S31508016F60F6E710B5FDF750F890F846301BB9BDE8BD
S31508016F701040FFF746BD10BD70B504460D461646CE
S31508016F80FCF7F2FE94F84430FF2B04BF002384F883
S31508016F90443094F84530FF2B04BF002384F845306C
S31508016FA0FCF7F0FEA36B2BB93246294604F12400FF
S31508016FB0FDF71EFC2046BDE87040FFF73CBD70B5E5
S31508016FC00E46044610B3C06B00B3236CA3FB003511
S31508016FD0DDB9FCF7C9FED4E90F314B432268A56335
S31508016FE0D0185B1A62601A44FF23A06084F8443003
S31508016FF0E26084F8453056B104F11000FFF771FCE0
S3150801700004F12400FFF76DFC0AE0002070BD236936
S3150801701033B104F11000FDF70DFC08B1FFF7A0FC30
S31508017020FCF7B0FE0120F1E72DE9F0410D461746C0
S31508017030064618B900242046BDE8F081A1FB0038B0
S31508017040B8F1000FF6D1484310F1510FF2D850307C
S31508017050FFF7CBFC04460028ECD080F846805DB1EA
S3150801706000F1500301212046C4E90F652360FFF7AB
S31508017070A6FF84F84C70DEE70346F3E7024610B52F
S3150801708000210120FFF7D0FF0446FFF7DBFD20466C
S3150801709010BD37B50D461C46E8B193B1A2B1E1B1B1
S315080170A050230193019B019B0121C4E90F0584F833
S315080170B0461020462260FFF782FF9DF8183084F8B3
S315080170C04C30204603B030BD49B950230193019B8A
S315080170D02246019BE8E70446F3E70C46F1E7144626
S315080170E0EFE7002213B50B46009011460120FFF782
S315080170F0D0FF0446FFF7A6FD204602B010BD10B525
S3150801710090F85D3004463BB9006BFFF77AFC2046E0
S31508017110BDE81040FFF775BC012BF9D010BD2DE96C
S31508017120F8430D46DDE90994960032460746A5213E
S31508017130206B9846FBF775FD236B043E1E4426F02B
S3150801714007066DB16B1E04F13302093513F8011FE9
S3150801715002F8011F09B1AB42F8D1002384F83D308A
S31508017160089D201D372D28BF3725E562A564FFF741
S31508017170C3FBC5F1380504F11800FFF7BDFB43460B
S315080171803A463046216B2461A5616462FCF764FDC9
S315080171902060B9F1000F01D0C9F80040BDE8F883B5
S315080171A02DE9F043074685B090008846164699466C
S315080171B0FFF71BFC0546F0B16020FFF716FC0446F5
S315080171C0B0B160220021FBF72CFD0D9B25630193CD
S315080171D00C9B324641463846009302944B46FFF7CC
S315080171E09EFF2046FCF7C8FF012005B0BDE8F083E5
S315080171F02846FFF706FC4FF0FF30F6E72DE9F04386
S31508017200174660220E46002187B005929846DDE9A9
S315080172100F94059B0546059B0491C4B1B9F1000F6E
S3150801722015D02046FBF7FDFC022384F85D3004AB3C
S31508017230C4F8309001930E9B284600933A4643467C
S3150801724031460294FFF76BFF2046FCF795FF049839
S3150801725007B0BDE8F08370B504460D461646A16928
S315080172602B46324620462944FDF748FD00B970BD34
S31508017270A36920461D44236A9847F0E710B962B608
S31508017280BFF36F8F7047EFF3108072B6704780F3C4
S315080172901188BFF36F8F7047EFF31180302383F3A3
S315080172A01188704709B100F008B8222070470121FA
S315080172B0FDF778BF0021FDF775BF70B506460D4687
S315080172C0FFF7EAFF0446202E56D8DFE806F0111A22
S315080172D0551F222555282B552E55313455373A3DFC
S315080172E0554055435552555555465549554C4F00E8
S315080172F0FCF7AAFB002628602046FFF7C8FF3046A0
S3150801730070BD4FF4C070EAF731FCF3E74FF4207013
S31508017310F9E74FF44070F6E74FF46070F3E74FF47E
S315080173200070F0E74FF48060EDE74FF44060EAE75C
S315080173304FF4C060E7E74FF4F060E4E74FF4B0605C
S31508017340E1E74FF4D060DEE74FF41060DBE74FF476
S31508017350E060D8E74FF4A060D5E74FF42860D2E79C
S315080173604FF48070CFE74FF42060CCE74FF44860C4
S31508017370C9E74FF40860C6E700202126BBE710B924
S3150801738062B6BFF36F8F70472DE9FF410D4616466A
S315080173901F460446A8B14FF00008C0F81C80FEF746
S315080173A06BFBBDF82C30424602939DF828302946DE
S315080173B0CDE9007320463346FEF710FB04B0BDE85D
S315080173C0F0812220FAE7F0B51F46002387B00D4663
S315080173D0164604468DF81730A8B1C3610DF1170199
S315080173E0FEF77AFB9DF817207AB9BDF8343029469D
S315080173F002939DF830302046CDE900733346FEF7F7
S31508017400EDFA07B0F0BD2220FBE70320F9E738B50E
S31508017410FFF742FF0546FEF785FC04462846FFF7B7
S3150801742036FF204638BD00F021B800F030B810B557
S3150801743004460020FDF77EFE012C04D0022C05D15E
S31508017440C0F3400010BD00F00100FBE70020F9E79A
S31508017450704700210846FDF775BE00F00101830754
S3150801746048BF41F002010020FDF752BE002008B5D1
S31508017470FDF760FE10F0080008D000200821FDF78E
S3150801748053FEBDE808400020FDF780BE08BD042173
S315080174900020FDF749BE38B5FFF7FEFE0446002079
S315080174A0FDF748FE830700F0010548BF45F00205D0
S315080174B000F003010020FDF737FE2846FEF79EFB84
S315080174C02046BDE83840FFF7E2BE02210120F9F760
S315080174D059B900000000000000000000000000008B
S315080174E0F8B500BFF8BC08BC9E467047F8B500BFA2
S315080174F0F8BC08BC9E467047010000000000000069
S315080175000200000000000000010000000100000068
S31508017510010400000000000000000000020302024E
S31508017520020149444C4500546D725100546D722054
S3150801753053766300211B0101001E000003030000AE
S315080175400000000000000000000000000000070025
S31508017550080000000000000000000000000102040D
S315080175600500000000000000000000000000063EC3
S315080175702000556E6B6E6F776E206572726F7200A2
S31508017580496E707574206275666665722069732026
S3150801759046554C4C004D6178696D756D206E756D5B
S315080175A0626572206F6620617267756D656E7473A8
S315080175B02065786365656465640054686520617251
S315080175C067756D656E74206973206E6F7420666FBA
S315080175D0726D617474656420636F72726563746C2D
S315080175E07900496E636F727265637420617267759B
S315080175F06D656E74207479706500496E636F727279
S31508017600656374206E756D626572206F662061729E
S3150801761067756D656E7473004E6F20636F6D6D616E
S315080176206E6420666F756E64000000006677010857
S31508017630727501087275010872750108727501087B
S31508017640727501087275010872750108727501086B
S31508017650727501087275010872750108727501085B
S31508017660727501087275010872750108727501084B
S31508017670727501087275010872750108727501083B
S31508017680727501087275010872750108727501082B
S31508017690727501087275010872750108807501080D
S315080176A072750108957501087275010872750108E8
S315080176B0BA750108727501087275010872750108B3
S315080176C072750108E275010872750108727501087B
S315080176D07275010872750108FA7501087275010853
S315080176E01876010875696E7431360075696E7438D5
S315080176F000756E6B6E6F776E0067726F75700077C7
S31508017700696C6463617264006865786F707400738C
S315080177107472696E676F70740075696E7433326F4F
S3150801772070740075696E7431366F70740075696EA0
S3150801773074386F70740068657800737472696E675F
S315080177400075696E743332002A005B005D20002ED5
S315080177502E2E200068656C70000A25730A2573258C
S3150801776073002573200800257320000001260000F8
S3150801777004000000000000000001000000000000F5
S315080177800B0000000C000000030000000000202090
S3150801779000000000030000003C3C3C000000000023
S315080177A000000000000000000103100101090300A8
S315080177B01E0000001B000000160000001A00000051
S315080177C0570000005600000000800A501300000010
S315080177D0B077010800000A500A000000C0770108C6
S315080177E000780108FC7701080000015B150000001C
S315080177F0C477010808780108047801080100100017
S315080178000000100001000F0000000F00000000201A
S3150801781000100030050000000000000000C2010051
S315080178200002000000100000000000000000000037
S31508017830000000000500000000000000802500008F
S315080178408002000000100000000000400000000057
S315080178500000000052582044617461204176616934
S315080178606C61626C6520466C6167005265616420D3
S315080178704C6F636B005772697465204C6F636B00BC
S3150801788001041000667701080000000000000000EE
S315080178900000000000000000001000003700000092
S315080178A00000000000000000666E692B00666E6924
S315080178B0006E616E00666E692D0000000000000012
S315080178C0000000000000F03F000000000000244016
S315080178D000000000000059400000000000408F40F1
S315080178E0000000000088C34000000000006AF8405C
S315080178F00000000080842E4100000000D012634180
S315080179000000000084D797410000000065CDCD41F5
S31508017910380043000000000020790108010000003A
S3150801792000000000587E0108000000005479010893
S315080179300600000000000000005A6202587E010895
S31508017940000000002C7A0108030000000000000076
S31508017950005A6202987A0108809C2B8F80841E0047
S31508017960000000002200FF7FA4370020000000006D
S31508017970D081010800000000987A0108809C2B8FAD
S3150801798080841E00000023002300B600A4370020CF
S3150801799000000000D081010800000000987A010863
S315080179A0809C2B8F80841E000000240024009D00EB
S315080179B0A437002000000000D08101080000000063
S315080179C0987A0108809C2B8F80841E000000250070
S315080179D025007D00A437002000000000D0810108A1
S315080179E000000000987A0108809C2B8F80841E0075
S315080179F00000260026005300A437002000000000DE
S31508017A00D081010800000000987A0108809C2B8F1C
S31508017A1080841E00000027002700FF7FA43700206E
S31508017A2000000000D081010800000000787C0108F0
S31508017A30809C2B8F80841E00000000002500FF7F9C
S31508017A40A437002000000000D481010800000000CE
S31508017A50787C0108809C2B8F80841E0000002600FC
S31508017A602600B700A437002000000000D4810108D1
S31508017A7000000000787C0108809C2B8F80841E0002
S31508017A800000270027008C00A43700200000000012
S31508017A90D481010800000000FC4F01032881010878
S31508017AA010400100014100003C40010000000000B7
S31508017AB048400100A00700035040010000000000F3
S31508017AC05C4001000000000008410100FF4C000075
S31508017AD054C00700512130000F000EE62D000000AA
S31508017AE00405060708000000D1B60200600500007B
S31508017AF0404007010000505100009021100000008D
S31508017B00000000861FC08100000000200000000060
S31508017B1064400501000000407B02FE0040080000A9
S31508017B20020000009200080088400F01D5032A00D0
S31508017B30000000E0000000000002050D1A2D3F506C
S31508017B406068696357463525150D09080706050551
S31508017B5004040403030303020202020201010101F0
S31508017B6001010101010101011C41010100B0B18CB2
S31508017B7038410701BC200AF0B2555200055B98400E
S31508017B808E6E8294233C4852893B4000C003008094
S31508017B905C410101FFDD000068410701E853FA0075
S31508017BA00000004000000000000000000000000086
S31508017BB00000000000000000D04103010000AAAA4D
S31508017BC0D000000004001200E0411301000000008B
S31508017BD0FFAB000A5CF10F00D341020095EDB1003D
S31508017BE0197BD80F1208B904EA1B6D1FC9B7C20A57
S31508017BF00B203B00430600005962F300727E960093
S31508017C00A73D1900D022F13B000000A000000000AA
S31508017C1040000000000000004C4201010800030476
S31508017C206842010101000000388001012446100064
S31508017C30A080020170780300FFC00200A88001112C
S31508017C40F0010000A88001310542CB01AC80011189
S31508017C50F0010000AC800131050A0D00EC000112AB
S31508017C60E00F0000EC0001320C20511184010102E1
S31508017C7000000000FFFFFFFFFC4F01037C810108A4
S31508017C8010400100014100003C40010000000000D5
S31508017C9048400100A0070003504001000000000011
S31508017CA05C4001000000000008410100FF4C000093
S31508017CB054C00700511130000E0009E62D000000DE
S31508017CC00405060708000000D1B602006435000065
S31508017CD040400701000050510000901110000000BB
S31508017CE0000000861FC0810000000020000000007F
S31508017CF06440050100000040FB04FF004008000045
S31508017D00020000009200040088400F01B6033B0000
S31508017D10000000E0000000000002050D1C2F425380
S31508017D206269686053402E1F110A08080808070689
S31508017D30050403030202020101010101000000001A
S31508017D4000000000000000001C4101010060B18C28
S31508017D5038410701BC200AF0FA625200055B9840D7
S31508017D608E6E82941C784852893B4000C00300807D
S31508017D705C410101FFDD000068410701E853FA0093
S31508017D8000000040000000000000000000000000A4
S31508017D900000000000000000D0410301000000AA15
S31508017DA0D000000004001200E041130100000000A9
S31508017DB0FFAB000A5CF10F00D341020095EDB1005B
S31508017DC0197BD80F1208B904EA1B6D1FC9B7C20A75
S31508017DD00B203B00430600005962F300727E9600B1
S31508017DE0A73D1900D022F13B000000A000000000C9
S31508017DF038000000000000004C420101080003049D
S31508017E00684201010100000038800101D7231000F2
S31508017E10A080020170780300D0000000A88001113B
S31508017E20F0010000A88001310542CB01AC800111A7
S31508017E30F0010000AC800131053EFD00EC000112A5
S31508017E40E00F0000EC0001320C20515184010102BF
S31508017E5000100000FFFFFFFF0C4001000181010037
S31508017E60204002000000000001000000304003002D
S31508017E700000000000000000000000004040020071
S31508017E800000000000400000604001000101000000
S31508017E90A840010007000000BC40040000000000E3
S31508017EA00000000000000000000000000C41030073
S31508017EB0FF4C0000FF4D0000FF4D000020C00110DF
S31508017EC000F8070020C00130F502280124C001107E
S31508017ED0FF00000024C001300013000028C008007C
S31508017EE0EC80B30343754051A00F00F80040000031
S31508017EF0A8AA07000000000000000000000000001A
S31508017F0070C00900BA10000000042000041880009F
S31508017F100B3C2001187C10022FFCE0067F000000B4
S31508017F200000000000000000A8C00500BD4B721546
S31508017F3011A3180510325476980A000000000000B3
S31508017F40CCC00400010000000000000001000A0086
S31508017F5001002800080001010807000018000101B6
S31508017F60AAAAAA00200001010060DA005C40020109
S31508017F7000000003000000207840040129417671C1
S31508017F80000000008C000C0000000000C440040141
S31508017F9000000000000000000000000000000000D2
S31508017FA0E04001010002000010410201331E0500F4
S31508017FB0000000002041020100000000FF048307C1
S31508017FC02C410301FF06660CFF0483078813FF0390
S31508017FD05841010100000000644101010C01000043
S31508017FE084410501010100000000000000000000B5
S31508017FF00000000000000000A4410201000000008A
S3150801800000000000B04102010000000058923EC085
S31508018010BC4103010000000000003C006666060042
S315080180202C42030160180040000000000000000017
S315080180303C42010100000000444201011400000015
S3150801804080420201000000008100000098420501FB
S315080180503F000002FFFF0000FFFF0000FF030000D2
S31508018060FFFF0000B44201010000000030430A018D
S3150801807040002001A0000000085000011F1F1F1F1B
S315080180801F1F1F1B18151311100E0D0C45C1872F25
S31508018090000000000000000010800101030000003C
S315080180A03C80010101000000B080020100030002CA
S315080180B0370000019C000102000C0004D8000302ED
S315080180C0050040AA88010000C0000000F000010276
S315080180D02B0100001001011200FF0F0010010132EF
S315080180E0020000315001011200C0010050010132A5
S315080180F0C100A2007401010269811B0C78010112F9
S3150801810000001C00780101321004E0CF8001011241
S31508018110790700008001013202000000880101028E
S3150801812050000000FFFFFFFF1400000066666600AE
S31508018130000000005C8201083C8201080000000082
S31508018140000000000048E80180841E000101F800D3
S315080181502446500200000000D881010800000000F2
S3150801816000000000000000007C841E0000000000E2
S3150801817000000000000000000000000014000000DC
S3150801818024499200000000005C8201084C82010823
S3150801819000000000000000000024F40040420F0027
S315080181A00101F800D723500300000000D881010817
S315080181B00000000000000000000000002B420F0034
S315080181C000000000000000000000000000000000A0
S315080181D003080000030A000002000000005A6202B8
S315080181E00614000000B4C40407380000A008000003
S315080181F00000580901040706100A01040707C80AFE
S3150801820000040807800B00040808380C0004090854
S31508018210610800000000C20800000000C709010447
S315080182200403C409000000002C0B01040404C4095A
S3150801823000000000920C01040504000050C3000070
S3150801824076160000770100007701000050C3000090
S31508018250F22B0000EE020000EE020000193F0106B3
S31508018260041001000001010600102700000C00009F
S315080182700000000000000000247901083C7901088B
S3150801828001000000AC3700200000000000000100DA
S3150801829000000000000000000000000000000000CF
S315080182A000800000008000000080000000800000BF
S315080182B000800000008000000180000001800000AD
S315080182C0018000000180000001800000018000009B
S315080182D00180000001800000028000000280000089
S315080182E00280000002800000038000000380000075
S315080182F0048000000480000005800000068000005C
S31508018300088000000C8000000F8000000A000000B1
S315080183100C0000000D000000100000001200000013
S3150801832015000000190000001F00000027000000CA
S3150801833034000000524620536F7572636500556E0E
S315080183406B6E6F776E00456E61626C656400446999
S315080183507361626C656400424C4520314D627073ED
S3150801836000526164696F20436F6E66696775726151
S31508018370746F7200596573004E6F0057494C444338
S315080183804152442028616C6C207065726D69747461
S315080183906564290046696C746572656400202877EE
S315080183A0696C646361726429004661696C6564205D
S315080183B0746F2067657420416D6269656E74205318
S315080183C0656E73696E6720636F6E6669677572613C
S315080183D074696F6E0A004661696C656420746F2062
S315080183E067657420416D6269656E742053656E73A5
S315080183F0696E6720737461746973746963730A00BB
S31508018400416D6269656E742053656E73696E672086
S3150801841053797374656D20496E666F726D617469FF
S315080184206F6E0A003D3D3D3D3D3D3D3D3D3D3D3D7A
S315080184303D3D3D3D3D3D3D3D3D3D3D3D3D3D3D3D5D
S315080184403D3D3D3D3D3D3D3D0A0A00496E666F3A5B
S315080184500A0020204D43552049643A202020202037
S3150801846020203078253031366C6C580A002020419E
S315080184706D6269656E742053656E73696E67205601
S31508018480657273696F6E3A202025752E25752E251E
S31508018490750A002020416D6269656E742053656E08
S315080184A073696E672056657273696F6E3A20205537
S315080184B06E6B6E6F776E0A000A526164696F2043AC
S315080184C06F6E66696775726174696F6E3A202855B1
S315080184D03D7573657220636F6E6669672C20433D2F
S315080184E063616C63756C61746564290A0020202DCB
S315080184F02D2D2D2D2D2D2D2D2D2D2D2D2D2D2D2D9D
S315080185002D2D2D2D2D2D2D2D2D2D2D2D2D2D2D2D8C
S315080185102D2D2D2D2D2D2D0A0020205B555D205248
S315080185206F6C653A20202020202020202020202042
S31508018530202020202020202025730A0020205B559A
S315080185405D204D756C74692D446576696365204DAA
S315080185506F64653A2020202020202025730A0020F8
S31508018560205B555D204D6561737572656D656E7429
S3150801857020506572696F643A202020202020256CDE
S3150801858075206D6963726F7365636F6E64730A0034
S3150801859020205B555D20536C69702054696D653ADE
S315080185A020202020202020202020202020202025B7
S315080185B06C75206D6963726F7365636F6E64730A98
S315080185C00020205B555D20545820444D50205072A0
S315080185D0696F726974793A20202020202020202092
S315080185E025752028303D686967686573742C2032C3
S315080185F035353D6C6F77657374290A0020205B5504
S315080186005D20525820444D50205072696F7269742A
S31508018610793A202020202020202020257520283066
S315080186203D686967686573742C203235353D6C6F12
S3150801863077657374290A000A20204368616E6E659E
S315080186406C20436F6E66696775726174696F6E3AFD
S315080186500A00202020205B555D2050726F746F63DD
S315080186606F6C20696E6465783A20202020202020CE
S315080186702020202025750A00202020205B555D201A
S315080186805374617274206368616E6E656C3A20205A
S315080186902020202020202020202025750A002020A7
S315080186A020205B555D20456E64206368616E6E65AA
S315080186B06C3A202020202020202020202020202045
S315080186C025750A00202020205B435D204E756D62CA
S315080186D06572206F66206368616E6E656C733A20F9
S315080186E02020202020202575206368616E6E656C28
S315080186F0730A000A202050485920436F6E6669673D
S3150801870075726174696F6E3A0A00202020205B43F6
S315080187105D205048592042697420526174653A2097
S31508018720202020202020202020202020256C752094
S315080187306270730A00202020205B435D2046756C19
S315080187406C207061636B65742074696D653A2020CD
S3150801875020202020202020256C75206D6963726FEA
S315080187607365636F6E64730A00202020205B555D74
S315080187702053796E6320576F72643A202020202097
S315080187802020202020202020202020307825303845
S315080187906C580A00202020205B555D204F766572B3
S315080187A073616D706C696E6720726174653A202019
S315080187B020202020202025750A00202020205B5516
S315080187C05D204275696C742D696E205048593A20AE
S315080187D020202020202020202020202025730A0068
S315080187E0202020205B435D20416C6C6F63617465BA
S315080187F064206D656D6F72793A2020202020202033
S315080188002020256C752062797465730A000A202078
S315080188105472616E736D697373696F6E20436F6EFF
S3150801882066696775726174696F6E3A0A002020205D
S31508018830205B555D20504120506F7765723A2020A4
S315080188402020202020202020202020202020202514
S3150801885064206464426D0A000A202056616C6964CA
S315080188606174696F6E20436F6E66696775726174AC
S31508018870696F6E3A0A00202020205B555D205661FB
S315080188806C69646174696F6E20456E61626C6564BA
S315080188903A20202020202020202025730A0020208D
S315080188A020205B555D2056616C69646174696F6E41
S315080188B020427974657320285458293A20202020AB
S315080188C0202030782530325820307825303258200B
S315080188D0307825303258203078253032580A002031
S315080188E02020205B555D2056616C69646174696F4F
S315080188F06E205461626C652053697A653A2020209E
S31508018900202020257520656E74726965730A000A30
S31508018910202052756E74696D65205374617469738C
S31508018920746963733A0A00202020205B555D20563E
S31508018930616C69646174696F6E205461626C65204B
S31508018940285258293A20202020202025730A002061
S31508018950202020202020205B25755D3A20307825AF
S3150801896030386C5825730A00202020205B435D208F
S315080189704D6561737572656D656E742072756E6E7F
S31508018980696E673A20202020202025730A002020BE
S3150801899020205B435D2054582073756363657373A8
S315080189A020636F756E743A20202020202020202015
S315080189B0256C750A00202020205B435D2054582031
S315080189C06572726F7220636F756E74733A0A00204E
S315080189D020202020202020202041626F72746564A7
S315080189E03A2020202020202020202020202020205E
S315080189F020256C750A0020202020202020202020F8
S31508018A00426C6F636B65643A202020202020202069
S31508018A102020202020202020256C750A00202020D7
S31508018A2020202020202020556E646572666C6F77A1
S31508018A303A20202020202020202020202020202508
S31508018A406C750A0020202020202020202020436841
S31508018A50616E6E656C20427573793A20202020205C
S31508018A60202020202020256C750A00202020202087
S31508018A7020202020204D69737365643A2020202028
S31508018A8020202020202020202020202020256C7531
S31508018A900A002020202020202020202053636865FA
S31508018AA064756C6572204572726F723A20202020B7
S31508018AB020202020256C750A002020202020202037
S31508018AC02020204F746865723A202020202020201B
S31508018AD02020202020202020202020256C750A0017
S31508018AE0202020205B435D205258207375636365FF
S31508018AF0737320636F756E743A202020202020201E
S31508018B002020256C750A00202020205B435D205219
S31508018B1058206572726F7220636F756E74733A0AA4
S31508018B2000202020202020202020204F76657266F4
S31508018B306C6F773A2020202020202020202020201A
S31508018B40202020256C750A002020202020202020A6
S31508018B5020204672616D65204572726F723A202037
S31508018B6020202020202020202020256C750A002086
S31508018B7020202020202020202054696D656F7574DF
S31508018B803A202020202020202020202020202020BC
S31508018B9020256C750A00202020205B435D20525851
S31508018BA0205045523A202020202020202020202015
S31508018BB02020202020202020252E326625250A0067
S31508018BC05374617274696E672073696E676C652088
S31508018BD05458206F7065726174696F6E0A00466138
S31508018BE0696C656420746F2073746172742073698B
S31508018BF06E676C652054580A004661696C65642085
S31508018C00746F2073657420504120706F7765720AFE
S31508018C100053657474696E6720504120706F7765DB
S31508018C207220746F202564206464426D2028726561
S31508018C3061646261636B206661696C6564290A0017
S31508018C4053657474696E6720504120706F77657239
S31508018C5020746F202564206464426D0A00496E768B
S31508018C60616C696420726F6C652025752E205468C5
S31508018C706973206275696C6420737570706F72749C
S31508018C8073206F6E6C7920726F6C652030202852C4
S31508018C904620536F75726365290A004661696C65DA
S31508018CA06420746F2073657420726F6C650A0053B3
S31508018CB0657474696E6720726F6C6520746F202500
S31508018CC0732028726561646261636B206661696CF1
S31508018CD06564290A0053657474696E6720726F6C3E
S31508018CE06520746F2025730A005374617274696E66
S31508018CF067206D6561737572656D656E74206F7039
S31508018D0065726174696F6E0A0053746F7070696E6B
S31508018D1067206D6561737572656D656E74206F7018
S31508018D2065726174696F6E0A004661696C656420D3
S31508018D30746F207365742073796E6320776F72641C
S31508018D400A0053657474696E672073796E632077B8
S31508018D506F726420746F2030782530386C5820285B
S31508018D60726561646261636B206661696C65642919
S31508018D700A0053657474696E672073796E63207788
S31508018D806F726420746F2030782530386C580A0069
S31508018D904661696C656420746F2073657420636825
S31508018DA0616E6E656C2072616E67650A0053657443
S31508018DB074696E67206368616E6E656C2072616E98
S31508018DC0676520746F2025752D25752028726561C4
S31508018DD0646261636B206661696C6564290A005384
S31508018DE0657474696E67206368616E6E656C20725E
S31508018DF0616E676520746F2025752D25752028639A
S31508018E006C616D7065642066726F6D20726571752F
S31508018E1065737465642025752D2575290A005365C2
S31508018E207474696E67206368616E6E656C20726121
S31508018E306E676520746F2025752D25750A004661B4
S31508018E40696C656420746F207365742073656E643C
S31508018E50206672657175656E63790A005365747467
S31508018E60696E672073656E64206672657175656ED5
S31508018E70637920746F20256C75206D6963726F7331
S31508018E8065636F6E64732028726561646261636BE2
S31508018E90206661696C6564290A0053657474696E94
S31508018EA0672073656E64206672657175656E637990
S31508018EB020746F20256C75206D6963726F73656305
S31508018EC06F6E64730A004661696C656420746F206D
S31508018ED073657420736C69702074696D650A005333
S31508018EE0657474696E6720736C69702074696D6541
S31508018EF020746F20256C75206D6963726F736563C5
S31508018F006F6E64732028726561646261636B2066A3
S31508018F1061696C6564290A0053657474696E672012
S31508018F20736C69702074696D6520746F20256C7582
S31508018F30206D6963726F7365636F6E64730A0046A9
S31508018F4061696C656420746F207365742070726F33
S31508018F50746F636F6C20696E6465780A0053657473
S31508018F6074696E672070726F746F636F6C20696EB7
S31508018F7064657820746F202575202872656164629E
S31508018F8061636B206661696C6564290A00536574BF
S31508018F9074696E672070726F746F636F6C20696E87
S31508018FA064657820746F2025750A006469736162A7
S31508018FB06C6564004661696C656420746F2073652D
S31508018FC0742076616C69646174696F6E20656E617F
S31508018FD0626C65640A0053657474696E672076610C
S31508018FE06C69646174696F6E20746F20257320281B
S31508018FF0726561646261636B206661696C65642987
S315080190000A0053657474696E672076616C696461D8
S3150801901074696F6E20746F2025730A004661696C46
S31508019020656420746F207365742076616C69646168
S3150801903074696F6E2062797465730A005365747476
S31508019040696E672076616C69646174696F6E206206
S315080190507974657320746F20307825303258203042
S315080190607825303258203078253032582030782506
S315080190703032582028726561646261636B206661CB
S31508019080696C6564290A0053657474696E6720768C
S31508019090616C69646174696F6E20627974657320A5
S315080190A0746F203078253032582030782530325880
S315080190B020307825303258203078253032580A0049
S315080190C0496E76616C696420696E646578202575D8
S315080190D02E204D75737420626520302D25752E0A54
S315080190E00056616C69646174696F6E207461626CA3
S315080190F065206E6F7420616C6C6F63617465640AB8
S31508019100004661696C656420746F20736574207606
S31508019110616C69646174696F6E207461626C650A59
S315080191200053657474696E672076616C696461744D
S31508019130696F6E207461626C655B25755D20746F5D
S315080191402030782530386C58202872656164626150
S31508019150636B206661696C6564290A0053657474DA
S31508019160696E672076616C69646174696F6E2074D3
S3150801917061626C655B25755D20746F2030782530DA
S31508019180386C58202857494C4443415244202D20D5
S31508019190616C6C207065726D6974746564290A0066
S315080191A053657474696E672076616C696461746964
S315080191B06F6E207461626C655B25755D20746F2026
S315080191C030782530386C580A00496E76616C6964C6
S315080191D02073697A652E204D757374206265206146
S315080191E074206C6561737420312E0A004661696CBE
S315080191F0656420746F207365742076616C69646197
S3150801920074696F6E207461626C652073697A650A88
S315080192100053657474696E672076616C696461745C
S31508019220696F6E207461626C652073697A65207452
S315080192306F20257520656E747269657320287265BD
S3150801924061646261636B206661696C6564290A0001
S3150801925053657474696E672076616C6964617469B3
S315080192606F6E207461626C652073697A6520746F0C
S3150801927020257520656E74726965730A00466169F1
S315080192806C656420746F20736574206D756C7469E0
S315080192902D646576696365206D6F64650A0053659B
S315080192A07474696E67206D756C74692D6465766969
S315080192B06365206D6F646520746F2025732028729D
S315080192C06561646261636B206661696C6564290A1C
S315080192D00053657474696E67206D756C74692D64C5
S315080192E06576696365206D6F646520746F202573E3
S315080192F00A00496E76616C69642050485920736585
S315080193006C656374696F6E2028302D31290A004611
S3150801931061696C656420746F207365742062756970
S315080193206C742D696E205048590A00536574746926
S315080193306E67205048592028726561646261636BC3
S31508019340206661696C6564290A0053657474696EDF
S31508019350672050485920746F2025730A0061735F8E
S315080193606C697374656E6572000000005D9301088F
S3150801937000000000000000000000000000000000DE
S3150801938000080000180000000000000000000000AE
S31508019390456E64206D6561737572656D656E743AA7
S315080193A0203078256C780A005374617274206D65D3
S315080193B061737572656D656E743A203078256C78BF
S315080193C00A005345540047455400554E4B4E4F57D6
S315080193D04E00436F6E66696775726174696F6E20B8
S315080193E0272573273A203078256C780A00456E645C
S315080193F02054582073776565703A20535543434581
S3150801940053530A00456E6420545820737765657076
S315080194103A20424C4F434B4544202873746F707071
S3150801942065642062792075736572290A00456E6440
S315080194302054582073776565703A204641494C4552
S315080194404420287374617475733D3078256C782CC3
S31508019450206576656E74733D30782530386C6C7886
S31508019460290A00416D6269656E742053656E7369D8
S315080194706E6720524620536F75726365206170705E
S315080194806C69636174696F6E207374617274656463
S315080194900A004661696C656420746F2072656769A4
S315080194A073746572206576656E742063616C6C628F
S315080194B061636B733A203078253034580A00416D60
S315080194C06269656E742053656E73696E67205246CC
S315080194D020536F75726365206170706C696361747E
S315080194E0696F6E20696E697469616C697A65640A67
S315080194F0000000000000000009660008DD6500089C
S31508019500D1650008C56500084495010800000000FA
S31508019510209501080100000000000000005A6202BF
S3150801952000000000809C2B8F40420F0000000000C5
S315080195304E00FF7FC037002000000000F4990108A3
S31508019540000000000C40020000000000004000007E
S31508019550204002000F000000000000003040070014
S3150801956000000000000000000000000000000000EC
S315080195700000000000400000000700035040010001
S31508019580000000005C40020000000000000000002E
S31508019590A840010007000000BC40040000000000CC
S315080195A0000000000000000000000000084104005F
S315080195B0FF4C000000000000FF4D00000000000005
S315080195C020C0011000F8070020C00130FE01280163
S315080195D024C00110FF00000024C001300013000060
S315080195E028C00800EC80B30343754051A00F00F86A
S315080195F000400000A8AA07000000000000000000C3
S315080196000000000054C0100051213000120011E67C
S31508019610360000000A0E0F101100000088C602006D
S3150801962020050000BA10000000042000041880007C
S315080196300B3C2001187C10022FFCE0067F0000007D
S315080196400000000000000000A8C00500BD4B72150F
S3150801965011A3180510325476980A0000000000007C
S31508019660CCC00400010000000000000001000A004F
S315080196700100280008000101440700001800010143
S31508019680000000002000010101A000004040250162
S3150801969000004070000000001000000000000004F7
S315080196A00FC0820000000020000000000000000337
S315080196B00000002000000000FB04FF00400C000031
S315080196C008000000120014006FB10000000000003D
S315080196D07C0E000000000000DF032A00000004627F
S315080196E000000000040A142232414A4F000000001B
S315080196F0000000000000000000000000000000005B
S31508019700000000000000000000000000000000004A
S31508019710000000000000000000000000000000003A
S3150801972000000000E04001010002000010410201B2
S31508019730331E0500000000001C41030100102C8C9B
S3150801974000000000FF0483072C410A01FF06660C8E
S31508019750FF0483078813FF03BC200AF0F66751004C
S315080197600365A540008DF655A531A842893B400001
S31508019770C00300805841020100000000FFFD0000FF
S3150801978064410D010C010000E853FA000000004095
S3150801979000000000000000000000000000000000BA
S315080197A000000000010100000000000000000000A8
S315080197B00000000000000000A441020100000000B2
S315080197C000000000B041020100000000E09537C02A
S315080197D0BC4103010000000000003C00666606006B
S315080197E0D041030155555555E6016E800600AA007C
S315080197F0E04116010000000011E0DF354EA62E00FB
S315080198003E071200F5931200B93AD00D69BE3C0421
S3150801981062254B2E11E0DF354EA62E003E071200BB
S31508019820F5931200B93AD00D69BE3C0462254B2E58
S315080198300000008000000000400000000000000059
S315080198406018004000000000000000003C420101D1
S315080198500000000044420101140000004C420101CD
S315080198600800050468420101000000008042020167
S315080198700000000081000000984205013F00000237
S31508019880FFFF0000FFFF0000FF030000FFFF0000CD
S31508019890B44201010000000030430A0140002001E2
S315080198A0A0000000085000011F1F1F1F1F1F1F1BBC
S315080198B018151311100E0D0C45C1872F0000000055
S315080198C00000000010800101030000003880020139
S315080198D05138100001000000A080020170780300D1
S315080198E0D5C00000A8800111F0010000A88001314F
S315080198F00542CB01AC800111F0010000AC800131B9
S3150801990005228D00B0800201000300023700000124
S315080199109C000102000C0004D8000302050040AABD
S3150801992088010000C0000000EC000112E00F0000F1
S31508019930EC0001320C205111F00001022B0100004C
S315080199401001011200FF0F0010010132020000315F
S315080199505001011200C0010050010132C100A200EC
S315080199607401010269811B0C7801011200001C00B7
S31508019970780101321004E0CF800101127907000055
S315080199808001013202000000840102020000000089
S3150801999050000000FC4F0103A0990108FFFFFFFFDB
S315080199A01400000044444400000000006C9A0108B9
S315080199B05C9A010800000000000000000051250221
S315080199C040420F000101F800513810020000000062
S315080199D0F8990108000000000000000000000000DE
S315080199E02F420F00000000000000000000000000E8
S315080199F0080000000000000002000000005A620290
S31508019A000614000000B4C40407380000A0080000CA
S31508019A100000580901040706100A01040707C80AC5
S31508019A2000040807800B00040808380C000409081C
S31508019A30610800000000C20800000000C70901040F
S31508019A400403C409000000002C0B01040404C40922
S31508019A5000000000920C010405040000970D0000A7
S31508019A60970D0000E803000000000000193F0106F9
S31508019A70041001000001010600102700000C000077
S31508019A80000000000000617300416D6269656E7433
S31508019A902053656E73696E6720636F6D6D616E64C1
S31508019AA07300696E666F0073696E676C655F7478BB
S31508019AB00073747800737461727400736D00737443
S31508019AC06F70007374006368616E6E656C0063681D
S31508019AD00073796E635F776F7264007377006672DD
S31508019AE0657175656E6379006672657100736C6977
S31508019AF0705F74696D6500736C69700070726F745C
S31508019B006F636F6C0070726F746F007061007661BD
S31508019B106C69646174696F6E0076616C0076616C5C
S31508019B205F62797465730076620076616C5F746151
S31508019B30626C650076740076616C5F7461626C654F
S31508019B405F73697A6500767473006D756C74695F05
S31508019B50646576696365006D64007068790070688C
S31508019B60005365742050485920736F7572636520D8
S31508019B702830202D20726164696F20636F6E6669D3
S31508019B8067757261746F722C2031202D20424C4505
S31508019B9020314D62707329005048592073656C65F0
S31508019BA06374696F6E202830202D20726164696F95
S31508019BB020636F6E666967757261746F722C2031E6
S31508019BC0202D20424C4520314D627073291F0053C8
S31508019BD06574206D756C74692D6465766963652095
S31508019BE06D6F6465004D756C74692D64657669637E
S31508019BF065206D6F6465202830202D2064697361A6
S31508019C00626C65642C2031202D20656E61626C655D
S31508019C1064291F00536574207468652076616C6930
S31508019C20646174696F6E207461626C652073697A08
S31508019C306520286E756D626572206F6620656E7483
S31508019C407269657329004E756D626572206F6620AB
S31508019C50656E747269657320696E2074686520760D
S31508019C60616C69646174696F6E207461626C651FE9
S31508019C7000536574207468652076616C6964617443
S31508019C80696F6E207461626C6520656E74727920E5
S31508019C9028525829005461626C6520696E6465789A
S31508019CA02028302D73697A652D312C2073697A65E0
S31508019CB020697320636F6E666967757261626C6588
S31508019CC0291F56616C69646174696F6E2076616CCF
S31508019CD075652028307846464646464646462066F5
S31508019CE06F722077696C6463617264291F0053651A
S31508019CF074207468652076616C69646174696F6E35
S31508019D0020627974657320285458290056616C6954
S31508019D10646174696F6E206279746520301F5661BB
S31508019D206C69646174696F6E206279746520311F8C
S31508019D3056616C69646174696F6E20627974652015
S31508019D40321F56616C69646174696F6E2062797439
S31508019D506520331F005365742076616C69646174EC
S31508019D60696F6E20656E61626C65640056616C6927
S31508019D70646174696F6E20656E61626C6564202822
S31508019D8030202D2064697361626C65642C20312052
S31508019D902D20656E61626C6564291F005365742008
S31508019DA074686520706F77657220616D706C69667D
S31508019DB06965722073657474696E6720696E2064BB
S31508019DC06563692D64426D00506F77657220616D18
S31508019DD0706C69666965722073657474696E67204B
S31508019DE0696E20646563692D64426D1F005365744D
S31508019DF0207468652064657669636520726F6C6591
S31508019E000044657669636520726F6C652028302089
S31508019E102D20524620736F75726365291F0053659D
S31508019E2074207468652070726F746F636F6C206933
S31508019E306E6465780050726F746F636F6C20696E1B
S31508019E406465781F005365742074686520736C69AE
S31508019E50702074696D6520696E206D6963726F7310
S31508019E6065636F6E647320666F7220444D5020736C
S31508019E7063686564756C657220616E64205258204A
S31508019E8077696E646F77206D617267696E00536CCE
S31508019E9069702074696D6520696E206D6963726FDA
S31508019EA07365636F6E64731F005365742074686508
S31508019EB02073656E64206672657175656E637920B7
S31508019EC0696E206D6963726F7365636F6E64732063
S31508019ED0286D6561737572656D656E74207065723E
S31508019EE0696F642074696D65290053656E6420661F
S31508019EF072657175656E637920696E206D69637225
S31508019F006F7365636F6E64731F005365742074689D
S31508019F10652073796E6320776F72640054686520D3
S31508019F2073796E6320776F7264202834206279749E
S31508019F3065732C20652E672E2C2030783030303012
S31508019F4042313646291F00536574207468652063BB
S31508019F5068616E6E656C2072616E67652028737420
S31508019F6061727420616E642073746F702063686116
S31508019F706E6E656C7329005374617274206368612F
S31508019F806E6E656C1F53746F70206368616E6E65C3
S31508019F906C1F0053746F7020746865206D6561735A
S31508019FA07572656D656E7400537461727420746898
S31508019FB065206D6561737572656D656E74005374A0
S31508019FC06172742073696E676C65205458206F70CE
S31508019FD065726174696F6E005072696E7420746877
S31508019FE06520416D6269656E742053656E73696E8D
S31508019FF06720696E666F726D6174696F6E00000025
S3150801A000869A010824A00108000000000C9B01089B
S3150801A01024A0010801000000000000000000000063
S3150801A0200000000034A00108899A01086677010832
S3150801A030FE000000A29A0108DCA201080000000047
S3150801A040AF780108DCA2010801000000A79A0108FF
S3150801A050CCA2010800000000B19A0108CCA20108AF
S3150801A06001000000B59A0108BCA201080000000021
S3150801A070BB9A0108BCA2010801000000BE9A0108AA
S3150801A080ACA2010800000000C39A0108ACA20108AD
S3150801A09001000000C69A01089CA201080000000000
S3150801A0A0CE9A01089CA2010801000000D19A010874
S3150801A0B08CA2010800000000DB9A01088CA20108A5
S3150801A0C001000000DE9A01087CA2010800000000D8
S3150801A0D0E89A01087CA2010801000000ED9A01082E
S3150801A0E06CA2010800000000F79A01086CA2010899
S3150801A0F001000000FC9A01085CA2010800000000AA
S3150801A100059B01085CA2010801000000FC9D0108ED
S3150801A1104CA2010800000000679301084CA201083F
S3150801A120010000000B9B01083CA201080000000089
S3150801A130FA9A01083CA20108010000000E9B0108D9
S3150801A1402CA2010800000000199B01082CA2010895
S3150801A150010000001D9B010818A20108000000006B
S3150801A160279B010818A20108010000002A9B010883
S3150801A17008A2010800000000349B010808A2010892
S3150801A18001000000379B0108F8A101080000000042
S3150801A190469B0108F8A10108010000004A9B010835
S3150801A1A0E8A1010800000000579B0108E8A1010881
S3150801A1B0010000005A9B0108D8A10108000000000F
S3150801A1C05E9B0108D8A101080100000000000000FB
S3150801A1D000000000000000000D640008619B0108F2
S3150801A1E0989B010800FF000089630008CF9B0108BE
S3150801A1F0E59B010800FF00001D630008149C010887
S3150801A200469C010800FF000071620008719C010864
S3150801A210959C01080002FF00E5610008EE9C010813
S3150801A2200C9D010800000000FF00000065610008A0
S3150801A230559D01086C9D010800FF0000655E000838
S3150801A2409C9D0108C89D010804FF0000C55E000821
S3150801A250ED9D0108019E010800FF00000961000843
S3150801A2601E9E0108359E010800FF0000AD6000082A
S3150801A270459E01088E9E010802FF000051600008F4
S3150801A280A99E0108EA9E010802FF0000695F00080D
S3150801A2900A9F01081C9F010802FF0000C55F00080C
S3150801A2A0479F0108779F01080101FF00555F0008D4
S3150801A2B0939F010866770108FF000000415F0008C7
S3150801A2C0A89F010866770108FF000000415E0008A3
S3150801A2D0BE9F010866770108FF000000A15A000821
S3150801A2E0D89F010866770108FF434C4920696E73B8
S3150801A2F074616E6365206578616D706C650076635F
S3150801A3006F6D0000E87701080000000000C2010037
S3150801A31000020300C47701080000050006000800D2
S3150801A32007000000002020202020202020202828A7
S3150801A33028282820202020202020202020202020F6
S3150801A3402020202020881010101010101010101036
S3150801A3501010101010040404040404040404041066
S3150801A36010101010101041414141414101010101F4
S3150801A37001010101010101010101010101010101BE
S3150801A38010101010101042424242424202020202CA
S3150801A390020202020202020202020202020202028E
S3150801A3A0101010102000000000000000000000003E
S3150801A3B0000000000000000000000000000000008E
S3150801A3C0000000000000000000000000000000007E
S3150801A3D0000000000000000000000000000000006E
S3150801A3E0000000000000000000000000000000005E
S3150801A3F0000000000000000000000000000000004E
S3150801A400000000000000000000000000000000003D
S3150801A410000000000000000000000000000000002D
S3150801A4200000000000000000415352657151756536
S3150801A4307565000041535265737051756575650000
S3150801A44041535461736B0000000001B500008000A0
S3150801A45000000000010000000200000004000000E6
S3150801A46008000000100000000000000000000000C5
S3150801A47001010000010100009D920008E592000813
S3150801A48091920008F1920008D99200081F3101083B
S3150801A4905D3101087F310108A1310108C331010885
S3150801A4A0D5A3000885A3000891A3000881A4000884
S3150801A4B023330108532E0108572E01085B2E010884
S3150801A4C05F2E0108632E010800000000C00100008C
S3150801A4D0001D0020FFFFFFFFFFFFFFFFFFFFFFFF3C
S3150801A4E0FFFFFFFFFFFFFFFFFFFFFFFFFFFFFFFF6D
S3150801A4F0FFFFFFFFD99D0008BD9D000821E1000867
S3150801A500A5E30008D9E2000820C001B80B00000045
S3150801A510000000000000000000000000000000002C
S3150801A5200500000000000000000002000000100005
S3150801A530000000000000000000000000000000000C
S3150801A54009000000000000000000000000000000F3
S3150801A55000000000030000000000000000000000E9
S3150801A56000001000120000000100000000000000B9
S3150801A57000000000060000000000000000000000C6
S3150801A58000000000000000000000000000000000BC
S3150801A5900000000000001000020000000100000099
S3150801A5A00000000000000000000000010000010199
S3150801A5B00001010102030303030404040405050061
S3150801A5C00000000101010102020202030303030361
S3150801A5D00404040404000000010101010707080836
S3150801A5E0030303050404040505050606060707070C
S3150801A5F00803020204040403040505060606060701
S3150801A60007070202020303030304040404050505FC
S3150801A61005050606060601020202020303030303F1
S3150801A6200404040404050505050606060C0C0C0CB1
S3150801A6300B0B0B0B0B0B0B0B0B0B0B0B0B0B0B0B5B
S3150801A6400B0B0C0C0C0C0C0C0C0C0C0C0B0B0B0B41
S3150801A6500B0B0B0B03040404040505050506060686
S3150801A66006060702020202030303030404040404A0
S3150801A6700505050505060606020202020707030483
S3150801A6800607040403030303040506030305060773
S3150801A6900804050604030404030304050606030463
S3150801A6A005060708C7BFBEBEBEB5B5B4B4ABABDCBD
S3150801A6B0DCDBDBD2D2D1D1C8C8C8C7BFBEBEBEBDDE
S3150801A6C0B5B5B4B4B4DCDBDBD2D2D2D11B1B1616BA
S3150801A6D02E2D2D2A29292925242420201F1B1B1B21
S3150801A6E0162E2D2D2A2A29292524242020201F1B10
S3150801A6F01B1B2D2DBEB5B5B4B4ABABABAAA2A1A19C
S3150801A700A1A099999898C7BFBEBEBDB5B5B4B4B452
S3150801A710ABABABAAAAA2A1A1A19999990000000085
S3150801A72003030303030202020202020203030202F3
S3150801A73002020101010101010000000003030303F4
S3150801A74003020202D0C7C6C6C6BDBDBCBCB3B3B2FE
S3150801A750B2B2A9DBDBDADAD1D1D0D0C7C7C6C6C651
S3150801A760BDBDBCBCBCB3B3B2DBDBDADA1F1F2D2B14
S3150801A770221E2E2E323232312D2624303028231F26
S3150801A7801B2B26222E322E2E31312D282424302C15
S3150801A79027231E1AFFFFFFFFFFFFFFFFFFFFFFFF34
S3150801A7A0FFFFFFFFC8C8C8C8C8C8C8C8C8C8C8C83E
S3150801A7B0030404080808080800B801B802B800B07C
S3150801A7C0030404080805040008007C0031003B0066
S3150801A7D01B000000200000000D0801081000000001
S3150801A7E0850701085C39000080030000E03C000091
S3150801A7F004000000343E0000040000006434000038
S3150801A800F8040000DC3C000004000000303E0000B3
S3150801A810030000000000000064340000E43C00006E
S3150801A82001000000383E000037000000E13B00004F
S3150801A83065340000010000000006800F7047FB2107
S3150801A840890109684143880B7047934800680104E8
S3150801A850C80F704730B5002083490A6800238F4C1A
S3150801A860521C6568AA4200D322681578AD06AD0E5A
S3150801A8709D40054328009B1D1E2BF1D30A6030BD60
S3150801A88085480168090408D585490A68764B1A601E
S3150801A8904A68C2618868B24908607047F3B583B0EF
S3150801A8A01700C006000E00901038912833D2FFF722
S3150801A8B0CCFF00282FD000267A4C01250398FFF7F4
S3150801A8C0BBFF002802D0022803D003E020682840F5
S3150801A8D000D001260197744F04980C21615E401837
S3150801A8E00E21615E4018FFF7AAFF019940183860EA
S3150801A8F0049800994018FFF7A2FF0199401878605B
S3150801A900C020800169490860300369490860FCF77D
S3150801A91003FF9448057005B0F0BDFEB5654B664D5D
S3150801A920C02080040290F0200005019018690228D1
S3150801A93005D228680199014002988142F0D08A48D7
S3150801A9400068C01C8949014389480160894A8A4CC3
S3150801A9500421A068084204D0187D8006C10F490069
S3150801A96023E00226304022D01869042805D22F6830
S3150801A97001983840029FB842F6D0187D0007000FAB
S3150801A980072814D1587D022811DD987D8006800E8E
S3150801A99002280CDBD87D009007460F4207D0C00776
S3150801A9A000D50A21374200D0891D00290BD17348E9
S3150801A9B06F4908600020186080218902704B196070
S3150801A9C010602061F7BD481C1E69864205D22F68B2
S3150801A9D0019E3E40029FBE42F6D06A48405C009006
S3150801A9E020610098C000F821014002D08020C004EF
S3150801A9F0186065480668012E00D14900596021682A
S3150801AA0000291DD15A490B682026A65F36039B05E6
S3150801AA109B0D33430B600126166002219160009954
S3150801AA20890909D10068002801D1182000E01A20F7
S3150801AA30225E0098FFF732FF207A000700D42660CD
S3150801AA40F7BD4B484D49016000211A4A1160802221
S3150801AA5092024B4B1A60474A11604C4A02614261A5
S3150801AA604048017070470000343E000006204849FE
S3150801AA700860002047490860F0210901464A11602B
S3150801AA8080214900454A11600749404A0A604A60DF
S3150801AA903449087070470000C04101A8983E00007B
S3150801AAA0A03E0000BC3E0000C84101A8C06101A843
S3150801AAB0C05101A8C44000A80C0002A830B581B055
S3150801AAC00400A00314D530480068002801D11620D7
S3150801AAD000E00C20FEF7B8FA3148806E0007C10F76
S3150801AAE030480170082030490860C00324490860CD
S3150801AAF02E4D2868000406D5FFF7ACFEE861FFF77E
S3150801AB00A9FE17490860A00727D58020C0021C495D
S3150801AB100860FCF724FE00281FD0254A1068C0B239
S3150801AB20002802D00621234B1960810915D01C493A
S3150801AB300B68012BFBD949680905090D091DC900CF
S3150801AB40114B1B68012B00D14908002B01D1182391
S3150801AB5000E01A23D25EFFF7A1FE01B030BD000066
S3150801AB605C4201A86E3E0000204000A800F0FF3FAD
S3150801AB70B84101A8044003A8B43E0000FFF3FF3F13
S3150801AB80106001A8D84000A8843F0000FFFF030019
S3150801AB90006401A8504000A80C6000A80C5000A849
S3150801ABA01C4000A8E43C0000846000A8C04101A83C
S3150801ABB0B83E0000005401A870B50822804B1A60FF
S3150801ABC0804B1B68DC0302D50020088070BD0C8809
S3150801ABD00019401E00787C4DA870641C0C8045073E
S3150801ABE06D0F052D05D8794E3668F60603D5022D63
S3150801ABF00DD0032070BD9604AE401E4001D1082039
S3150801AC0070BD052D03D1104201D1641E0C80AA48DE
S3150801AC104860002070BDF3B582B008886C49097890
S3150801AC20491CC9B2814204D202990918491E0978F8
S3150801AC3000E00021644A517093785B075B0F01932A
S3150801AC403023019C052C28D1194232D19478E50884
S3150801AC501E242C40CD0702D5250001242C430125AD
S3150801AC60A14EE6402E4072D0019FA04EE6414024F7
S3150801AC7026403E434C0602D53400202626439478C6
S3150801AC8089080D40A7080C2139402943C0252540CC
S3150801AC900D4320212943967051704A490C6855780D
S3150801ACA0022123262E4008D0660302D52B40202BED
S3150801ACB001D0052082E0424B196093789B0601D4A6
S3150801ACC0202203E09278120702D540223C4B1A60F3
S3150801ACD03D4A92786B461A70C022854B1E680E4013
S3150801ACE001D1154212D06E46377827263E40232ECB
S3150801ACF003D1E60207D4012606E0252E03D0212E2C
S3150801AD0004D1260302D504262D4F3E601B6819403F
S3150801AD102026019F002F1CD11E4027D02A4B5B7885
S3150801AD201A40402A13D00C221A40042A0FD02A07A7
S3150801AD303BD40122002902D0E100CB0F5A406946D3
S3150801AD400978CB07DB0F1A422FD021012AD4072015
S3150801AD5034E0022FE2D11E4008D00029DED1CC23EF
S3150801AD602B4003D16B461B785B0601D5032025E0F2
S3150801AD70A30311D59C4E73691B051B0D5B1C366815
S3150801AD80F60205D5994E36683607B60F9B1B5B1E2C
S3150801AD909BB2052B04D1C1E7029B1B78052BBDD0BD
S3150801ADA006200BE08021064A1160E90702D4401CFF
S3150801ADB003990880AB4803994860002004B0F0BDA8
S3150801ADC04C1002A8D83E0000303E0000480002A8F8
S3150801ADD04C3E0000F2B586494978CA0705D4009A5F
S3150801ADE012888018401E037800E000239E4A1068E6
S3150801ADF002249E4D2E68F60611D512695340DBB220
S3150801AE00002B03D16E68D30973402340002B03D06E
S3150801AE10020204D40A20F2BDE206954E3260744A53
S3150801AE201E02C0230B403343914E336093785E076D
S3150801AE30760F022E06D16D682C4003D100200099A9
S3150801AE400880F2BDA0250D409E08102737402F43E4
S3150801AE503D090E0702D42E0010253543CC240C409B
S3150801AE601A262E400A2E04D1CC2C02D02E00FD25FE
S3150801AE703540804EEE40F60705D4000416D5412B21
S3150801AE8010D1082912D17C48E840112101402143FB
S3150801AE902020084310700D210140009808D000F0C9
S3150801AEA0A9F8F2BD0B2B01D10029ECD00720F2BD80
S3150801AEB000F020F8F2BD0000C334000038B50C00DC
S3150801AEC06E490B781A0953399500491925881B07C4
S3150801AED01B0FEB1A9A1A8018FEF755FD010002D1CD
S3150801AEE0200000F007F832BDF300A3E39814406888
S3150801AEF04C0002A8F8B50400614805683C4F38784B
S3150801AF00D026304202D00D21014005D008205D49E6
S3150801AF100860EF20FEF7F5FC39782000314204D0AD
S3150801AF200909397000F066F8F2BD052129401FD0DC
S3150801AF3002884D49CA60544BEC0705D5521C02805C
S3150801AF40690607D4514B05E043242C40422C03D112
S3150801AF50521C028043600DE010224A4B1A604C4A8B
S3150801AF6009688B00DB0F1901116380210903116040
S3150801AF70002101800020F2BD0A888018401E007851
S3150801AF80830601D4121D0A801822024004D00888BB
S3150801AF9052088018C01E088039480068C00702D5C3
S3150801AFA00888401C08803948486000207047344AA0
S3150801AFB01368DB0708D51268920705D40A88801832
S3150801AFC0401E007804280CD110202E4A1060304803
S3150801AFD0254A12689300DB0F1A01026380221203C5
S3150801AFE002600020088070470C4000A8080001A8EC
S3150801AFF0303E000031B581B0264900200090082274
S3150801B000254B1D7802230C24254202D1002223490F
S3150801B01003E02C40082C00D10222EC0703D50C00D2
S3150801B0201E21614000931D4207D01549096809068A
S3150801B03001D51B4901E00021C943019B194C216037
S3150801B0401949FF248C70009C15012543CD700870A1
S3150801B05018880099401880181880144858600020EC
S3150801B06036BD000081360000D83E0000480002A81F
S3150801B070481002A80D0F0C0D07170850633F000072
S3150801B0804C0002A84C2002A8253800005B380000B5
S3150801B0901C1002A8DE1B2501303E0000208410008A
S3150801B0A000FCFF010C3F0000603F0000693700000B
S3150801B0B0303E0000313400004934000049340000B4
S3150801B0C049340000493400004934000000000000FA
S3150801B0D000000000000000000000000049340000E4
S3150801B0E04934000049340000352B0000493400007A
S3150801B0F0672C0000772C0000AD2D00000F2E0000F4
S3150801B100992E00001D300000C92E0000CD30000028
S3150801B110212F00006D2F0000E52F00008532000069
S3150801B1207D330000392C000027280000CD230000BC
S3150801B13049340000CD280000493400000D2A0000DA
S3150801B140D129000049340000493400004D2A000085
S3150801B15049340000493400004934000049340000EC
S3150801B16049340000493400003D1200002D12000048
S3150801B170000000000004000802140218032400005D
S3150801B18049488068000200D4704780B58020800253
S3150801B190AB490860CF2000F053FA01BDF8B58948DC
S3150801B1A00068894C802292032260884E316809051D
S3150801B1B01DD5110BA023034001D0216017E00240E1
S3150801B1C03FD18027824A1760824A1760084038D0E3
S3150801B1D0354D287A400705D501207F4908600002C8
S3150801B1E07E4908602878002801D0062801DB00205E
S3150801B1F0F2BD00F07BFB716889684E6829780529DC
S3150801B20007D1B905A1606E60B668CC218901734A78
S3150801B210116000F074FB012E00DA0226BC208005BD
S3150801B2208849086094208005874908606848002194
S3150801B230C94301647142416484490F604021016038
S3150801B240D5E783480160FFF79BFF0120F2BD5D4802
S3150801B2500168890504D5C06E0004000F022801D0D3
S3150801B260002070470120704738B58024584804608B
S3150801B27000F03CFB05007748006800F06DF92800EE
S3150801B28000F03DFBFFF77CFF0748007A000705D56C
S3150801B290A0004D49086000F041FC31BD60036C49CE
S3150801B2A00860AC48046031BD383E0000FEB50500B3
S3150801B2B0CC20800168494860012668480660FFF786
S3150801B2C0C6FF00287DD0664C2078002879D0310247
S3150801B2D00195052802D02A460A4072D1CC27BF011A
S3150801B2E05D4A17608D4A126881231B02134001D0FB
S3150801B2F0032301E053075B0F022805D1022B5ED316
S3150801B300080136490860F7BD4D01032804D1022B0F
S3150801B31055D932480560F7BD042802D111404ED0EF
S3150801B320F7BD05284BD10198002848D0C005C10FA3
S3150801B330684641700198C004C10F6846017000F063
S3150801B340D5FA0290606869464978002903D00668EB
S3150801B3508021204A11602C0486496A461278002AFF
S3150801B3600CD0C2680B68D21A834B1B68234001D0E4
S3150801B370066800E04668964200DD16006846407891
S3150801B3806A461278024308D008684242B01E8242D1
S3150801B39002DA7042886000E00026029800F0AFFAEF
S3150801B3A00198800501D5974804600198054001D0A8
S3150801B3B095480460002E02D008480760F7BDFFF7DC
S3150801B3C053FFF7BD440002A8442002A8D83E000056
S3150801B3D00CC001A890E001A8C4D000A8145001A887
S3150801B3E038B580248948046001201C4908601C4D31
S3150801B3F02878052802D0600085490860FFF727FFED
S3150801B400002812D013480068000A80214140A86824
S3150801B410000EC9B2814208D2404800684007400F71
S3150801B420022802D2FFF720FF31BD7A480168C022FF
S3150801B4300A4002D1C06F204001D00448046031BDE2
S3150801B4401C1002A808E001A808D001A894D001A8F8
S3150801B450441002A818C000A8106001A8C4E000A8FA
S3150801B460383E0000F1B582B00F00A020384003D065
S3150801B4708020800069494DE000F038FA009066485E
S3150801B4800468F80202D5A0680069029000F0B1FBD1
S3150801B49080210903606800F07DF926780020761C72
S3150801B4A06178B14200D200261821714365180C351E
S3150801B4B029780829F3DA2670A56059492A780A7085
S3150801B4C0BA0507D5544800688068C068FA0201D4ED
S3150801B4D00322904388600127384003D100F092FC8B
S3150801B4E001F0DCF8F904686900F054F93C2000F031
S3150801B4F0A7F8F0B200F0A4F860884A4901406180D3
S3150801B500009800F0FCF93805444908604648076088
S3150801B5103802464908600298FEBD0000184001A895
S3150801B52010B543480068800501D4FE2010BDC0202F
S3150801B53080034049086000F0D9F9374909688A78D3
S3150801B540D20702D589688C7800E00C7800F0D7F923
S3150801B550200010BD100002A82F4909688A688B7857
S3150801B560DB0704D5927818235A438A180C3290605F
S3150801B5707047000048C001A84C0002A8F1B582B086
S3150801B5802D4F3C680026200F000702D1E0010290EA
S3150801B5902AE001F083F800F0A9F901908021090356
S3150801B5A0606800F0F7F825786D1C6078A84200D22B
S3150801B5B00025E80020180C300090006802908021D0
S3150801B5C009030098406800F0E5F83D2000F038F8D6
S3150801B5D0E8B200F035F825700098A060019800F0EF
S3150801B5E08EF902A801F0B2F814480068800407D55C
S3150801B5F0F86901F0C4FD02990818029000D502966F
S3150801B6000298FEBD4C1002A84C2002A894E001A89D
S3150801B610146001A814C001A8DC3E0000442002A859
S3150801B620383E0000FEFF0000C0E000A8106001A837
S3150801B630440002A8441002A8E03E0000FC0302A848
S3150801B6404A490968002901D5494908607047F3B58F
S3150801B65081B0484FB968484C4A0058D501250901B7
S3150801B66000D521250100FE2292011068566822683C
S3150801B6709206920E94463A689300802213406246D7
S3150801B6801343802252001A4300920A0023D08906E6
S3150801B69001D5012008E0F021014007D16946097A60
S3150801B6A00C220A4002D0022000F04AF83349096800
S3150801B6B009040AD53968090701D5022605E039685A
S3150801B6C0490301D5002600E003264835009A2C498E
S3150801B6D00968890003E0009A2949896B0909402309
S3150801B6E0194011430207120F032A05D122681209CC
S3150801B6F004231A403243160080225200002E02D03B
S3150801B7001643266608352166024322662566E06DDC
S3150801B7104407640F00F0D4F8A0070BD0052C09D014
S3150801B720B868000406D400F0E1F80221154A116050
S3150801B73000F0E5F800F0CDF8002000F001F8F7BDBB
S3150801B740FE2189010A68F0239A4300011043086023
S3150801B750C0B270478020C0020B490968890701D128
S3150801B7600A4900E00A49086070470000500002A82B
S3150801B770884000A8480002A8284000A8684101A8F6
S3150801B780184001A8D4D40350844000A8486000A8F2
S3150801B790485000A880B56E4A116001F01BFDFFF7FD
S3150801B7A0D9FF01BDFEB56B4D2878000604D5287F63
S3150801B7B0002801D0182400E0462400F097F80190EB
S3150801B7C06548C0684005C20DD52A01D2D52204E0D4
S3150801B7D0D1204000824200D90200100001005F4BCF
S3150801B7E000932B6B5B011DD55D4B1B78022B03D296
S3150801B7F05C4E06277B43F2520025009B1B7CEB40DF
S3150801B800DB070CD5584B06266E439B199B888FB2CE
S3150801B810BB4200D2190086B29E4200D218006D1CA6
S3150801B820022DEAD389B209190904504B0B40001BB2
S3150801B830C005C00D184348490860C02000064C4998
S3150801B84008604648017D00290CD04A49D52A02D903
S3150801B8508023DB050B60D1235B009A4202D2802349
S3150801B8601B060B600021444B19604188002900D151
S3150801B8700280019800F043F800F074FDF7BD80B529
S3150801B8803E483F4908603F48C1680902090A19222A
S3150801B8905143416005210160FFF784FF01BD80B571
S3150801B8A02C480178090604D5007F002801D0FFF746
S3150801B8B079FF34480068C00301D5FFF773FF01BD5E
S3150801B8C08020C002224908602F4800684007FBD43F
S3150801B8D070478020C0022D490860704701E02C4955
S3150801B8E008602C4909680140F9D170472A4800685F
S3150801B8F020212A4A11601021294A116070473021F6
S3150801B900014002D110202549086070472248006885
S3150801B91030210140102901D10120704700207047CC
S3150801B920204801210160C160704701201E49086055
S3150801B93070471E4800780621014007D01C48006858
S3150801B940022803D0032801D0012070470020704740
S3150801B950441002A8D83E00007C4000508C3F0000ED
S3150801B960583E0000603E00005C3E00000000FF01FA
S3150801B970A0600050A450005018E000E07F1A0601AC
S3150801B980540002A810E000E0440002A8442002A8DE
S3150801B990282002A8280002A8600002A8602002A8A0
S3150801B9A0601002A8789001A884A001A8BC3E0000F6
S3150801B9B0843F0000F8B5644880214902C16102212B
S3150801B9C0624A51600021624AD162624A11800321AA
S3150801B9D05E4A1160022101605F4DCC01A8682040D2
S3150801B9E010D05B480068F021090501409020000548
S3150801B9F0814207D0022059490860012001F00EFC56
S3150801BA005748046020205749086080205649086035
S3150801BA10CC208001554908600124554804602868EE
S3150801BA2000900004070F53480068C505ED0D103D49
S3150801BA30C0202843C0B2FFF703FE4548C06B800308
S3150801BA4009D5092F07D0FFF774FF002801D003F0A5
S3150801BA50F7F801F017FA48480668032D41D000980F
S3150801BA600007000F0090032803D0022806D1032FF0
S3150801BA7037D000F04FFA0098032803D0062F30D1AB
S3150801BA80062D2ED03D480068C00B204001D001F09C
S3150801BA90F5FC3B480068000108D5052D06D10125AE
S3150801BAA0384804606005FFF719FF00E000253100FA
S3150801BAB0380000F063FA0600002D06D000F01EFCDF
S3150801BAC03148046002203149086060052E494865FD
S3150801BAD080092F490860FFF72CFF002801D003F0E1
S3150801BAE09AF81A4821040162002F08D102214160FF
S3150801BAF000201749C863C020C0001C4948643000AB
S3150801BB00F2BD80B5FFF7DCFE22480078800602D434
S3150801BB10022021490860FFF7DCFE01BD02201F490A
S3150801BB2008607047802000061D49096801400AD04F
S3150801BB30C10D1C4A1278920701D51B4A00E01B4A1F
S3150801BB4011601B49086070472C1002A8282002A81A
S3150801BB500C0002A8683E0000B00002A86C1102A8F9
S3150801BB60B82002A894E001A80CC001A8146001A895
S3150801BB70C4E000A804ED00E0B44000A800E200E03B
S3150801BB80083F0000645000A8646000A82C4000A883
S3150801BB9080E200E0D83E0000081002A8082002A8AA
S3150801BBA0440002A8883E0000FC1302A8FC2302A850
S3150801BBB0442002A88F480068800700D4704770B5F2
S3150801BBC08D4801210422BE4B0C02E025ED00866852
S3150801BBD02E4002D01C601A6119610068054002D026
S3150801BBE01C609A60996070BDB64801218160016048
S3150801BBF0704710B5012081498A680240FCD1B24AD2
S3150801BC00042313610C680440FCD1936000021060A0
S3150801BC1010BD7B4908680122104200D1704710B552
S3150801BC20E023DB000340FF24A41CA34204D3B74B43
S3150801BC301B689B0600D54868024001D000F030F920
S3150801BC4010BDF8B50700914E30683F2188439049E9
S3150801BC50097801433160FFF7DCFF8E4C8E4880215D
S3150801BC60490308258D4A1268D20504D56560032261
S3150801BC70B262016006E0C822B2620622934B1A60DC
S3150801BC80934A11608909C16038685839096881423F
S3150801BC9001D2009100E000900099401A3860012114
S3150801BCA0380000F0D1FB0600386800994018386062
S3150801BCB0FFF780FF002E12D1002078490A68D205C5
S3150801BCC000D4102060620868284001D0256000E091
S3150801BCD0656092480068400001D5680260623000DC
S3150801BCE0F2BD8B48017809060DD5007F00280AD0D8
S3150801BCF086484168C90606D40068A0210140481E45
S3150801BD008041C00F70470020704780B5FFF7E9FFF3
S3150801BD10002803D00021042001F048FC01BDF1B53B
S3150801BD207F4F8048F860EE20C00438607E487F491E
S3150801BD300860FFF7D6FF002803D00021042001F090
S3150801BD4035FC8020C0017A49086008247948846551
S3150801BD5001257D641D2077498862774E9B20400026
S3150801BD60B061072001F05AFA0220724988624B49EC
S3150801BD700A68D20603D56F49704A0A6008E00F229D
S3150801BD800968214002D03100103101E03100143137
S3150801BD900A606B490968002900D4B461E3210901E5
S3150801BDA03160C021C900674A1268F823DB011340D4
S3150801BDB001D1F16200E0B9655D490A6C2A4008D0F3
S3150801BDC0496BC90705D460490968084001D101F0E2
S3150801BDD00BFC0020C0435D490860554C606B05406B
S3150801BDE001D1FFF7E7FE009801F006FA606B8001C2
S3150801BDF0FCD4F1BD500002A8900102A8940102A842
S3150801BE00903F000070B542480178090606D5007FC3
S3150801BE10002803D00021052001F0C8FB1B48016852
S3150801BE203F2291434A4A12780A43026040484949E7
S3150801BE300122436B134001D10A638A629722520099
S3150801BE400A6010220A60444AE3231B019366434BA6
S3150801BE50CB610021424B196080235B00072408212E
S3150801BE600E4D2E680E4005D094672C68234006D1E6
S3150801BE70916704E0D4672C68234000D1D167032376
S3150801BE80136011630903016070BD00002C8001A8CD
S3150801BE906A3E0000601102A8981002A8FC0302A8D5
S3150801BEA0F02109012F4A116001402F480160202025
S3150801BEB02E4908602E4909680840BE49086070473E
S3150801BEC0881102A8902102A8882102A80C9001A82D
S3150801BED0982002A82748AA4982680A4002D1C2685E
S3150801BEE0114001D01049016013480821B24A13686C
S3150801BEF00B4000D081611178C90602D58C21090150
S3150801BF0001601420AD490860F9E10000440002A867
S3150801BF10D83E00000448054908607047EC0002A8AD
S3150801BF20242102A8000FFF0001200000706201A869
S3150801BF30100002A8C01002A8501102A8BD030000F3
S3150801BF4028C000A8A88001A8403E0000B46000A847
S3150801BF506B3E0000682102A8E82002A81010000024
S3150801BF60C00002A8586001A8585001A8482002A894
S3150801BF70184001A8704201A870470000F8B586B0BC
S3150801BF8005000C008E480068400102D520004024B7
S3150801BF9004438C48C66AFFF7A9FC0590B00503D58A
S3150801BFA089480068FFF7D8FA002001900123700636
S3150801BFB0C00F0290FE229201916800209060B8207D
S3150801BFC04000824E30606608B82030401278F0266C
S3150801BFD01640402E02D10200402010430D2D02D1F9
S3150801BFE00A00042111434A0704D50200142010430C
S3150801BFF010229443764A12686D462B70D20506D5EF
S3150801C00080225200734B1A60020001201043029AE3
S3150801C010002A11D10C220240082A0DD00200694BD0
S3150801C0209B6BDD0601D41025AA439B0601D4202368
S3150801C0309A43B12313404FD06A461278002A4ED04C
S3150801C040A54A956B966D01236D076D0FAD1DAB4026
S3150801C050F504ED0C5B1B9BB2082B09D28020062345
S3150801C060584D2B604302A04D2B6000236D462B7063
S3150801C0708123034036D00823029D002D00D1136287
S3150801C0800D000821294310239C4304231D059F4EB7
S3150801C0903560DD04984E35606D462D78002D1ED02D
S3150801C0A0062B24D3464DEE6CF60620D5984E3668F7
S3150801C0B0360E01966D69ADB2954EF66B360603D00E
S3150801C0C02E0080256D01354315612D121561404AF3
S3150801C0D01268D50592D40AE008227F4B1A620491A8
S3150801C0E0009031E027A34506ED0E5B5DD4E7049188
S3150801C0F000903448026B86490968774D2E686F4669
S3150801C1003E81282616401E43930CDB013343160055
S3150801C110120E3240102632401A4389004023194034
S3150801C120114302AA9170406B000A02A9C870FFF771
S3150801C130F7F902A908710198487176480068C8801C
S3150801C1400298E8660398E8660598FFF7D8FB08257C
S3150801C150600601D56D488560FFF7EBFB002805D021
S3150801C1606D480078002801D06C4805600498C1B272
S3150801C1700098C0B2FFF76BFA200007B0F0BD0000C7
S3150801C180008000800301070603010706050106066C
S3150801C1900501060603020706030207060502060647
S3150801C1A005020606081A03D25D4909684018401CAB
S3150801C1B070470000481002A8F84F0000883F0000A9
S3150801C1C0084000A8180002A81CC000A8B46000A86E
S3150801C1D01C0100AA1C2100AAF8B5524F0F240125FB
S3150801C1E0514910265148806B30401BD001200870F8
S3150801C1F04F4800687969FFF7D5FF4E49096F40181E
S3150801C200012868DB01F098FA4B490968090B0C40CB
S3150801C210022C5ED16905494A116049490E644349B0
S3150801C2200D6056E02E024148006CC0001ED54548F7
S3150801C2300068E021890501404DD03F4D286821035A
S3150801C24001407001814246D1FFF750FB3E4A3F4902
S3150801C2500968314002D03E49096811602968090B0D
S3150801C26021400229F3D0FFF74AFBF1BD394800689E
S3150801C270002830D001220A7000F0BEFF00282AD11A
S3150801C28001F05AFA2C490968090B2140022920D1E3
S3150801C290284A1278D20705D52F4A12680A4001D0D2
S3150801C2A0224A1560264A1160690239601F490E60E3
S3150801C2B0214A1168090B21400229FAD01168090B94
S3150801C2C00C40032C02D029041C4A11600021214A82
S3150801C2D0116001F035FAF1BD540000AA80208004EE
S3150801C2E01E49086070470000141100AA8020400406
S3150801C2F01A490860704700004C5001A800BF184849
S3150801C3000168490701D0FF2141617047441002A81D
S3150801C310184001A8448001A8E43C0000845000A804
S3150801C32038C001A80CC001A86D3E0000100002A883
S3150801C3301CC101A8883E0000B00002A81C1002A872
S3150801C340082002A84C4001A8800000AA084000A8BD
S3150801C350904000A8443E0000083F00003C2002A887
S3150801C3600C4000A87047FF2807D0032805D22B499F
S3150801C3700978C140C807C00F704700207047000000
S3150801C380F0B5802000020821254A11600A230121FF
S3150801C390244A01249C40044325A5ED5C2543956068
S3150801C3A0F025214E35601E4D24A6F65C022737433B
S3150801C3B02F6004262E601D4D2D680D4006D1CD0235
S3150801C3C06D1E03D0966C3603FAD401E00220F0BD47
S3150801C3D0956CD66C6D036D0BAE4200D220005B1EC8
S3150801C3E0D7D50823104C23609060A84B1B685B01C6
S3150801C3F012D5A74C63785D1C01262E4066701D0078
S3150801C4000626754365191268AA80E88023700348D1
S3150801C41002789940114301700020F0BD9C3F00004D
S3150801C420889001A8448001A888A001A8140002A840
S3150801C430000000010102040810202000505050405D
S3150801C4404040403020202000F1B584B0914C9248FC
S3150801C4504068C00516D5606AE021C90008408842CF
S3150801C46010D1A848006E0004000FA7490A68D20631
S3150801C47001D5072804D00968C90603D40B2801D1B8
S3150801C480002000E1FFF7B0FBA0484069400101D454
S3150801C49001251CE09E48826B00207D49C3B2062512
S3150801C4A06B43CB189B8895B2AB4204D0401CC3B2F0
S3150801C4B0022BF3D3FF2008700125944840694001F7
S3150801C4C005D50878FFF74FFF002800D000259148C9
S3150801C4D05021405C000608D58C480078002804D015
S3150801C4E08A484078002800D10125E06902906A4807
S3150801C4F00068E061884E0498006831684718012F82
S3150801C50015DB00F0F0FDC001381A01280FDBFFF733
S3150801C51070FB00F0C3F8049800683168401800F011
S3150801C5206BFE002803D00021049A116011E0C02097
S3150801C530C0007A4908602068794F072832D005215A
S3150801C5400840052808D021600C2000F067FE002865
S3150801C55002D00299E16196E0724EFF207A3070624C
S3150801C5600420B062FFF745FB02203060E020C004DA
S3150801C57078606A48802189044160022101600120AE
S3150801C58000F04CFE802080007062022000F046FE1A
S3150801C5908020C00070620820B062022000F03EFED2
S3150801C5A00220B062604EE0204000F06159480078F0
S3150801C5B0C00705D5802000065C4908604008306040
S3150801C5C0042000F02BFE019000284AD10220386091
S3150801C5D080027064C001706410204D490860012012
S3150801C5E0B0674C4F4748006840061ED44748406923
S3150801C5F0400113D5264800786946087068460078D0
S3150801C600FFF7B1FE002809D02148694609780622B4
S3150801C61051434018C0883E49086406E00120387332
S3150801C620FFF7AEFE019000281BD1012038490860AA
S3150801C6300020C867022000F0F1FD3C4E4020F06161
S3150801C640C030F0613878C00705D5C02000063060D3
S3150801C6502F48006CF881022000F0E0FD8120C0021D
S3150801C6607064002D05D027480068800101D4FFF7C2
S3150801C67016F9E069E0214903014002982C4A024073
S3150801C6800A43E261019805B0F0BD0000083F0000C9
S3150801C690583E00005C0102A8F80302A838B5FFF766
S3150801C6A0A3FAFFF7A6FA23480068C0050AD5224867
S3150801C6B00068000B0F210F220240072A20D00140F3
S3150801C6C00B291DD00224124804601C4D0820A862BB
S3150801C6D0C0016862012000F0A1FD200268622C6099
S3150801C6E00620A86216486862E020400015490860DD
S3150801C6F00B4804600021144A1160C021C900016079
S3150801C70031BD0000500002A8B04301A8F43E000064
S3150801C7100C8001A8883E0000DC3F0000981002A8A2
S3150801C720982002A85C1102A8109001A810A001A8DF
S3150801C730FFFFE3FFFC0302A8B00002A85C2102A8E0
S3150801C740F96100002CA001A85C0102A838B5040013
S3150801C750FFF74FFA2048C021C900204A1268F8237A
S3150801C760DB01134001D1816101E01D4A11601D49B8
S3150801C770802252001C4B1D68154003D00825056010
S3150801C780032001E0AC20400088641868024001D10A
S3150801C7900A20086015488021490301608909C1609A
S3150801C7A013480068AF21C90145182068854200D39E
S3150801C7B00500401B206000212000FFF745FE216887
S3150801C7C04919216032BD802000010A49086000012B
S3150801C7D00949086070470000641102A8AC8001A8E5
S3150801C7E07C2102A80C8001A8FC0302A8981002A8C3
S3150801C7F0A43F0000441002A8685000A8F1B584B00F
S3150801C800B34800680190B3488069AF21C90140184F
S3150801C810B1490978C90708D40499884205D2081A82
S3150801C82000F0EAFC002800D05EE2AC484068C00788
S3150801C83000D559E20420C749C8628003C6498862FF
S3150801C840A548006D0090A548806B8507AD0F20248B
S3150801C850032D03D01020BF49C86224E02003886253
S3150801C8609E49CA6B224001D0012067E0009A120650
S3150801C87010D5CB6B022213400CD1B84B05261E608E
S3150801C880CE6B10273E4032431A6000221A608A6B2B
S3150801C890120A1A600422B04BDA62C96B002902D562
S3150801C8A0AC4988620025009800060BD5AC4800788B
S3150801C8B0002807D0A748C462CC4800682040A6498A
S3150801C8C0C8620EE08548816B490704D5806BC000B4
S3150801C8D0E100084003E07F488068C10701D5FFF7FA
S3150801C8E0DFFA01210098084008D0C148AA0180183A
S3150801C8F0006AC004C00C401ED04A10600020002205
S3150801C900CF4B1E68360403D59B6F002B00D401223A
S3150801C910C0218900CB4B596529026F4B1B78DB0770
S3150801C92001D4002A02D0C022920000E00A00C64BB8
S3150801C9301A60C0229200C34DAA6559606749096CFD
S3150801C940942292050A40150000D0012528430006C5
S3150801C9502ED08348007DC0210140402902D1FFF72E
S3150801C960D0F801E0FFF7DAF85C4804602D061ED01E
S3150801C970B64C806B400709D58020C001764988628C
S3150801C9800220206000F0CAFA002807D00420714965
S3150801C990C862400270498862000120604E485021F1
S3150801C9A0405C000603D5802000036A4908609BE1C4
S3150801C9B04A484068C007FAD420036749C862FEF7A7
S3150801C9C07FFF9E48406E4549096C090408D4C00694
S3150801C9D006D5FEF78BFF0221C44A1160FEF78FFFC9
S3150801C9E0FEF777FFE0013D490860C14CC0252D06D9
S3150801C9F0A5600001BF4908603848806B4007C10F30
S3150801CA0068460170BC4EA0270198C00700D4A9E06A
S3150801CA1000F092FE0290FEF783FF3048006C400456
S3150801CA200DD400BF00BF00BF00BF00BF00BF00BFDD
S3150801CA3000BF00BF00BF80200006BA490860FEF7A4
S3150801CA4074FF029800F07CFEEE20C004AB49086032
S3150801CA5080200001206203203064FE20C003706438
S3150801CA6042200199C90501D4706000E02060676021
S3150801CA700820A04908660420AB4908601748006CDD
S3150801CA80C00236D51348026F110CA84B1204D20BFB
S3150801CA909A5A10292DD30388E72B2AD3952676008F
S3150801CAA0B34205D8F31A1B095A43930A5A4204E0BA
S3150801CAB09F4E9B191B095A43920A52B289188369D8
S3150801CAC0466A72439A1882616F2909D36F210AE06F
S3150801CAD0FC0302A88C3F0000883E0000100002A853
S3150801CAE00F2900D20F21080208430904014391487E
S3150801CAF00160824890498164A90CA16002217D4A9E
S3150801CB005167A90D8160F021090141658020400026
S3150801CB1060610A2000F082FBA560822040026066FF
S3150801CB20012000F07BFB0120A060062000F076FBC7
S3150801CB3080200002A060082000F070FB802000031E
S3150801CB40A0608000A060032000F068FB80204002FE
S3150801CB5049E000BF1C2002A81C1002A8E40000AA94
S3150801CB60F43E00000198400744D56448EE21C90403
S3150801CB70016060498222D204CA668022920022623A
S3150801CB80D2018A66A90C81646C48A0600A2000F06B
S3150801CB9045FB002030640199C905306000D508209D
S3150801CBA070606760534808210166022141670A20BF
S3150801CBB000F034FBA56062486066012000F02EFB98
S3150801CBC0062000F02BFB0820A060062000F026FBBB
S3150801CBD0E80DA060082000F021FB6020A06003207A
S3150801CBE000F01CFB02205049086008E0184001A823
S3150801CBF00C0000AA534A4021002001F015F8002034
S3150801CC00C0431049086000F06EFA964D401DC001F8
S3150801CC10A96947188020C00193494E6F0640934978
S3150801CC2008600498874214D2A969401A00F0E4FA08
S3150801CC3000280DD08E48066056E000BF204000A8A7
S3150801CC40684101A8B46000A8085100A8685000A866
S3150801CC50049F0198400702D58020800000E085489E
S3150801CC60A060012000F0DAFA80204000214908601E
S3150801CC70380000F0C1FA804C2078C00703D58C2013
S3150801CC804005FEF72BFE68460078002807D176484E
S3150801CC9000687A4988608020C00379490860744829
S3150801CCA0066016480199490704D5802189008164DF
S3150801CCB0214903E002218164C02189018164684612
S3150801CCC0007800280AD0012000F0A8FA5020205C3C
S3150801CCD0000603D5802000038F490860A848006C28
S3150801CCE0C00201D5E86EA86105B0F0BDD4E40350D1
S3150801CCF0641102A8B81002A8600102A8242102A89A
S3150801CD0080B5FEF7F3FD984900220A600A22CA6136
S3150801CD10FEF7F5FD9548C0218902016099494160F0
S3150801CD2001BD000004500950C82102A8C000000036
S3150801CD30D6FEFFFFDC4001A80404000004044000FD
S3150801CD4002040000110700008D48806B800300D49F
S3150801CD507047F8B58C480068009000240020012629
S3150801CD600099314002D0C020800103E000994907AB
S3150801CD7000D58648864902220A600864082785483C
S3150801CD80076085480068C00403D4844800683840B1
S3150801CD90FBD0834D37486865042000F03FFA8820A8
S3150801CDA0C00468650098064024D0A0208003686501
S3150801CDB0012000F033FA7B48686500F0BDFC0600E7
S3150801CDC0FEF7AEFD6E48006C40040DD400BF00BFEF
S3150801CDD000BF00BF00BF00BF00BF00BF00BF00BF4C
S3150801CDE08020000670490860FEF79FFD300000F0BC
S3150801CDF0A7FC08E0602068657803A860012000F0B8
S3150801CE000DFA6A4868656A4E0098C005346001D50E
S3150801CE10776000E07460C02000066865C00C65494B
S3150801CE200860012000F0FAF9F0200001E86662487E
S3150801CE300099C90502D50321016000E00460862036
S3150801CE4040025E4908605E4868652F60A020286533
S3150801CE5034647464B8024A49086000015949086093
S3150801CE60F1BD00008C3F000020C001A894E001A894
S3150801CE7094D001A802400000883E0000F43E00005C
S3150801CE801C1002A8F8B5504800680D27074004246D
S3150801CE90002F00D10427FC208001102566030821F4
S3150801CEA04A4A4B4B1B682340126816D042603940E8
S3150801CEB004D00220FEF744FC464806603C4009D0EF
S3150801CEC0FE20800100680543FE2080010560B00848
S3150801CED0404908600220404916E00260394005D001
S3150801CEE00220FEF72DFCA0023A4908603C4007D013
S3150801CEF0FE20800101680D43056070093549086007
S3150801CF003548066030032F490860FFF71DFF0021E9
S3150801CF100020FEF79CFBF1BD1C2002A810B580205D
S3150801CF202E490A6802400AD02D4B1A680624144075
S3150801CF3005D15C6E2B4A22401B6D9C0101D5002050
S3150801CF4010BD096808400DD02748824203D118054B
S3150801CF5001D5012010BD25480068C107C90F481E23
S3150801CF608041C00F10BD0000D80000AA442002A8C5
S3150801CF701F4803210164A821C1631021016070477C
S3150801CF80100002A804000080FC0302A804040000A3
S3150801CF902C1102A8106001A8D84001A8104001A8C8
S3150801CFA0182102A8018000000460095089050000C3
S3150801CFB0600102A8B06101A8548001A8C82102A88D
S3150801CFC004340000482002A8B44000A81CC101A8E6
S3150801CFD0480002A8441002A8685000A8440002A804
S3150801CFE014C001A81F1F0000010C000030C101A8D0
S3150801CFF0082002A86C4800680121084209D16B4A39
S3150801D00012686B4B000C1840F03291400B40984265
S3150801D01001D00220704700207047F8B507000F3885
S3150801D0206A461080604CE0680A0004D16B461B888A
S3150801D03082B29A423AD200226B461A80012502260A
S3150801D0403A0013D02268324007D000292ED0594819
S3150801D0500088401C5749088000203900216156493B
S3150801D0600E6080B2B84201D369460D8053484560C7
S3150801D07000E030BF2068304003D1FFF7BBFF00282E
S3150801D080F7D04D484560390010D02168314005D0A8
S3150801D09048490A886B461B88D2180A800660002010
S3150801D0A02061E068B84201D244480660FFF7A2FF52
S3150801D0B0F2BD38B5050000F03FFB040001219920B7
S3150801D0C04543A8093E4A12688018123880B2FFF70C
S3150801D0D0A4FF05008020C0013A490860200000F03D
S3150801D0E02FFB280032BD3348038835490968028871
S3150801D0F09342F9D1100408187047FEB51238070C87
S3150801D1006946088000F018FB0190274C294D2888AC
S3150801D110B8421ADA01202C490860274E30BF02208E
S3150801D1202168014006D030604003264908602888F6
S3150801D130401C2880FFF75EFF002802D12988B942E2
S3150801D140ECDB0121716000280DD12888B8420AD18B
S3150801D150E06869460988884205D200216846008840
S3150801D160FFF75BFF01E0FFF745FF04008020C001E0
S3150801D17014490860019800F0E3FA2000FEBD10B5D5
S3150801D18012490A680E4B1B680C689442FAD0DB01F7
S3150801D1904033141A02D288692418641C0C480068A2
S3150801D1A04443181B10BD0000280002A804ED00E046
S3150801D1B0FF3F0000683E0000282002A8281002A8A8
S3150801D1C0340002A880E200E02C1002A820C001A8C1
S3150801D1D0B43F0000F0B502E00A601C602E607EC80C
S3150801D1E04F1C07D05F1C04D06F1CF5D10A601C6068
S3150801D1F0F0BD0A60F0BD000010B5C409FFF773FF62
S3150801D200201A312806DAC000183801D4C01EFDD507
S3150801D210002010BD2000FFF770FF10BDC321484351
S3150801D2206F3801D41E38FDD50020704780B5FEF74A
S3150801D23087FA01208A49086001BD38B589490C6811
S3150801D240082589490D60FFF7F1FF2C4001D0874871
S3150801D250056031BD80B5EB2000F001F801BD30B5A0
S3150801D26083490B6818401022134210D0814B824C17
S3150801D2702468224008D0B04A14682402FF252D02EA
S3150801D28025401D6300241460802252031A60086039
S3150801D29030BDF3B5010016001C0000250095A7480E
S3150801D2A0019A330000270BE0BC464F5D4743AE00A9
S3150801D2B09E597E40575D47433740664637436D1C46
S3150801D2C0A542F1D3390939438A080A43510811435A
S3150801D2D00840C10901430F208A0B0A430240504006
S3150801D2E0F6BDF1B582B00E00002093490860944D51
S3150801D2F0EF7AA87A01900F21394000910ED00B469A
S3150801D300904A91490298FFF7C4FF019901408A485A
S3150801D31001608E4841438E48084001D1012400E04E
S3150801D3204401380915D032003B0929000298009EAC
S3150801D3306D7A75194019FFF7ACFF0199091101407A
S3150801D3407D4802680B0113430360002901D0480098
S3150801D350444380480068204001D10420FEBD0020D6
S3150801D360FEBD80B50A00002111807B4952888018CC
S3150801D370FFF7B7FF02BDF0B50F22784B5C79057848
S3150801D3800F202040C5402009284001259C79C4402A
S3150801D3902C4001D10320F0BD374C2468254008D024
S3150801D3A06F4D9E684700F65B761E2E608026B60195
S3150801D3B0EE60DD78DE79C640F00711D5E0060FD5B7
S3150801D3C0002D0DD0674848600888488008881C7871
S3150801D3D000192A4080185A7880182A09801800E00E
S3150801D3E0002008800020F0BD10B55F4801685F4A3B
S3150801D3F00820014200D09061C90602D58C21090195
S3150801D40011605B495B4A5C4B1B681B040CD54B6876
S3150801D4105C0402D5C303136006E0C024A4011C40C2
S3150801D42043029C4200D010600B68034005D0534B61
S3150801D4301B689B0F9B0700D010600F480078C0231C
S3150801D440034002D180204005106008682021084069
S3150801D45010604B480068C00101D4FFF7FBFE10BD00
S3150801D4602C4000A84C4000A84C6000A84C5000A8CD
S3150801D470883F00001C1002A8D83E0000F8B5414FAD
S3150801D48038687E6806404048304040490860802434
S3150801D490A4033F4DF00227D53E48016801200A063C
S3150801D4A005D53D490968A9602870022014E00142A2
S3150801D4B002D03A49A9600FE00020C9060CD52949CE
S3150801D4C0A960374A91780B071B0F12789A18090930
S3150801D4D05118A980E880A888A880A888002801D0C2
S3150801D4E0264301E0FFF7B6FE264023D0274E746097
S3150801D4F03460A88800280BD0396A814208D3291DCF
S3150801D5002848AA6890470100F3D0FFF78FFEF1BDBE
S3150801D51001000CD0FC218902F16123490203CA6189
S3150801D52034604C603A6A824204D30C60F1BDEB2048
S3150801D530FFF795FEF1BD0000483E0000010101011B
S3150801D540583F0000103F0000503F00001111000035
S3150801D550218400000C3F0000303F0000603F0000BE
S3150801D560204000A8B3220000F84F0000502102A86D
S3150801D570184001A8481002A8684101A84C4201A810
S3150801D580D04000A8B44000A8FFFFDFFFB46000A8A0
S3150801D5904C3E0000D83E0000DC3C0000C7220000DB
S3150801D5A0613F0000D84000A8B45000A870B5050036
S3150801D5B00C0000F0C1F80600FEF7B2F92002054397
S3150801D5C006480560022006490860FEF7AEF93000F4
S3150801D5D000F0B6F801200349087070BD04800950AF
S3150801D5E0409009506C3E0000FEB5C020C004334986
S3150801D5F008603348334948653348886533484024C9
S3150801D600046044601020FFF709FE002854D1FF206A
S3150801D61000052F4908602F482F4908602F482949D6
S3150801D6200860A5032A4805602D4807680820FFF702
S3150801D630F5FD002840D108262A4806600120FFF793
S3150801D640EDFD2748806801902748066027481D494F
S3150801D65008601F4805600820FFF7E0FD00282BD168
S3150801D660204806600120FFF7D9FD1D488068009013
S3150801D6701D480660134D1E4828600199009800F060
S3150801D6803FF88606B60E0198C10B0098C00B00F04C
S3150801D69037F80002FC21890101403143296010480D
S3150801D6A0076060030A490860124804604460124929
S3150801D6B00164124941640020FEBD000020E000A873
S3150801D6C0571400004C0102A8FF3FFF3F601102A852
S3150801D6D0B42002A80000380EB41002A830300000A9
S3150801D6E0104101A8105101A8106101A810100000ED
S3150801D6F020200000602102A8F703F000FF3F000088
S3150801D70010B54904CA104004C310991A00209A1882
S3150801D710D30F9A18521052188B115B0E5B18DB1136
S3150801D720D2182023541A01D422001843CC0F6118A9
S3150801D73049105B08F6D110BDEFF3108072B6704739
S3150801D740002800D162B6704710B5C20018231340ED
S3150801D750FF249C40E2438907090E9940030004D43B
S3150801D76073489B089B00C01806E0724B0007000F20
S3150801D770083880088000181803681A4011430160A8
S3150801D78010BD80B574225421002000F04DFA01BD68
S3150801D79010B5FFF7D1FF684901220A60674B684C4B
S3150801D7A02360684C23600323674C2360674C23601E
S3150801D7B0674B1A60674B1A60674B80241C601A60B6
S3150801D7C0664A1A6011228A63FFF7BAFF3F20644945
S3150801D7D0096801400A1D402A00D2081D614A1070D5
S3150801D7E0A448017010BD80B501001120FFF7ACFFF8
S3150801D7F001BDFFF7A1FF05000024012160B2FFF773
S3150801D800A3FF641C0E2CF8D301210F20FFF79CFF00
S3150801D81001211320FFF798FF01211720FFF794FF35
S3150801D82003210120C043FFF78FFF01211E20FFF7C7
S3150801D8308BFF4D484D49086002204D49086001207B
S3150801D8409B49086047044B4C20693840FCD0206846
S3150801D850800101D4FEF713F82800FFF771FF464847
S3150801D8600068000311D4972252005321002000F0CA
S3150801D870DBF90AE000281CD0FEF738F819E0206920
S3150801D8803840FCD02800FFF75BFF206E0004000F2C
S3150801D890022801D1FEF7A0FCFFF74EFF0500764EE0
S3150801D8A0FEF734F800287078E4D0002801D1FEF795
S3150801D8B026F801202E493278002A05D16F4A1268C6
S3150801D8C0920600D4086030BF0022327002220A6034
S3150801D8D077490860D3E77748016842680A4076487D
S3150801D8E0104017490860800700D4704710B57C4876
S3150801D8F00188491C01807B4C2078000617D57A4996
S3150801D9000A680F20120B0240032A10D1774A1268BF
S3150801D9105207520F032A0AD80968090B0840032837
S3150801D92005D10D20FFF789FCE08A401CE08210BD75
S3150801D93000E400E01CED00E0040002A80000FF3F3F
S3150801D940282002A82C1002A840E002A844C002A878
S3150801D95004C001A8044001A8145001A820006006CB
S3150801D9602C8001A86A3E0000FFFF9B4000E100E011
S3150801D970602002A8500002A8F80702A8F8B55C4C76
S3150801D980206865680540914805605A48284007D0CF
S3150801D990FDF7CFFF002803D02800574909688847B3
S3150801D9A0012102228A480078C00701D5022300E036
S3150801D9B001232B408748002B10D0874B1A60874AD2
S3150801D9C012680A4007D10268F0231B05134090220A
S3150801D9D012059342F3D00902814A116080210D4252
S3150801D9E020D0A26AF823DB0113401BD0C022120102
S3150801D9F0934217D880231B068A4E3360A76AF826F6
S3150801DA00F6013E40384F3F683F043F0F022F01D0D1
S3150801DA10032F03D1002E01D09642EFD3914A13600A
S3150801DA206A4A11609049097806290DDACC208001E5
S3150801DA3028401DD0FFF780FE04002800FDF736FCBC
S3150801DA402000FFF77DFEF1BD806B800510D5874864
S3150801DA50284005D0FEF790FA2800FDF727FCF1BD0E
S3150801DA60A80205D580204001584908608049086008
S3150801DA70F1BD00006B3E00006D3E0000F40302A8F4
S3150801DA8010B57C48016844680C407B4804608021D5
S3150801DA900C4205D04160794801600020FDF706FC7B
S3150801DAA0600403D5802040057549086010BD000053
S3150801DAB0601002A8280002A8FFFF00C038B5714807
S3150801DAC0016844680C40E00707D5FFF735FE0500F5
S3150801DAD0FDF786FC2800FFF733FE6B48046031BD6D
S3150801DAE0683E0000D83E0000B00002A8184001A810
S3150801DAF0104001A802000600E03C0000FEB5634C98
S3150801DB00206C676C074001252F4216D02E06604807
S3150801DB10066020685F490D60002802D00021FDF7E4
S3150801DB2039FE5D480068A021C90188428041C04389
S3150801DB30C00F5A4948705A480660FDF7D7FE01904A
S3150801DB40022007403ED06168CEB20F0A5549082225
S3150801DB50494B4403012E24D0022E31D1012F22D163
S3150801DB60514EF6780096504E37780126BE404F4FF3
S3150801DB703E604D4E3678760590277F04F7190326C1
S3150801DB803E434B4F3E601C604A4B1C600B68009C31
S3150801DB901B194B65444909788D4047490D6047492A
S3150801DBA00DE00090DFE7002F0AD1454E35600025CC
S3150801DBB04D655C601C60C104424B196042490A60AC
S3150801DBC0344908600198FDF79AFEF7BD106001A86F
S3150801DBD0883E00000C0002A86C1102A8B44000A8F7
S3150801DBE0B82002A870B5FDF781FE0400FFF7A4FD71
S3150801DBF02F490A68D2070FD52A4A566D1368334D3D
S3150801DC002E60CE686E604968E9818021C904204E7C
S3150801DC103160297B59185165FFF792FD2000FDF700
S3150801DC206EFE70BDE06101A8002800D0704770B58E
S3150801DC300C00FDF75BFE0500FFF77EFD0600FDF70C
S3150801DC406FFE234804600121224A1160026C0A40D2
S3150801DC50FCD1FDF76AFE3000FFF772FD2800FDF7DB
S3150801DC604EFE70BDE05101A8383E00000010400686
S3150801DC70145001A890C001A890E001A80CC001A801
S3150801DC8004ED00E0C0C000A8C0E000A800C002A8DA
S3150801DC90441002A840E002A8404000A86D3E0000DA
S3150801DCA0442002A818800A50813E000068A00A5044
S3150801DCB060C101A894D001A868900A50F42302A86B
S3150801DCC060E101A880E200E0F41302A8783E0000B2
S3150801DCD0008009504090095080B5FDF72AFE0028BA
S3150801DCE001D000F0B7FE01BD80B5FDF763FEC64859
S3150801DCF0006800030AD4FEF70DF9FFF725F8FEF7C9
S3150801DD0081F80120FEF7FCFFFEF7C8FC802080059C
S3150801DD10FDF7E4FD01BD80B5FDF74CFE802040020C
S3150801DD20FDF7DCFD01BDFEB505208F4908608F486A
S3150801DD30046801273C4201D1FDF756FFFDF73AFE7B
S3150801DD408B49086800908B4849680160A105CA0F8C
S3150801DD5069460A7100253C4210D0009599494968DF
S3150801DD6001609848026898490B68981A9A4202D342
S3150801DD708B69C018401C954B9842F5D3A34E356064
S3150801DD8068460079002804D021000098FDF76AFB4F
S3150801DD90009000243068384003D16846FDF751FFEA
S3150801DDA00400FDF79EFF002846D08648407C0028DF
S3150801DDB042D19749834DEE680A6933689A4200D081
S3150801DDC00120944A1278022A0DD2934B9C460623C7
S3150801DDD05A4363469B5AB44602001826724366465E
S3150801DDE0B218536000E00224009A0192EA680123FE
S3150801DDF0434018204343D61830680861B068086064
S3150801DE00A248F1680160316901627069A049086038
S3150801DE1001A8FDF716FF002808D17E4909780229CD
S3150801DE2004D27D4A06235943515A716021000400E0
S3150801DE300C4301D16F7401E0002C02D10098FDF763
S3150801DE406EFF9E48076002209D490860C820C004ED
S3150801DE50BB4908607804FDF741FDF7BDF8B5994C53
S3150801DE608025EF02FDF73DFF002808D09648007887
S3150801DE70002804D13800FDF731FD2560F1BD206C7D
S3150801DE80C00506D580200006206000BF00BF4008F7
S3150801DE902060FEF71FF8FDF78DFDFDF77FF90600F7
S3150801DEA0A848A9490860FFF717FF3800FDF716FDCE
S3150801DEB0002E00D025600120A4490870F1BDF8B5EF
S3150801DEC00120FFF790FCA24CA24800682060FDF7EC
S3150801DED071FD7820205C0521014002D0FDF711FE75
S3150801DEE001E0FDF71BFE774D0227A06F384001D0F0
S3150801DEF0012028601020C043974908600026EE6378
S3150801DF0096480660FDF715FD002802D000F0EFFDE2
S3150801DF1000E06663FDF7D4FC91480068296C0904A2
S3150801DF2007D4000705D5FDF7E1FC8E490F60FDF71B
S3150801DF30E6FCFDF7CEFCFFF757FAB804FDF7CEFC71
S3150801DF400020FFF750FCF1BD80B5FDF733FD2E48E3
S3150801DF500068000303D4FDF755FFFEF79FFB8020F9
S3150801DF604003FDF7BBFC01BD5C1102A8440002A8F1
S3150801DF70B83F0000443E000038B5FDF71BFD514C83
S3150801DF802025FEF7CBFF002806D0606B000704D5D5
S3150801DF90FEF7EEFFFEF717FC2560FDF733FFFEF7E8
S3150801DFA07DFB714800780C210140042902D1FDF757
S3150801DFB0A8FD01E0FDF7B2FD6804FDF78FFC4020DE
S3150801DFC0206031BDE43E000020C001A801FF000029
S3150801DFD01CB5052065490860FDF7ECFCFEF7C8FF8E
S3150801DFE06348006800906846FEF7B0FB0400FFF737
S3150801DFF073FE002C02D10098FEF700FC8020400435
S3150801E000FDF76CFC13BD00000C0002A8403E0000A1
S3150801E010348001A8583E00005E3E0000F8B5FDF7C1
S3150801E020C9FC544CA56A5020284002D0FDF769FD69
S3150801E03001E0FDF773FD234FFEF770FF00281BD1A2
S3150801E040B86B40071DD4786BE0214901014018D10E
S3150801E050A80611D4FDF734FCA56A474E354207D008
S3150801E060FF20C0432D18A56280200005A949086034
S3150801E070FDF72FFC2E4002D00120386001E0002078
S3150801E080206080208004FDF729FCF1BD1C4101A810
S3150801E090284000A880B5FDF78DFC9F480068C0059B
S3150801E0A001D5FDF7AFFE0120FEF72AFEFEF7F6FAC7
S3150801E0B08020C004FDF712FC01BD0000442002A81F
S3150801E0C0305201A8100002A8F53E000010B52648F6
S3150801E0D00468FDF76FFC9149096809032AD40321ED
S3150801E0E0C00601D5214001E0A0080140012902D15D
S3150801E0F0FDF707FD0BE0200107D50E20FFF796F87F
S3150801E10087480421016008210160FDF707FDFDF735
S3150801E11080FD844C206984490860FFF7DDFD20688D
S3150801E120002807D04000122802D2FFF777F801E04D
S3150801E130FEF7BFFF80208003FDF7D0FB10BD00006E
S3150801E140106001A870012000B46000A86D3E0000AF
S3150801E150903E000008C000A8482002A8483E0000DA
S3150801E160844000A8D4E40350083F00005C1102A8CB
S3150801E170CC3F0000E03E000000FFFF00FEB5002492
S3150801E1806A490C730120694608700294FDF712FC6E
S3150801E1900600624F3868000300D5B5E003209F49A1
S3150801E1A008649F480268FF2080019E4910255F4B3D
S3150801E1B01B78DB0720D51207120F022A03D09A4AC9
S3150801E1C012682A4004D1594A5268584B5B7801E0D3
S3150801E1D08A680B688E6A096A0091911B1422514359
S3150801E1E0DBB2C918009A891A09014068081801D5CD
S3150801E1F0019453E0019051E013071B0F032B03D041
S3150801E2001204120F062A3AD18968426802923A6CB8
S3150801E210920701D5806802900800FEF7B0FF0299BF
S3150801E220401801D5019400E00190B86B0107C80FA9
S3150801E23003213F4A12680A40022A1AD12E4018D0F1
S3150801E2403A4A126DD30512D5FE6B984B1E409E4273
S3150801E25002D172490D640CE092050AD43A6C28235E
S3150801E260134006D16B461C702A4A116001E06A46C2
S3150801E2701470029068460678002E03D10FE00068F4
S3150801E28001900126FEF74AFE002808D0FEF770FE27
S3150801E2900298002802D0FEF796FA00E0002602202E
S3150801E2A05E490860002E10D0214800780C210140F3
S3150801E2B0042902D0F86B054002D0FDF722FC01E0E3
S3150801E2C0FDF72CFC202078601EE018480078C0076E
S3150801E2D005D555480068054001D1FDF723FCFDF732
S3150801E2E091FD802000060B4908600020C043704953
S3150801E2F0086001A8FEF72AFA0400FFF7EDFC002CD6
S3150801E30002D10198FEF77AFA80200004FDF7E6FAB1
S3150801E310F7BD0000481002A8680102A80C0002A86F
S3150801E32080E200E0AC3F0000443E0000883E000069
S3150801E330083F0000FEB500245E490C730094FDF702
S3150801E34039FBFFF7C9FC5C4DE86E5C4E0007000F10
S3150801E35007280BD16868002808D40020FEF7D0FCEE
S3150801E360306857490860FDF7D0FC52E001201027B4
S3150801E370696849070DD453490968014009D0010262
S3150801E3804C4A126D0A4208D0520502D42A68114035
S3150801E39001D1009001E04C48076046480078C00763
S3150801E3A005D521480068384001D0FDF7BBFB474831
S3150801E3B001680320009A002A01D0890900E00909A9
S3150801E3C0084001900020FEF79BFC0198002805D122
S3150801E3D06868074002D1FDF7A1FB01E0FDF791FB53
S3150801E3E000200099002903D139480068FEF7C7FEC5
S3150801E3F07169401801D5009400E000906846FDF760
S3150801E40020FC002805D10098FDF789FCB0692C4944
S3150801E410086080200005FDF761FAF7BD082002A80B
S3150801E420B00002A804C101A8B04301A8F8B5FDF7D8
S3150801E430C1FA002400252748466B80277F05300648
S3150801E44006D5300709D5FEF793FDFEF7BCF929E095
S3150801E45001251C480068284019D00020FEF750FC09
S3150801E4600220064002D01C490C60C8611B4804689A
S3150801E470002D03D02000FDF781F80400FEF778FD92
S3150801E4802000FEF7BBF93800FDF728FAF1BD0F4861
S3150801E4900078C0210140402902D1FDF732FB01E095
S3150801E4A0FDF73CFB20200B490860ECE71000001043
S3150801E4B0B46000A8883E0000440002A8BC3F0000E2
S3150801E4C0443E0000B44000A8481002A8083F0000D6
S3150801E4D01CC101A8100002A8180000AAD83F000014
S3150801E4E0FFF756F9024803494860FFF782F900BF6A
S3150801E4F0432700000000000080B5EFF305800B28D4
S3150801E50001D23A2100E02921922252000020FFF788
S3090801E5108BFBFEE78D
S30D0801E5147823FE7F01000000D7
S3110801E51C28E50108843700208100000072
S3150801E528C0EA2101C0EA210100800000005A6202FE
S3150801E538AAAAAAAA37000000300000007D440008EC
S3150801E548FFFFFFFFFFFFFFFF90820108D4FE64006B
S3150801E5580A0029000895010800000000FFFFFFFFCF
S3150801E568FFFFFFFF000000000000000000A00108EF
S3150801E578A82E0020DC37002054330020FEA201080B
S3150801E58802000000F966000800000000000000000B
S3150801E59800000000000000000B0C000054330020A6
S3150801E5A8030000009D670008000000000300000042
S3150801E5B8883300201C38002000000000883300201A
S3150801E5C8F033002058340020000000000000000045
S3150801E5D80000000000000000000000000000000024
S3150801E5E80000000000000000000000000000000014
S3150801E5F80000000000000000000000000000000004
S3150801E60800000000000000000000060000000000ED
S3150801E618000000000000000000000A0000000000D9
S3150801E6280000000004000100000000008813000033
S3150801E638FFFFFFFF000000000000000000000000C7
S3150801E6480400020000001000000000000000140089
S3150801E658020000000000000000000600000000009B
S3150801E668000000000000000000000A000000000089
S3150801E67800000000040001000000000088130000E3
S3150801E688FFFF010008000004FFFFFFFF000000006C
S3150801E69800000000FFFF0000C8A401089F2F010819
S3150801E6A8FFFFFFFF5532010851320108FFFFFFFF3F
S3150801E6B8FFFFFFFFFFFFFFFF593201086D3701080A
S3150801E6C80100000000000000000000000000000032
S3150801E6D80000000000000000000000000000000023
S3150801E6E800000000FFFFFFFFDD380108FFFFFFFFFD
S3150801E6F8FFFFFFFFFFFFFFFFFFFFFFFFCF2600001A
S3150801E708FFFFFFFF04F8FFFF0C000000000028FFC9
S3150801E718010101FF0C01FF0FFF0301006908000849
S3090801E728410800088D
S70508000B01E6
