S02B00002F55736572732F6A65636C6F7574652F53696D706C696369747953747564696F2F73616E64626F781D
S3150800000000300020353A00087D6D01087D6D010835
S315080000107D6D01087D6D01087D6D01087D6D010806
S315080000207D6D01087D6D01087D6D0108B9B2010875
S315080000307D6D01087D6D01085DB20108EFDB0108E1
S315080000407D6D01087D6D01087D6D01087D6D0108D6
S315080000507D6D01087D6D01087D6D01087D6D0108C6
S315080000607D6D01087D6D01087D6D0108B9B5000833
S31508000070019C01087D6D01087D6D01087D6D0108F3
S315080000807D6D01087D6D01087D6D01087D6D010896
S315080000907D6D0108394400087D6D01087D6D0108F4
S315080000A07D6D010845400008254000087D6D010862
S315080000B07D6D0108A95101087D5A010867AB010841
S315080000C063AB0108F15101087DAB01086BAB010870
S315080000D04D5A01086FAB0108BD5A0108255B010896
S315080000E07D6D01087D6D01087D6D01087D6D010836
S315080000F0E78501087D6D01087D6D01087D6D0108A4
S315080001007D6D01087D6D01087D6D01087D6D010815
S315080001107D6D01087D6D01087D6D01087D6D010805
S315080001207D6D01087D6D01087D6D01087D6D0108F5
S315080001307D6D01087D6D01087D6D01087D6D0108E5
S315080001407D6D01087D6D01087D6D010867EE01086A
S31508000150B13C01087D6D0108819F0108879F010850
S315080001607D6D01087D6D01087D6D01087D6D0108B5
S31508000170F0B5114A114C124E00F00105E3695F070C
S3150800018013D40DB9334213D103EA00078F4207D1BE
S315080001900B4A1A40002A0CBF00206FF00100F0BD80
S315080001A0013AEBD16FF00200F9E74FF0FF30F6E7BE
S315080001B06FF00100F3E700BF809698000000035037
S315080001C0020001000B4B70B5D96911F480310DD1CD
S315080001D001244FF48072084E084DF46020462C64C2
S315080001E01A61FFF7C5FF3464EC6070BD6FF001005B
S315080001F0FBE700BF00000350001003500020035027
S315080002004FF4803238B50E4B0E4C9A66E56941F6C6
S31508000210713315400122E3630B4B0021DA60022398
S31508000220606121202361FFF7A3FF10B92120FFF7A2
S315080002309FFF0122054BDA600DB10023E36338BD49
S315080002400090005000000350001003500020035097
S3150800025070B5134C6061E3695B071ED40E4656F809
S31508000260043B8D18A361AE420BD104230021212043
S315080002702361FFF77DFF58B9BDE870402120FFF7DD
S3150800028077BF08210846FFF773FF10B104232361DF
S3150800029070BD56F8043BA361E5E74FF0FF30F7E77A
S315080002A0000003502DE9F84315464FF48032184BE9
S315080002B089469A6603F51C33DF690646174041F6F8
S315080002C07132DA63012203F58053DFF84C80DA6075
S315080002D055B9284601220F4BDA601FB10022A3F553
S315080002E00053DA63BDE8F88306F5005404EA080407
S315080002F0A41BAC4228BF2C46494622463046FFF787
S31508000300A7FF0028E6D12644A1442D1BE0E700BF3D
S31108000310009000500020035000E0FFFFA2
S31508000320013800D0FCE770472DE9F04F93B0CDE9CE
S315080003300A32DDE91C530E9353EC102BCDE9080164
S31508000340104619468DED060B1E9E0BF0F1FF80B187
S31508000350DDE906014FF0FF32C54B0CF011F840B944
S31508000360DDE906014FF0FF326FF480130BF0EAFF68
S3150800037070B1DDE908019DED060B0E9B1E96CDE9D1
S315080003801C53DDE90A3213B0BDE8F04F00F088B916
S315080003900022DDE9060100230BF0D4FF002800F057
S315080003A03381DDE906A303F1004BCBF30A5016F4BB
S315080003B08063A0F2FF3008BF06250F930BF0E6FC1A
S315080003C09BA3D3E900230BF04BFD9BA3D3E90023A2
S315080003D00BF090FBCBF31304894644F07F5180461B
S315080003E00022A44B504641F440110BF081FB94A324
S315080003F0D3E900230BF034FD02460B464046494636
S315080004000BF078FB0BF0C6FF04460BF0BFFC8EA37F
S31508000410D3E90023804689460BF022FD0022964B3D
S315080004200BF068FB0BF0B6FF89A3D3E90023074658
S31508000430494640460BF014FD8046384689460BF07F
S31508000440A5FC85A3D3E900230BF00AFD02460B465B
S31508000450404649460BF04CFB02460B46CDE90C23B9
S315080004600BF0FEFCDDE90C2380468946104619464A
S315080004700BF040FB0022CDE91001804B404649466F
S315080004800BF018FE00227E4B0BF034FB02460B469F
S31508000490404649460BF00EFE00227A4B0BF02AFB2B
S315080004A002460B46404649460BF004FEDDE90C239E
S315080004B08046894600204FF080410BF019FB024622
S315080004C00B46404649460BF015FB02460B46DDE94E
S315080004D010010BF0EFFD07F2FF3700226A4B0BF015
S315080004E009FB00223B050BF0BBFC52465B468046E7
S315080004F089460BF045FF002840F08980CDE90C8934
S3150800050004F16303C72B34BF0427052731051BD520
S3150800051053A3D3E90023504659460BF027FF00287A
S315080005207FD051A3D3E90023504659460BF00AFF62
S31508000530002876D00027A542C6BF2C1B04F1FF353C
S3150800054000253C4646F480660E9B9F422CBF4FF022
S315080005500008A3EB070816F0020903D0002F18BFFE
S315080005604FF000083CB1DDE90C23504659460BF024
S31508000570A1FD82468B46DDE90601002200230BF029
S31508000580E1FE10B10BF100439B46DDE9080126F4B4
S315080005900063CDE90183DDE90A324BEC10AB009527
S315080005A000F07EF802465FB3DDE9091316F0200F66
S315080005B000F10105089E0CBF65204520B047DDE91E
S315080005C008010523002205930A23002CCDE90232EF
S315080005D007F1FF374FEAD473B8BF64422A4601933E
S315080005E004970A9B009419F042F90246B9F1000FE4
S315080005F006D00B9BC41A0B9B1A190E9BA34245D80F
S31508000600104613B0BDE8F08FDDE906ABCDE6002253
S31508000610404649461A4B0BF04DFD013CCDE90C010D
S315080006206EE7002D90D00F9B002B8DD0013D8BE7F8
S31508000630FB799F501344D33FB3C8608B288AC63FC3
S3150800064061436F63A787D23F71A379094F930A4025
S315080006501655B5BBB16B0240EF39FAFE422EE63F9E
S315080006602D431CEBE2361A3F0000000080842E4121
S31508000670FFFFEF7F0000F83F0000E03F00002C403E
S3150800068000002440000018400000F03F2020DDE96B
S315080006900913089DA8470134ADE700BF0000000014
S315080006A02DE9F04F5BEC10AB97B0CDE90501DDE91C
S315080006B02057CDE90723504652465B465946229EA7
S315080006C00BF036FE70B90323CDE902760193B04BE1
S315080006D00093DDE90501DDE9072318F0E8FF17B007
S315080006E0BDE8F08F4FF0FF326FF48013504659463D
S315080006F00BF028FE28B10423CDE902760193A54B19
S31508000700E6E74FF0FF3250465946A34B0BF038FE4A
S3150800071068B1A24A06F00403002B08BF0322A04BC7
S315080007201CBF13460422CDE902760192D0E7504653
S3150800073093A3D3E9002359460BF022FE38B992A3B6
S31508000740D3E90023504659460BF0FCFD68B1DDE9B4
S315080007500723DDE905014BEC10ABCDE921762095A1
S3150800076017B0BDE8F04FFFF7DFBD00220023504663
S3150800077059460BF0E7FD002800F09A805B46524682
S31508000780002000210BF0B4F9012382468B46099319
S3150800079016F4806400F08E80092D40F28E800024C5
S315080007A030210EABA5F109020134202C03F8011BF8
S315080007B0A5EB040901D09442F6D1594650460BF0F0
S315080007C0E9FD784B054603EBC90393ED007B8DEDF8
S315080007D00A7B0BF0DBFA02460B46504659460BF0ED
S315080007E087F9DDE90A230BF03BFB02460B46CDE908
S315080007F00C230BF0F7FD80460BF0B8FA02460B46C1
S31508000800DDE90C010BF074F902460B46CDE90C2321
S315080008100022654B0BF0B4FD002851D008F1010801
S3150800082040460BF0A3FA02460B46DDE90A010BF037
S3150800083093FD10B14FF000080135B9F1000F50D102
S3150800084028460BF0A3FA02460B46504659460BF0CB
S315080008504FF90022544B804689460BF073FD30B1A0
S31508000860002240464946504B0BF08AFD10B1E80776
S3150800087000D501350A210EAB1A19202C0AD095FB92
S31508000880F1F001FB1055303502F8015B01340546DD
S315080008900028F2D106F00302012A57D1002F55D0BD
S315080008A0099A12B916F00C0F00D0013F302245E024
S315080008B009906DE74FF006097FE7A94600247CE713
S315080008C00022DDE90C01384B0BF03CFD0028B4D1C1
S315080008D0B8F1000F02D018F0010FAED008F10108E8
S315080008E0ABE70A210EAB2344202C0ED0B8FBF1F05F
S315080008F001FB1082B8F1090F02F1300209F1FF3944
S3150800090004F1010403F8012B11D83021A1440EAAE1
S31508000910202CAFD0A14504F101030AD11C4609F1E8
S3150800092058030DEB03092E2309F8203CA2E780465D
S31508000930DAE7A1541C46EBE71A550134A74205D954
S31508000940202CF9D1CDE902760194C1E6202CF9D004
S31508000950099A3AB12D2104F158026A4402F8201C7A
S315080009600134EFE7710704D504F158022B216A44D4
S31508000970F4E73207E6D504F1580220216A44EDE788
S315080009800000000065CDCD410000000065CDCDC159
S31508000990C9F20108CDF20108FFFFEF7FC0F2010896
S315080009A0C5F20108D8F201080000E03F0000000087
S315080009B02DE9F04F2DED088BDFF854B28A4CDBF8A1
S315080009C0005AF1B0ABF570479DB916F03BFA16F030
S315080009D03AFA8649206817F04AFE2846834919F0EC
S315080009E062F801238BF80C3A71B0BDEC088BBDE8B0
S315080009F0F08F092D12D816F025FA16F024FADBF82E
S31508000A00002A0A237A49206817F031FE0A23DBF800
S31508000A10002A7749002019F046F8E2E716F012FA9C
S31508000A2016F011FADBF8002A7249206817F01FFE43
S31508000A300020DBF8002A6F4919F035F8DBF8006A60
S31508000A409EB901238BF80C3A16F0FCF916F0FBF95F
S31508000A506949206817F00BFE6749002071B0BDECA4
S31508000A60088BBDE8F04F19F01EB8642EB1463D4616
S31508000A7028BF4FF064093A4600236049D2ED9F7AB1
S31508000A80FDEEE77A01339945E1EC017A02F5207229
S31508000A90F4D14A4601215A4819F03FF9012E594A1C
S31508000AA040F08D8000264FF4207AB046544B0093D0
S31508000AB0009A12F8013B009253B1B04507D04FF4A3
S31508000AC020720AFB08710AFB067019F031F9013623
S31508000AD008F10108C145EBD1092ECBF8006A19DCEB
S31508000AE016F0B0F916F0AFF90A23DBF8002A4649E2
S31508000AF0206817F0BCFD0A23DBF8002A42490020CB
S31508000B0018F0D1FF00220323114604208BF80C3A73
S31508000B100AF07AFC9BF80C3A012B95D0DBF8006AB0
S31508000B20092E91D997ED9F8A4FF0000801274FF0BB
S31508000B300009DFF8E0A0F0EE487A9AED008A78EE30
S31508000B40677AF0EEE77A17EE900A0BF031F902466B
S31508000B500B46404649460AF0CDFF0137BE4280465D
S31508000B6089460AF5207AE6D130460BF0FFF80246A8
S31508000B700B46404649460BF09DFA15F009FE08EE6D
S31508000B80100ADFED229AF0EEC87AF4EE697AF1EEF1
S31508000B9010FA41D903221E4B83F80C2A002204209E
S31508000BA0114671B0BDEC088BBDE8F04F0AF02CBCBD
S31508000BB063B901334B4502F10402F9D172E7012307
S31508000BC04FF0000EDFF838C009F1FF369E42F0D02C
S31508000BD052E90110411A1829EBDD5168401A182804
S31508000BE0C8BF0CF803E0E4E7B05700208D2F0208D1
S31508000BF0C92F0208F62F020863300208286D002064
S31508000C00558501202C6D002019300208FFFF7F7FD3
S31508000C105C60012058750020D54900238A46D54ACC
S31508000C20D2F87C0201339E4241F8040B02F5207289
S31508000C30F6DC0422D04B3146CD4819F0F1FF701E80
S31508000C400BF0A4F8C6A3D3E900230BF009F941EC8D
S31508000C501A0BB0EE4A0AF0EE6A0A02F0E5FC51EC0D
S31508000C60100B0BF097FBB0EE4A0AF0EE6A0A8046C4
S31508000C7002F05AFC51EC100B0BF08CFB8045074632
S31508000C8002D0864200F336810AEB8808D8ED007A4E
S31508000C90B0EEE77AB4EE697AF1EE10FA3FF67AAF7B
S31508000CA038EE088A38EE278AF0EEC87AF4EE697AC2
S31508000CB0F1EE10FA3FF66EAFDFEDB07AB4EE678A62
S31508000CC0F1EE10FA0DF1300848BFB0EE678AC1465A
S31508000CD000279FEDB19ADBF8006ABE4240F3A68171
S31508000CE0642F40F05B81132E40F3D981C14600245E
S31508000CF00025002759F8040B0BF05AF802460B4654
S31508000D00204629460AF0F6FE00970137BE420446F9
S31508000D100D46EFD130460BF039F802460B46CDE9C1
S31508000D200401204629460BF0C5F915F031FD0024CB
S31508000D3009EE100A00254FF0000958F8040B0BF0CD
S31508000D4037F8064619EE100A0F460BF031F8024638
S31508000D500B46304639460AF0CBFE02460B460BF0E8
S31508000D607FF802460B46204629460AF0C3FE009A3B
S31508000D7004464A450D4609F10109DED1DDE9042399
S31508000D800BF098F941EC100B15F0A2FE51EC100B84
S31508000D9015F0FEFC4FF000099FED737B0AEE100A72
S31508000DA0CA468DED027BC846DFED7BAA46469FED17
S31508000DB06E7B132EB8BF13268DED087B8DED067B53
S31508000DC0133EA8EB06077B1C0B930CAB03EB8607BD
S31508000DD0464540F340810B980AF0D8FF04460D4675
S31508000DE002460B46DDE906010BF064F92246064683
S31508000DF00F46DDE908012B460BF05CF9324604463E
S31508000E000D463B46304639460BF02AF802460B4655
S31508000E10204629460AF06CFE02460B4643EC1B2B7D
S31508000E20002200230BF0ACFA002800F03281B0EE65
S31508000E304B0AF0EE6B0A15F04BFE51EC100B15F051
S31508000E40A7FC08EE900A18EE900A0AF0B1FF0B46C6
S31508000E500246DDE902010AF04DFEF5EE007AF4EEEF
S31508000E60E78AF1EE10FACDE9020108F1010340F133
S31508000E7013810AF1010AD145B8BFD146009A424505
S31508000E8040F0E780DDE90423DDE902010BF012F901
S31508000E9015F07EFC3A4B08EE900A3A48B9F11D0F58
S31508000EA0C8BF1846B0EEC99AB4EE699AF1EE10FAC0
S31508000EB0354D0ED8B0EECAAAB4EE69AAF1EE10FA0C
S31508000EC007D8F0EEE87AF4EE697AF1EE10FA40F215
S31508000ED0EE8015F0B7FF15F0B6FF2C4B2C491868B5
S31508000EE017F0C5FB2A49002018F0DDFD032385F815
S31508000EF00C3A53E640460AF049FF02460B4651ECC7
S31508000F001A0B0AF0F5FD0AEB8808CDE90001D8F8B6
S31508000F1000000AF04DFFDDE90023804689460020DF
S31508000F201C490AF0E5FD02460B46404649460AF0CA
S31508000F3097FF0AEB870A8046DAF8000089460AF026
S31508000F4037FFDDE900230AF08BFF02460B464046D1
S31508000F5049460AF0CFFD15F01BFC07EE900A97E606
S31508000F60666666666666EE3F0000000000000000E2
S31508000F70B86E00205C7000204B9F010800002042DC
S31508000F80742F0208722F02085C600120B0570020F7
S31508000F90D53002080000F03F0000000005F59C71FE
S31508000FA02A468C4600235FED047A05F59E705CF8A8
S31508000FB004EFBEF1000F04D092ED007A77EE877A3F
S31508000FC0013304329042F2D1012B07DCF0EE497A64
S31508000FD0E9EC017A013705F520757EE607EE103A49
S31508000FE0B8EEC77A2A46C7EE878A1FED157A51F8F2
S31508000FF004CFBCF1000F05D0D2ED007A77EEE87A7F
S3150800100007EEA77A04329042F1D1013B00EE103A7E
S31508001010B8EEC00A87EE000A15F038FDB5EEC00A2C
S31508001020F1EE10FAD2DDC8EE807AD1E7002E3FF74E
S315080010305AAE15F007FF15F006FF8149206817F02C
S3150800104016FB00207E4918F02EFD03238BF80C3A78
S31508001050A4E59846AAE657F8040B0AF0A9FE044642
S315080010600D4602460B46DDE906010AF043FD224617
S31508001070CDE906012B46204629460AF0F1FE02462E
S315080010800B46DDE908010AF035FD0136CDE9080110
S315080010909EE6F0EE6A8AD6E64FF0000AEEE6DFED47
S315080010A0698A6948B0EE68AAB0EE689AFAE66749AE
S315080010B018F053FE002840F09780B2EE047AF1EE5D
S315080010C0047A48EE877AB0EEE77AB4EE697AF1EEFA
S315080010D010FA7ED838EE278A5D4BDFED5E7A93EDFF
S315080010E0017A37EE277AF7EE007A37EE276A93ED1C
S315080010F0020AC7EE066A38EE408A77EEE67A08EE06
S31508001100260A67EE877AC3ED017AF0EEC07AF4EE26
S31508001110697AF1EE10FA83ED020A3FF63BADF1EE7D
S31508001120047AB4EEE70AF1EE10FA6BD4DFED4A7AE8
S31508001130B4EE670AF1EE10FA37FE800AB8FE400AE6
S31508001140FDEEC07A17EE903A412BA8BF4123052B36
S31508001150B8BF052307EE903AB8EEE70A0BF5216308
S3150800116083ED000A02233D4C3D4A3E493E488BF832
S315080011700C3A3E4B84ED000A0BF0D6FE21460422BB
S3150800118001200CF0A5FE04220446374910460CF04F
S315080011909FFE04223249044005200CF099FEE4B271
S315080011A004223049044006200CF092FE04222F49FE
S315080011B0044007200CF08CFE2D4E04B128BB15F018
S315080011C041FE15F040FE2B49306817F050FA2949C0
S315080011D089E615F037FE15F036FE254B26491868C0
S315080011E017F045FA24497EE615F02CFE15F02BFE7D
S315080011F01F4B2249186817F03AFA2049002018F0C0
S3150800120052FC69E7B0EE670A98E715F01BFE15F081
S315080012101AFE9BF80C2A1A49306817F028FA9BF828
S315080012200C2A1749002018F03EFC15F00BFE15F0A5
S315080012300AFE1449306817F01AFA12490DE400BF7D
S31508001240AD300208000000007B2F0208722F02084A
S3150800125050700020CDCCCC3D000082425C7E01203F
S31508001260507E01204C7E0120547E0120487E0120BC
S31508001270B05700204B310208043102082731020812
S3150800128079310208B63102081A4A107870B35368E1
S315080012906BB330B4946834B3174890F8222072B10F
S315080012A000211D781846013115B95D78954204D09C
S315080012B08C4203F11403F4D1002030BC7047194660
S315080012C090F800C004EB840403E0A24201F1140183
S315080012D0F2D013F8220005320128F6D14D680846E7
S315080012E06545F2D1E9E7204630BC70477047184695
S315080012F0704700BFA8360020B888012010B50D4CED
S31508001300237883B90C4B93F82220012A06D01A7841
S315080013100A4B0E2053F8223013B910BD084B1B6830
S315080013200020E36010BDFFF7AFFF08B18368F7E759
S31508001330212010BDA8360020B88801200488012085
S3150800134094FC0108C0F30732C0F30741C0F3075302
S3150800135012F00E0003D002F00F02013AD0B211F0DB
S315080013600E0F04D001F00F0101390844C0B213F082
S315080013701E0F04D003F01F03013B1844C0B2704788
S31508001380434A2DE9F041536D166FC3F3071706F06C
S315080013900F04C6F30425E21EC6F3031E2A4472444C
S315080013A0D2B2904228BF1046C3F30311C6F30726EC
S315080013B0002867D017F00E0F5FFA83F803F00F0CBA
S315080013C04FF00102034602D109E0914207D90132E2
S315080013D0013BD2B2F9D14FF4881C120334E018F05D
S315080013E00E0F4FF0010102D10AE08C4508D90131F0
S315080013F0013BC9B2F9D1090441F4801C120323E068
S3150800140016F01E0F08BF4FF4801C11D04FF0010CC8
S3150800141001E065450AD90CF1010C013B5FFA8CFC29
S31508001420F7D1090441EA0C5C12030DE04FEA0C5CA3
S315080014308C4202D810E08C420ED00131013BC9B271
S31508001440F9D14CEA014C12034CEA020C00F03F00B9
S3150800145040EA0C00BDE8F081964502D8F1E79645CA
S3150800146004D00132013BD2B2F9D1EAE74CEA014C89
S315080014704FEA0E324CEA020C00F03F0040EA0C003C
S31508001480BDE8F0814FF480524FF4881CDCE700BFBA
S3150800149000C000B8002210B584B0CDE9012203923D
S315080014A0A0B1B0F5803F03460ED3B0F1807F2CBFC4
S315080014B0202218220B4801A9C06A8DF8042002933D
S315080014C018F06FFE04B010BD1022F3E7054C01A911
S315080014D0E06A18F064FE0028F4D1029BA36004B009
S315080014E010BD00BFB888012000202DE9F0413B4E11
S315080014F03B4C328BB6F87C30013A7261B4F84C201A
S31508001500618E30611344E06A84B0E1867367C6F879
S31508001510881018F0A2FEE76A002F3FD0A1886388DA
S315080015208B4205D038460EF00FF9054660BB618838
S3150800153038460EF009F9054630BB94F82130E3B970
S3150800154094F85D30CBB1D6F88C30B3B1326AA06A64
S31508001550E36802EB400103F51C52103291420CD8A5
S31508001560D6F88C201344A3EB0008384618F09EFEE4
S31508001570A8EB0000B0F57A7F15DA002238466188B4
S3150800158018F019FD05461DB1284604B0BDE8F081DE
S315080015901CF0A2F8284604B0BDE8F08122252846AA
S315080015A004B0BDE8F0812B46D6F88C208DF804509F
S315080015B0ADF80C508DF80E50E568316A2A44A56AD4
S315080015C00A44154438466A4661880295CDF8008073
S315080015D018F0F3FC0546002DD6D1D9E7A836002029
S315080015E0B888012070B582B0002940D0244A054643
S315080015F00E460DF0E9FE044610B1204602B070BD55
S315080016003146284618F06BFD4FF6FF73984203D013
S31508001610014628460EF098F81A4E337C5BB34FF411
S31508001620C073194ACDE9002328464FF0FF324FF020
S31508001630FF3318F051FD04460028DED1284618F07D
S315080016409EFD0328014612D0284618F0AFF9044635
S315080016500028D2D12846B6F912100EF08DF80446A5
S315080016600028CAD128460EF0A3F87082C5E72124BF
S31508001670204602B070BD4FF0AB424FF4D973D1E7A4
S31508001680F9D20108B88801206CC401002DE9F0419F
S3150800169084468E4604460D4690F82060C769BEE823
S315080016A00F00ACE80F00BEE80F00ACE80F009EE89C
S315080016B007008CE80700E76195F820108CB0B14266
S315080016C00BD0B9B937B3384617F076FC684607F039
S315080016D001FF95F820600023E36184F82060E9693A
S315080016E021B1E06910B1B20018F022FB00200CB05D
S315080016F0BDE8F0813846890017F0ADFD804668469A
S3150800170007F0E8FEB8F1000F06D0C4F81C8095F87B
S315080017102060E2E73E46DEE71920E76184F82060AC
S31508001720E5E700BF2DE9F041144E8CB07368FBB1B4
S31508001730B2686F46A2B100246F462546A0461A191C
S315080017401069013540B117F037FC384607F0C2FE7C
S3150800175073681A19C2F81080B2681434AA42EED80F
S31508001760184617F029FC384607F0B4FE00237360C4
S315080017700023B36033700CB0BDE8F081A8360020B2
S315080017802DE9F043624D01220021E86A89B018F07C
S3150800179007FC00205F4CB5F84C20238BA988013B39
S315080017A06361B4F87C302061134463676B882A8EC2
S315080017B08B42C4F8882003D0E86A0DF0C5FF698813
S315080017C0E86A0DF0C1FF278B002F6BD0A36FB3F526
S315080017D0806F67D8EB7D002B40D14FF0000CB5F831
S315080017E04C6095F85000B4F87C9095F854E007F1F1
S315080017F0FF3819464EB1F11889B21A4601339BB221
S315080018002244994282F89000F7D1C44517DB0B466B
S315080018100CF1010C6745ECD1298EE86AA98618F007
S315080018201AFD0123B4F878203B49E86A18F0EDFC64
S31508001830A36F984217D0012009B0BDE8F083B9F12B
S31508001840000FE4D009EB01039BB20A46013189B2C5
S3150800185022448B4282F890E0F7D1D9E7AA6904239B
S31508001860C4F89020B9E795F82120FAB12B4A276ADF
S3150800187095F8206005AB07CA83E80700ADF81A702B
S3150800188036B3721ED2B295F85D108DF8162011B1D6
S31508001890D4F8902462BB00226988E86A009218F09E
S315080018A086FBC9E7212009B0BDE8F08395F85D30CD
S315080018B013B1D4F890346BB9002201246988E86A18
S315080018C005AB00920592ADF8184018F06EFBB3E729
S315080018D00322D8E7EB68D4F89014009219440591CE
S315080018E0E86A698805ABADF8182018F05EFBA3E72F
S315080018F00022E968D4F8904400930C44E86A6988A1
S3150800190003AB01920394ADF8102018F052FB93E74D
S31508001910B8880120A836002038370020D03F0208B2
S3150800192052B370B505460E4614460021012218F03A
S3150800193037FB314628460DF007FF31460022284678
S3150800194018F039FB0D4A0E4B9268284662615A6CAC
S3150800195000212260DA6C62605A6BA3F58043A260AC
S31508001960D3F81C21E260D3F83C3101222361268397
S31508001970BDE8704018F014BB704700BF00C000B83F
S31508001980008001B830B52C4D8DB095F85D30002B30
S3150800199045D12A4C686C30B117F00EFB684607F043
S315080019A099FD00236B64D4F8940438B117F004FB4E
S315080019B0684607F08FFD0023C4F89434D4F89804D9
S315080019C038B117F0F9FA684607F084FD0023C4F821
S315080019D09834D4F89C0438B117F0EEFA684607F044
S315080019E079FD0023C4F89C340CF01AFFD4F8A0043F
S315080019F048B117F0E1FA684607F06CFD0023C4F811
S31508001A00A034C4F8A434FFF78DFE0CF0A1FF0C48EF
S31508001A1017F0E5FC002384F8B8340DB030BD012278
S31508001A200021E86A18F0BCFA044C0028B2D185F8FF
S31508001A305D0084F87000ADE7B8880120A83600205C
S31508001A40503B0020002800F086802DE9F047054627
S31508001A501DF00AF9404C81461DF0FDF8636D23F030
S31508001A60040363651DF0F2F81DF0F5F83B4B5A6C5C
S31508001A7000225A641DF0EAF84FF00043384A136210
S31508001A8000BF00BF02F58052136202F5903213615F
S31508001A9000BF00BF4FF08043324F13610A2128462A
S31508001AA018F00AFCD7F8A034DFF8C080D3F800A0F5
S31508001AB01DF0D1F8636CC4F844A01DF0C7F8D7F838
S31508001AC0A034294ED3F804A01DF0C5F8E36CC4F879
S31508001AD04CA01DF0BBF8D7F8A034D3F808A01DF029
S31508001AE0BAF8636BC4F834A01DF0B0F8D7F8A03480
S31508001AF0DC681DF0B0F8D8F81C31C8F81C411DF098
S31508001B00A5F8D7F8A0341C691DF0A5F8D8F83C311B
S31508001B10C8F83C411DF09AF848461DF0A0F8336B0A
S31508001B20284699B2736318F096FBF18E284618F08A
S31508001B3094FBB18873888B4204D12846BDE8F047E8
S31508001B400DF002BE28460DF0FFFD28467188BDE857
S31508001B50F0470DF0F9BD7047008001B800C000B825
S31508001B6000D000B8A8360020B8880120004001B887
S31508001B702DE9F04F8A4291B09DF86880C0F0308117
S31508001B809B46002B00F02C81B8F1000F00F028814D
S31508001B90BF4C8A46E36A914620700293FFF7AEFB74
S31508001BA0002840F02181BB4DE9688A68D689178AE2
S31508001BB0B14507D3BA4505D8564538BF56464F45A9
S31508001BC028BF4F46BE4200F20B81E06AFFF70AFDC6
S31508001BD00146002840F0088184F80680A7EB06082D
S31508001BE0E862C5F8BC04C5E90900C5F8C0041FFACF
S31508001BF088FAA9480AF101032022C0E90111C0E9BF
S31508001C000311C0E905111FFA83F91C30A4F84CB07A
S31508001C106680A780A5F8189018F07FF80022029829
S31508001C20AA66002800F0E780B9F1000F00F0D88016
S31508001C3018F06CFAE861002800F0D6809749B4F8E5
S31508001C405220B1FBF0F1013A0A44B2FBF1F21BFA59
S31508001C5082FC01FB0CFC92B2BCF1270FC5F8801080
S31508001C60A5F87C2009D801F1270BBBFBF1FBABEBF0
S31508001C70020B1FFA8BFBA4F84CB0B4F85630002BB5
S31508001C8000F0B68003F1FF3C8C44BCFBF1FC5FFA24
S31508001C908CFC85F885C0B4F84EC0DC4505D30CF13C
S31508001CA0010C1FFA8CFBA4F84CB01AFB02FA19FBBC
S31508001CB00BF3E27D1FFA8AFA1AFA83F303EB82031F
S31508001CC0A268AB67002A00F0988095F884C0DFF810
S31508001CD0D0E1B4F85A200EFB0CFC0EFB02F2B2FB64
S31508001CE0F0F2BCFBF0FC94F85C00184401FB0022FF
S31508001CF062442A62B4F84C209A4271D80020E17DE9
S31508001D0095F885C0DDF80890CCEB810C02EB8101D3
S31508001D105B1A99B2624461F30F0062F31F40C4E98B
S31508001D200C00484618F097FAE18E484618F095FADE
S31508001D304846B5F8781018F0CDF9237CAA6F002B21
S31508001D406DD10CF06DFD2B8B002B49D0D5F8A00476
S31508001D50C3EBC3034FEA830A002800F08680514686
S31508001D6017F079FA834604AB1846039307F0B2FBDB
S31508001D70BBF1000F00F08980C5F8A0B452460021D7
S31508001D80584617F0CAFF2B78C5F8A4A4002B58D0DC
S31508001D90FFF77AFA40B3016931B3828996421FD3B5
S31508001DA0C389BB421CD3B61A1C22584602FB06112D
S31508001DB008FB022217F0BCFF257D012D72D0022DEB
S31508001DC000F0A080002D00F09780237C002B40F0C7
S31508001DD09E8001220021029818F0E2F8002000E017
S31508001DE0212011B0BDE8F08F012011B0BDE8F08FB9
S31508001DF04FF0030C4DE72220F3E704A90298CDE93A
S31508001E000422069218F0CBF9059B9DF810C0A36032
S31508001E10E869AB6FD5F8801085F884C057E7E37D8D
S31508001E2094F85C000193B5F87C3010440093B4F83C
S31508001E304C302A8BA17980B20CF03EFC002882D067
S31508001E40CFE79946D5F8A0241FFA89F33146C3EBA4
S31508001E50C3030136029802EB8302B6B2FFF760FDB0
S31508001E60B74209F10109EDD2A6E7504616F097FFE9
S31508001E7004ABC5F8A0041846039307F02BFBD5F866
S31508001E80A0B4BBF1000F7FF479AF1920A9E700BF12
S31508001E90B8880120A8360020D436002000127A001F
S31508001EA040420F000025606C84F84050E56328B175
S31508001EB017F082F8039807F00DFB6564A07D800093
S31508001EC016F06DFF03460398636407F003FB636C23
S31508001ED0002BDAD01CF0BFFE00220E4B596C5A6458
S31508001EE01CF0B4FE4FF000430B4A136200BF00BF5C
S31508001EF002F58052136268E71CF0ADFE054B5A6C7A
S31508001F005D64EDE7607DFFF73BFAA063E2E70CF05E
S31508001F1087FB5EE700C000B800D000B800232DE9B3
S31508001F20F04F2DED048B1D469FEDCD9ADFEDCD9A32
S31508001F309FEDC98BA3B0DFF850A3DFF848838DF86F
S31508001F402B304FF0FF33C849DAF830050DF12B0274
S31508001F501CF097F805238AF838359AF8C83485B1FD
S31508001F607BB908238AF878350423C049CAF880352E
S31508001F709DF82B204FF0FF33DAF8E0051CF04DF8FA
S31508001F80DFE7072B00F26186DFE813F0F60097001B
S31508001F90580148004D012401800108000723012249
S31508001FA00021D8F82C008AF8783517F0F9FF18B907
S31508001FB08AF8700088F85D00042300258AF8383509
S31508001FC09AF8C834CAF88005CAF84005032B00F009
S31508001FD07081052B3DD04FF0FF339DF82B20A34988
S31508001FE0DAF8E0051CF019F89AF8C834022B40F024
S31508001FF05C819AF83835032B4AD00022CAF88C201F
S31508002000022B9ED198F85D3023B198F81030002B3A
S3150800201000F05E810023CAF8903492E79449DAF812
S31508002020D034D1E90221002B00F05881540102F086
S31508002030806040F14484DAF82C000130CAF82C009C
S31508002040CAF840358B4BC3E9022102238AF8383592
S3150800205000259AF83835052B00F08A80042B40F2C3
S315080020602A814FF0FF300121834A0CF089FC9AF847
S3150800207038350028BFD0032BBFD1192800F04B8470
S315080020807C4B83ED028B0023CAF84035CAF85035DD
S31508002090DAF8E84924B10CF0D9FBDAF8E014A047DD
S315080020A00CF0D2FB98F85D30002B40F009819AF8C5
S315080020B03835022B7FF445AFACE701238AF878352B
S315080020C0DAE912321344DAF850201344DAF85420C5
S315080020D01344DAF858201344DAF85C201344DAF883
S315080020E060201344DAF864201344DAF8BC24CAF8EA
S315080020F02420DAF8C024CAF82820D21800F0EB8089
S3150800210007EE903A07EE102AF8EE677AB8EE477AA5
S31508002110C7EE876A66EEA97ACAED1A7A0CF0A0FBB2
S31508002120DAF8A4340344D8F83C00CAF86C3008B18D
S31508002130FFF708F98AF87100DAF8E40518B1DAF851
S31508002140E405FFF7FFF84D498AF872005C2201F5AD
S31508002150AD6017F0EDFD0023CAF8DC359AF8C834EF
S31508002160032B7FF436AF9AF83835052B7FF476AF14
S315080021700023CAF88C30E4E616A807F0ABF9002766
S3150800218001229AF8D0348AF838758AF84035CAF8A0
S315080021904425CAF8B0258AF87875002B00F0138113
S315080021A0934240F00881BC46354C364E8AF8803555
S315080021B00FCE0FC40FCE0FC496E8070084E80700B9
S315080021C0CAF8B07516A8CAF844C507F083F99AF88C
S315080021D0C834C5E72649DAF8D024D1E90231059191
S315080021E0002A00F00481D80303F4803140F1BB8053
S315080021F0DAF848100131CAF84810CAF868251D4AA5
S3150800220013631346059A83ED028B5A630023032250
S31508002210CAF840358AF83825AAF84435CAF8503538
S31508002220AAF8643514E704238AF87835FFF75CF9C9
S3150800223001259AF8C834CAF8800591E702238AF876
S315080022407835FFF79DFA01259AF8C834CAF880054B
S3150800225086E700BFAFF30080000000000000000022
S31508002260000000000000C842703B0020203C00200F
S31508002270783B0020E83B0020E03B0020C0360020E9
S315080022802C3C0020B8880120A8360020062398F8A0
S315080022905D508AF8783555B324230122CAF880356B
S315080022A08AF83825CAF8403595E6042B3FF4A1AEDE
S315080022B0CFE69AF83835BB4A02EB8303D868D2E6EC
S315080022C0FFF712F90446002859D19AF8383597E6E7
S315080022D0FFF756FA35E6F0EE497A1DE7CAF84035B3
S315080022E0B14B83ED028B02238AF83835B0E6AF4B43
S315080022F0202203F11C002946C3E90255C3E9045507
S31508002300CAF8BC54CAF828509D61C3E90055CAF8F2
S315080023102450CAF8C05417F000FD98F814308AED16
S315080023201A9A012B00F065830022012598F81010EF
S31508002330CAF8E4258AF8722088F85D508AF8705041
S31508002340002900F0E582A94240F0D682FFF7CCF8D2
S3150800235001229AF8C8341546CAF88005CAF8400515
S315080023608AF8382532E6059800F48000014300F023
S31508002370B182DAF84C100131CAF84C103DE7002357
S315080023808B4816A9169316F0CAFF00289DD1052278
S315080023900026002716990346C1E904678C60886100
S315080023A00A700246DAF830051BF037FE169980489F
S315080023B016F0CEFF89E7212308229C468AF878255D
S315080023C0CAF88035FEE67B498AF8803501F1600057
S315080023D0FFF75CF9CAF8B005002800F0D7829AF82A
S315080023E07835002B40F08182DAF8B0C5EAE6069324
S315080023F0DAF8E034D8F82C9004930CF02DFA022180
S3150800240083460BAA484617F01EFF0646002800F02A
S31508002410BB805A46CB4691460795584666490BAA4D
S3150800242017F01DFF98F81730BDF82E40C3B1D8F83D
S315080024301C30DAF8E805002B00F0158298F8201011
S31508002440002900F010821A68013209D003EB8101D5
S3150800245002E0994200F0078253F8042B8242F8D131
S31508002460314610AA584617F0F0FE109B31465846DA
S31508002470CAF88C3017F0EDFE049B002B40F026813D
S31508002480494B83ED028B4FF003038AF83835002356
S31508002490CAF84035AAF84435CAF85035AAF864355A
S315080024A0002C40F0FF800024DAF89434ABB1BAF877
S315080024B01800800016F073FCCAF8480516A807F03D
S315080024C009F8DAF84805002800F0C981BAF8182092
S315080024D0DAF89414920017F02BFCDAF89834ABB1BA
S315080024E0BAF81800C00016F05AFCCAF84C0516A827
S315080024F006F0F0FFDAF84C05002800F0AE81BAF8CD
S315080025001820DAF89814D20017F012FCDAF89C347E
S3150800251093B1BAF8180016F042FCCAF8500516A886
S3150800252006F0D8FFDAF85005002847D0BAF8182080
S31508002530DAF89C1417F0FCFB1B4B83ED0C8BBDF8EB
S315080025405430AAF860359DF94E30AAF856359DF8EC
S315080025504F308AF85835109BCAF85C35002C3FD1A5
S31508002560BAF81830CAF86845AAF8643598F81430E5
S31508002570012B6DD0022158460BAA17F064FE0646B9
S3150800258000287FF44AAF079D9AF838259AF8C83488
S31508002590052A40F05183032B7FF41BAD0023CAF8AC
S315080025A08C30CEE4D03F0208E83B0020D436002029
S315080025B0503B0020B8880120903C0020CC4B83ED8E
S315080025C00C8BBDF85430AAF860359DF94E30AAF840
S315080025D056359DF84F308AF85835109BCAF85C3541
S315080025E0DAF8400538B116F0E7FC16A806F072FFCF
S315080025F00023CAF84035DAF8480538B116F0DCFC8D
S3150800260016A806F067FF0023CAF84835DAF84C051D
S3150800261038B116F0D1FC16A806F05CFF0023CAF8FC
S315080026204C35DAF8500538B116F0C6FC16A806F08F
S3150800263051FF0023CAF8503500231924AAF8443557
S31508002640AAF8643598F81430CAF86845012B91D170
S3150800265098F8403098F81660B3428BD2D8F84450B0
S31508002660002D00F08F81DAF8E42545F823200133A0
S31508002670DBB29E4288F840303FF67CAF002705EB78
S31508002680860455F8040BFEF75DFEA5420744F8D10B
S3150800269007EB5600B0FBF6F0C0B2FEF771FEC8F8BD
S315080026A03C0067E72046AAF8444516F078FBCAF8C6
S315080026B0400516A806F00EFFDAF84005002800F0D7
S315080026C0D08022468B4917F033FBECE6BAF818306F
S315080026D093B300252A460CE0D9F80030013503EB00
S315080026E082034FF001021A72BAF81830AAB293425E
S315080026F022D998F817E0BAF87CC0B8F84E70B8F83E
S315080027004C6098F850302146CDE902CECDE90067F5
S3150800271078481BF067F8ABB203EB43021346002870
S31508002720DAD1D9F80020013502EB8302BAF818305D
S315080027301072AAB29342DCD8DAF8940438B116F0CB
S315080027403BFC16A806F0C6FE0023CAF89434DAF84D
S31508002750980438B116F030FC16A806F0BBFE002324
S31508002760CAF89834DAF89C0438B116F025FC16A88D
S3150800277006F0B0FE0023CAF89C34BAF818008000A8
S3150800278016F00DFBCAF8940416A806F0A3FEBAF8CC
S315080027901800C00016F003FBCAF8980416A806F03D
S315080027A099FEBAF8180016F0FAFACAF89C0416A8A0
S315080027B006F090FEDAF89C34002B72D1DAF894040D
S315080027C000283FF45DAEDAF89834002B3FF458AE93
S315080027D098F806C0B7EE087A07EE90CAF8EEE76AE8
S315080027E0C6EE877AFCEEE77A17EE902ABAF8183022
S315080027F01FFA82FE002B3FF443AE0026CDE908B44B
S3150800280032463746F34603E0DAF8940498F806C0E9
S315080028100124D9F80030B5B205EB450153F821106B
S3150800282000EB85005B46CDE9017C00941BF05AF964
S31508002830DAF89424DAF8983452F8250003EBC5053B
S315080028401BF09EF92644BAF81830B2B29342C5E98D
S315080028500001D9D8DDE908B412E6012456E60124B8
S315080028603BE6012420E64FF00302214B8AF838257F
S31508002870069A83ED028B1A63059A31465A6300233A
S315080028802A225846CAF86825CAF84035AAF84435AF
S31508002890CAF85035AAF86435CAF88C3017F0D9FC4E
S315080028A068E6BAF81800002888D0D9F80020184435
S315080028B0117A0C3203F8011B9842F9D17EE702F02F
S315080028C08054204353D0DAF830000130CAF830007B
S315080028D0FFF7B6BB03F48061084300F0A180DAF87D
S315080028E050100131CAF8501087E4DAF880C569E457
S315080028F0E83B0020903C00209AF8C83488F85D2010
S31508002900CAF880558AF83855CAF84055FFF75EBBAD
S31508002910FEF736FF1CE5DAF8400520B116F04CFB49
S3150800292016A806F0D7FDDAF8480520B116F044FBDC
S3150800293016A806F0CFFDDAF84C0520B116F03CFBD8
S3150800294016A806F0C7FDDAF8500520B116F034FBD4
S3150800295016A806F0BFFDC14A9AF8383582ED028BF3
S315080029600022CAF84025CAF85025FFF744BB02F0F2
S31508002970804004435FD0DAF834000130CAF83400E6
S31508002980FFF75EBB013388F84030F3E5B449B54834
S31508002990FEF77CFECAF8B005002840F0F08098F8EB
S315080029A0004098F86030A34262D0FEF7A7FCCAF848
S315080029B0B005002800F0F780DAF8B045AA49A1F179
S315080029C06000FEF763FEFEF799FC98F80630B8F843
S315080029D00420B8F80210009398F80000B8F84C30B4
S315080029E0FFF7C6F8D8F80800FEF754FDCAF8B04550
S315080029F0F5E488F84050C8F83C508AF871501CF045
S31508002A002AF99A4B5A6C5D641CF020F94FF0004382
S31508002A10974A136200BF00BF02F58052136283E42F
S31508002A2003F48070014312D0DAF854100131CAF861
S31508002A305410FFF7E2BB01F00204204300F088803F
S31508002A40DAF838000130CAF83800FFF7F9BA03F4A3
S31508002A508051084340F0998003F44040014300F058
S31508002A60BE80DAF85C100131CAF85C10FFF7C5BB06
S31508002A70B8F86220B8F802309A4296D1B8F86420BD
S31508002A80B8F804309A4290D198F8662098F806303B
S31508002A909A428AD1D8F86820D8F808309A4284D160
S31508002AA098F8702098F810309A427FF47EAFB8F9FB
S31508002AB07220B8F912309A427FF477AF98F87420EA
S31508002AC098F814309A427FF470AF98F8752098F801
S31508002AD015309A427FF469AF98F8762098F8163040
S31508002AE09A427FF462AF98F8772098F817309A429E
S31508002AF07FF45BAFD8F81820D8F878309A427FF47C
S31508002B0054AF98F8803098F820209A427FF44DAF59
S31508002B107AB1D8F87C0000283FF447AFD8F81C10E3
S31508002B2000293FF442AF920017F0CDF800287FF451
S31508002B303CAF98F8812098F821309A427FF435AF57
S31508002B4098F8822098F822309A423FF448AC2CE74D
S31508002B5001F0200004431FD101F4807420434ED0B5
S31508002B6003F00F00022803F0F00456D0302C54D09E
S31508002B70DAF840000130CAF84000FFF761BA3A496E
S31508002B80A1F16000FEF782FD29E4DAF85810013158
S31508002B90CAF85810FFF731BBDAF83C000130CAF81A
S31508002BA03C00FFF74DBA98F8063020460093B8F86F
S31508002BB00420B8F84C30B8F80210FEF7D9FFCAF866
S31508002BC0B00500287FF4F8AED8F80800FEF762FCD6
S31508002BD00446CAF8B00500283FF401ACEEE60599AC
S31508002BE001F48071084311D002F00F01022920D0A8
S31508002BF0DAF860100131CAF86010FFF7FEBADAF8A1
S31508002C0044000130CAF84400FFF71ABADAF864102B
S31508002C100131CAF86410FFF7F0BAFEF7B1FD9AF869
S31508002C2038259AF8C834052A3FF4B5AC0025FFF7CD
S31508002C3097BAFEF759FCA7E4032B02D00025FFF745
S31508002C40C8B913460025FFF709BA08238AF8783564
S31508002C502123CAF88035FFF7BEB900BFE83B00203C
S31508002C607C3B0020B88801201889012000C000B8E4
S31508002C7000D000B810B5064C042104F5956268200A
S31508002C8006F02EFC0BF018FE012384F8B83410BDAC
S31508002C90A8360020002848D030B50446244B254DD8
S31508002CA01B680022B3FA83F301200A21E56041F28A
S31508002CB088355B096282A28284F8212084F8223052
S31508002CC08DB0A5622074A17504F060FC0422E36946
S31508002CD0A06184F82020D3B11021184616F0BBFA5B
S31508002CE00546684606F0F6FBE5B1E5614FF0FF33A9
S31508002CF02B6094F82020012A06D9013AD2B2002185
S31508002D009200281D17F009F800200DB030BD1020DC
S31508002D1016F045F803466846E36106F0DBFBE5690D
S31508002D20002DE3D119200DB030BD0120704700BF3A
S31508002D3004880120400D03002DE9F04F0546A9B08F
S31508002D409DF8C800BB4C02901CA81F460395164662
S31508002D500D4606F0BFFB94F8B834002B67D0AE4298
S31508002D6059D3002F57D0029B002B54D04FF000099F
S31508002D70DFF80C834046FFF78DFF08F16000FFF788
S31508002D8089FFAD4B20220793AC4B494614A80D93F7
S31508002D90CDE90899CDE90A99CDE90E99CDE91099B9
S31508002DA0CDF83090CDF8489016F0B7FF4FF4406252
S31508002DB02823CDE91823A24B68210A2007AA1393D2
S31508002DC01BF0EBF8C4F8300558B368210A200DAAA1
S31508002DD01BF0E3F8C4F8E00518B34946994813AA66
S31508002DE01AF012FFE8B1984B4A46C8F848009749C6
S31508002DF008F12C00C4F8C03A0CF0E6F9814638B957
S31508002E00D8F82C0008F18C010CF01CFA8146D0B1D8
S31508002E10FEF7B8FD01E04FF02109484629B0BDE8A4
S31508002E20F08F4FF00109484629B0BDE8F08F04211C
S31508002E3004F59562682006F053FB0BF03DFD01236F
S31508002E4084F8B8348BE78249D8F82C000CF044FD96
S31508002E5081460028DCD17F49D8F82C0008F1900279
S31508002E6017F0EBF981460028D2D17B4A7B49D8F87E
S31508002E702C0017F0E6F981460028C9D17849D8F818
S31508002E802C0017F0C0F981460028C1D100900346EE
S31508002E904FF480627349D8F82C0017F0B8F98146C8
S31508002EA00028B5D17049D8F82C0017F0AAF9814640
S31508002EB00028ADD10146D8F82C0017F025F96B4942
S31508002EC0D8F82C0017F004F981460028A0D16849E3
S31508002ED0D8F82C0017F0E6F88146002898D16549FD
S31508002EE0D8F82C000CF086FA8146002890D10222E8
S31508002EF04FF0FF31D8F82C0017F00CF9814600285E
S31508002F0086D10121D8F82C000CF0BAF981460028A0
S31508002F107FF47EAFFEF706FC574B4FF0000B1B689D
S31508002F20002B00F0FF80544B05E00BF1010BBBF1C1
S31508002F30410F00F0FB8053F8042B002AF5D10BF162
S31508002F40010303EB8302049392001046059215F0E1
S31508002F5026FF60601CA806F0BDFAD4F804A0BAF1F2
S31508002F60000F00F0E6800021059A504616F0D5FEBF
S31508002F704FF48072AAF800200022CAF804203F4ABB
S31508002F80049B1268A3609168CAF80820D1F80E104D
S31508002F90CAF80C10BBF1000F15D052464FF0010CC1
S31508002FA04B463548A2F814C050F8041B9361D1610A
S31508002FB089680133D1F80E105B45116202F11402DB
S31508002FC0F0D1DAF80820049B4FF0140903EB830BC1
S31508002FD03B464FEA8B0B3746049556465D469A465E
S31508002FE0CB46002A72D0F289B1898A426ED3013261
S31508002FF0521AC2EBC2024FEA8209484615F0CFFEC2
S3150800300030611CA806F066FA3069002863D00021F2
S315080030104A4616F082FEB168D8F82C00FEF7E2FAA6
S3150800302000285BD1B6F80C90F2894A453FD34B4647
S3150800303029E000BFA8360020B03F0208BC3F0208BE
S31508003040C83F02081D1F000841D301086841002037
S3150800305007001100904100204A890120D041002034
S31508003060F03F0208D0450020F43F0208F83F020866
S31508003070FC3F0208D04900200488012094FC01087E
S31508003080B8880120B389A9EB030332699BB2C3EB65
S31508003090C303494602EB8302D8F82C00FEF740FC2E
S315080030A009F10109F3891FFA89F94B45EAD2012288
S315080030B00021D8F82C0016F073FF5D4519D0636817
S315080030C003EB0B06B2680BF1140B8AE74FF02109E4
S315080030D0FEF728FB9CE64FF01909F9E7306915F069
S315080030E06BFF1CA806F0F6F900224FF001093261C1
S315080030F0EEE7049D029B2946012500933A4653466E
S3150800310003982570FEF734FD814600287FF480AECB
S315080031100BF0EAFB814600287FF47AAE1CA806F07D
S31508003120D9F97AE60123142204930EE74FF0210910
S315080031306EE64FF019096BE610B50C4882B0FFF73A
S31508003140A9FDFEF7DBF818B10346184602B010BD14
S315080031500624074BDB689B681A8AD98904230094DE
S31508003160FFF7EAFD0346184602B010BDB8880120ED
S31508003170A836002030B583B0002847D0002304467F
S3150800318001A92448019316F0CAF800283AD1234623
S31508003190019904F120050870087201F10C02D3F8B0
S315080031A000E0D3F804C09C68D8681033AB42C2F874
S315080031B000E0C2F804C09460D06002F11002EED1BB
S315080031C01C6858689B681460134C936050604FF0F5
S315080031D0FF330022D4F830051AF01FFF4FF0FF33F3
S315080031E001990E4AD4F8E0051AF04BFF01990B78BD
S315080031F033B18C68074816F0ABF8204603B030BDEB
S315080032008C6BF7E71924204603B030BD21242046ED
S3150800321003B030BD503B0020A8360020EC49002002
S3150800322070B582B000284AD00023274D044601A96C
S3150800323005F59560019316F072F8024600283AD112
S31508003240012601994FF0FF3308700E72D5F8300544
S315080032501AF0E3FE4FF0FF3301991C4AD5F8E00552
S315080032601AF00FFF01990B781BBB8D6BDDB9204651
S3150800327001F10C0301F12C06D3F800E0D3F804C0E1
S315080032809C68DA681033B342C0F800E0C0F804C09E
S315080032908460C26000F11000EED11C685A689B6811
S315080032A00460426083600A4816F052F8284602B065
S315080032B070BD8D68DAE71925284602B070BD21254C
S315080032C0284602B070BD00BFA8360020EC49002091
S315080032D0503B002070B582B0002833D000231B4D28
S315080032E0044601A905F59560019316F018F80246FB
S315080032F020BB01260199D5F830050E704FF0FF3333
S315080033001AF08BFED5F8E0054FF0FF33104A019905
S315080033101AF0B7FE019E3378012B0CBF756EB5689F
S315080033202DB95C22204606F1080116F001FD31464A
S31508003330084816F00DF8284602B070BD192528462B
S3150800334002B070BD2125284602B070BDA8360020FF
S31508003350EC490020503B0020034630B14FF4007181
S315080033600122002019809A7070472220704700BFFA
S3150800337010B5184B82B01B7C43BB174C01A904F54A
S315080033809560019315F0CBFF0246D8B94FF0020CB1
S3150800339001994FF0FF3381F800C0D4F830051AF0D0
S315080033A03CFE4FF0FF3301990C4AD4F8E0051AF0B9
S315080033B068FE019904F595608C6815F0C9FF2046EA
S315080033C002B010BD1924204602B010BD24242046A0
S315080033D002B010BDB8880120A8360020EC490020AC
S315080033E010B5194B82B01B7C012B03D02424204630
S315080033F002B010BD0023154C01A904F59560019390
S3150800340015F08DFF0246D8B94FF0040C01994FF01C
S31508003410FF3381F800C0D4F830051AF0FEFD4FF0EE
S31508003420FF3301990A4AD4F8E0051AF02AFE0199F1
S3150800343004F595608C6815F08BFF204602B010BD28
S315080034401924204602B010BDB8880120A8360020ED
S31508003450EC490020002310B5144C82B001A904F5EC
S315080034609560019315F05BFFE0B94FF0060C0199E2
S31508003470024681F800C04FF0FF33D4F830051AF041
S31508003480CCFD4FF0FF330199094AD4F8E0051AF04C
S31508003490F8FD019904F595608C6815F059FF2046EA
S315080034A002B010BD1924204602B010BDA83600206F
S315080034B0EC490020002310B5144C82B001A904F58C
S315080034C09560019315F02BFFE0B94FF0070C0199B1
S315080034D0024681F800C04FF0FF33D4F830051AF0E1
S315080034E09CFD4FF0FF330199094AD4F8E0051AF01C
S315080034F0C8FD019904F595608C6815F029FF2046EA
S3150800350002B010BD1924204602B010BDA83600200E
S31508003510EC490020704700BF0246024B0020C3F862
S31508003520E8297047A836002051EC100BC1F30A535E
S315080035302DE9F041A3F2FF350C460646132D34DC7F
S31508003540002D20DB364B0F4643FA05F801EA08033F
S3150800355003432FD030A3D3E9002308F0CBFA002287
S31508003560002308F00DFF40B1002C03DD4FF4801353
S315080035702B411F4427EA080400262346324643EC1B
S31508003580102BBDE8F08124A3D3E9002308F0B2FA92
S315080035900022002308F0F4FE0028EED0002C36DBCB
S315080035A03443E9D000261F4CE7E7332D06DDB5F591
S315080035B0806F25D041EC100BBDE8F081A3F21343D0
S315080035C04FF0FF37DF403842F4D013A3D3E9002386
S315080035D008F090FA0022002308F0D2FE0028CCD08A
S315080035E0002C334609DD142D06D0C5F13405012219
S315080035F0AA4013449E4200D9013423EA0706BCE7D1
S3150800360002460B4608F076FA41EC100BD4E7002682
S315080036104FF00044B1E700BF9C7500883CE4377E54
S31508003620FFFF0F000000F03F51EC100BC1F30A53E7
S315080036302DE9F041A3F2FF350C460646132D32DC80
S31508003640002D20DB384B0F4643FA05F801EA08033C
S3150800365003432DD032A3D3E9002308F04BFA002206
S31508003660002308F08DFE40B1002C03DA4FF48013D6
S315080036702B411F4427EA080400262346324643EC1A
S31508003680102BBDE8F08126A3D3E9002308F032FA0F
S315080036900022002308F074FE0028EED0002C2ADB56
S315080036A000263446E9E7332D06DDB5F5806F1BD0D5
S315080036B041EC100BBDE8F081A3F213434FF0FF373E
S315080036C0DF400742F4D016A3D3E9002308F012FA24
S315080036D00022002308F054FE0028CED0002C3346E2
S315080036E010DB23EA0706C8E702460B4608F002FA8B
S315080036F041EC100BDEE724F0004426430DD14FF0D1
S315080037000044BAE7142D06D0C5F134050122AA40B3
S315080037101344B342E5D20134E3E70026034CACE791
S315080037209C7500883CE4377EFFFF0F000000F0BF61
S315080037300348044B834202D0034B03B11847704732
S3150800374048B8012048B8012000000000064B074988
S31508003750C91A891048BF0131491003D0044B0BB16F
S3150800376001481847704700BF48B8012048B80120EB
S315080037700000000010B5064C237843B9FFF7D8FFC0
S31508003780044B13B10448AFF300800123237010BD26
S315080037906C80012000000000B088020808B5054BBF
S315080037A01BB105490548AFF30080BDE80840FFF79F
S315080037B0CDBF00BF00000000C04B0020B088020843
S315080037C0A3F5803A704700BF174B002B08BF134B71
S315080037D09D46FFF7F5FF00218B460F461348144A0E
S315080037E0121A16F09AFA0E4B002B00D098470D4B7A
S315080037F0002B00D098470020002104000D000D483A
S31508003800002802D00C48AFF3008009F071FA2000B6
S31508003810290015F004FF08F0E5FF00BF00000800C6
S3150800382000000000000000000030002000300020EA
S31508003830EC85012000000000000000002DE9F041A1
S315080038405D4C92B009AD94E80F0085E80F000DAA0B
S31508003850174604F1100304F1200C16461868596837
S31508003860083303C663453246F7D11868534B08A98F
S31508003870306018791BF0FEF951481BF000FA5148E0
S315080038801BF0FDF94FF4807308984F49ADF83430B2
S31508003890814228BF01460C9714F0F4FA29460225FE
S315080038A00A904A4803F0BCFE484814F093FA474881
S315080038B014F0B9FA454814F0A2FAB4F824800122A3
S315080038C004216846ADF8008013F0DDFBE78C002282
S315080038D0012101A8ADF8047013F0D5FB268D01224D
S315080038E0042102A8ADF8086013F0CDFB01220421DB
S315080038F003A8374CADF80C5013F0C5FB354B4FF405
S315080039004870C4F8C8344FF00213C4F8C43403F539
S315080039108033C4F8CC341C23C4F8B43406F030F829
S3150800392007A8ADF81C5000F06DFB142006F028F827
S3150800393007A8ADF81C5000F055FB232006F020F828
S3150800394007A8ADF81C5000F05DFBB9211F4814F01C
S315080039508FFA07A8ADF81C5000F044FB002204A813
S315080039601146ADF8108013F08EFB002205A811460B
S31508003970ADF8147013F087FB0122002106A8ADF8F4
S31508003980186013F080FB0122002107A8ADF81C502F
S3150800399013F079FB0D4803F009FE00230948C4F823
S315080039A0B434C4F8C834C4F8C434C4F8CC341BF0EE
S315080039B069F912B0BDE8F081E8EE0108ECF10108FA
S315080039C0D4F10108D8F10108E070720000000A502D
S315080039D000C003500200010008B504481BF04FF967
S315080039E016F0C0F8BDE80840FFF728BFD4F1010873
S315080039F001481BF044B900BFD4F1010840B1054A9B
S31508003A001378012B04D80370013300201370704714
S31508003A10012070476D8001200348044A0449121AA0
S31508003A20921013F0ACB900BF700100081C0300081F
S31508003A30EC85012008B5154B83F30A8800F030F8A9
S31508003A40FFF7EAFF124B13498B4212D30020124BA1
S31508003A5012498B4218D3FFF7B7FE186850F8224070
S31508003A60586840F82240013298688242F5D30C33F0
S31508003A70EAE70022F8E71C6844F8220001325C688D
S31508003A80A242F8D30833E4E70022F8E70000002052
S31508003A90B8880208C4880208C4880208C4880208CC
S31508003AA04FF48041124B134A70B59A60D3F88820B8
S31508003AB0114D42F47002C3F88820104A05F50054E7
S31508003AC091664FF0FF3222660D4A62660222C3F8FB
S31508003AD0D020BFF34F8FBFF36F8F4FF440360020CF
S31508003AE004F000FF0020E66004F0E0FE2E6170BDE1
S31508003AF000ED00E00000000800800044009000503F
S31508003B00F7FF3700014B1860704700BFAC870120EC
S31508003B10054B1860054B1B6F03F00703032B01D1F8
S31508003B2017F0ECB9704700BFB48701200080005039
S31508003B30002307B50193054B1B681AF02CFC019B63
S31508003B40002BFCD003B05DF804FB00BFB88701204A
S31508003B50EFF305830F2B84BF034A9B5C4FF0E023EA
S31508003B60D3F80C3D704700BFF0E300E008B500212C
S31508003B706FF0040014F03BFD19F046FA4FF47A731F
S31508003B8000F2E730B0FBF3F0084B094A18604FF033
S31508003B90FF33B3FBF0F30A3B13601BF020F9054B28
S31508003BA018600120BDE8084017F092BBD0510020EC
S31508003BB0C8510020CC51002070B5D0B1C9B10E4E05
S31508003BC0431E013913F8014F2046325D02F0030205
S31508003BD0012A11F8012F08BF04F12000B55C05F091
S31508003BE00305012D08BF2032801A01D1002CE9D126
S31508003BF070BD0120FCE700BFE12D020808B504F0FE
S31508003C00A9FE014B186008BDB0570020BFF34F8FBF
S31508003C100549064BCA6802F4E0621343CB60BFF35A
S31508003C204F8F00BFFDE700BF00ED00E00400FA0576
S31508003C30014813F0B2B800BFB45700202DE9F0418F
S31508003C400E469046054608B305291FD8F2B11BF063
S31508003C500BF807460E4B1C686CB9012329460C481D
S31508003C602B752E71C5F8088013F09AF838461AF0A5
S31508003C70F6FF204606E02379B34205D138461AF006
S31508003C80EEFF2E20BDE8F0812468E5E72120F9E75C
S31508003C90B457002070B5054668B11AF0E5FF002450
S31508003CA00646294605482C7513F08DF830461AF055
S31508003CB0D6FF204670BD2120FCE700BFB457002080
S31508003CC005282DE9F34104468846164635D8002AC4
S31508003CD033D01AF0C9FF0746194B1D683DB92D2484
S31508003CE038461AF0BCFF204602B0BDE8F0812B79B1
S31508003CF0A34214D12969A1B90C2001AA019105F0A2
S31508003D00D9FB04460028EBD1019905F11000C1E959
S31508003D10018613F045F82B7B01332B7309E02D68D8
S31508003D20DCE78B689E4206D14B68019143EA08039B
S31508003D304B600024D4E70968DDE72124D3E700BFF8
S31508003D40B457002005282DE9F04104460E461746CB
S31508003D502ED869B362B31AF087FF8046154B1D68E3
S31508003D6035B92D2440461AF07AFF2046BDE8F08181
S31508003D702B79A34203D12C691CB90024F2E72D68DC
S31508003D80EEE7A3689F4211D1636823EA06036360DE
S31508003D90002BF2D105F11000214613F014F82B7B05
S31508003DA02046013B2B7315F003F9E6E72468E3E7A1
S31508003DB02124DAE7B4570020F7B5054610B92120C3
S31508003DC003B0F0BD174B1C689CB92246234628460B
S31508003DD001A91AF056F9C21C044619D128461AF048
S31508003DE082F90028ECD0031DE9D0033017D11B2037
S31508003DF0E6E7274657F8106F0EB92468E4E7B36874
S31508003E00AB4203D13146384612F0DDFF3668F3E798
S31508003E101CB901A813F06BF8D7E70434CFD00120FA
S31508003E20CEE700BFB4570020194608B5134600224E
S31508003E301AF027F90430042896BF024B0120185CB3
S31508003E4008BD00BF24EF0108002307B529480193E0
S31508003E501AF015FF4FF44073012204216846ADF8A5
S31508003E60003013F010F90122234B0520C3F844242F
S31508003E7001A91AF0FFFE002839D1204BD3F8F0200B
S31508003E8042F00102C3F8F020D3F8FC2042F0807219
S31508003E90C3F8FC201A4AA3F55D431A60019B194A28
S31508003EA003F5D52303F2FC43B3FBF2F3164A013BB1
S31508003EB013610223C2F8F0304FF48073C2F804335A
S31508003EC04FF06043114AC3F8B02F114AC3F8802E49
S31508003ED0D3F8002E42F48072C3F8002EFF2283F82E
S31508003EE02020D3F8002E22F48072C3F8002E03B0E7
S31508003EF05DF804FBD4F1010800D0035000ED00E0A2
S31508003F00FF030040F8590D00000004E055CEACC58B
S31508003F10090001004FF06043D3F8802E30B5D20770
S31508003F2015D501240B4D8440D5F8FC2042F080724B
S31508003F30C5F8FC20D3F8002E2243C3F8002E53F808
S31508003F402020002AF0D003F82010002030BD1120D0
S31508003F50FCE700BF00ED00E0F8B504460127124D66
S31508003F600CB314F001000BD0002024F0010405EB7B
S31508003F70C0021668002EF3D05168C0B2B047EFE70A
S31508003F802246013020284FEA520201D0D307F8D53D
S31508003F9007FA00F20F2824EA0204E8D9421E05EBC4
S31508003FA0C2021038E5E7F8BDB857002008B50C4836
S31508003FB01AF065FE192004F087FC28B1192004F0D0
S31508003FC091FC192004F072FC1A2004F07DFC28B13B
S31508003FD01A2004F087FC1A2004F068FC002008BDAB
S31508003FE0D4F1010848B10122437801789A40302378
S31508003FF05943034B00205A5070472220704700BF90
S3150800400040D0035048B10122437801789A403023C2
S315080040105943034B00205A5070472220704700BF6F
S3150800402040E0035008B503F0B1FB054B00F05530EE
S3150800403020F05020C3F82004BDE80840FFF78CBFE5
S3150800404000E0035008B503F0A1FB054B00F0AA30C9
S3150800405020F0A020C3F82004BDE80840FFF77CBF85
S3150800406000E0035013B504460A481AF008FEA27881
S315080040700421B2FA82F2237852098DF80430637863
S315080040800DEB01008DF8053012F0FDFF002002B09F
S3150800409010BD00BFD4F101082DE9F04F9A46564BE2
S315080040A085B01B7806460F461546DDF83C909DF808
S315080040B044B0DDF85080002B00F09780072A00F204
S315080040C096800E9B002B00F09280B9F1000F00F04D
S315080040D08E80129BB3F5006F00F38980012803D107
S315080040E0109B002B00F08380444B03EB05131B7BCE
S315080040F0002B7ED0424C10220021684615F00DFE9A
S3150800410004EB45141022A7BB3946204615F005FED8
S3150800411043F210036380BBF1000F03D1E37843F049
S315080041200303E370364A0E9B02EB451CCCE9019368
S31508004130129B6901581E9DF84C30C0F30A0003F023
S3150800414003039B0643EA001E53582E48012E00EA35
S3150800415003004EEA0003CDF800A0535017D0B8F17B
S31508004160000F2ED19CF8023068F304138CF8023045
S3150800417027E00021204615F0D0FD4FF444736380F4
S31508004180BBF1000FCED1E37843F03003C9E7132320
S315080041900CF1100ECCF80C309CE80F008EE80F00DE
S315080041A06FF00301DCF81C20109B61F39F02012FBE
S315080041B0CCF81C20CCF8143003D1CCF81890CCF8E5
S315080041C0043000270D4A290102EB051342F8018045
S315080041D0159A28465A60694622469F605E7303F020
S315080041E0C3F8384605B0BDE8F08F0748FAE7074830
S315080041F0F8E70748F6E700BF0F810120A859002015
S31508004200A85800200F80FFF3028000F0018000F01C
S31508004210078000F038B5124B05461B78DBB1E0B1D4
S315080042201AF022FD0F4A00231146147B54B92B605D
S3150800423001251A0101EB03131D738C501AF00FFDAB
S31508004240204638BD0133082B02F11002EDD11AF0D1
S3150800425006FD0548F5E70548F3E70548F1E700BF19
S315080042600F810120A8590020048000F0028000F088
S31508004270018000F038B51AF0F7FC002305460B4A12
S31508004280147B6CB90133082B02F11002F8D103F044
S3150800429017F8074B28461C701AF0E1FC204603E085
S315080042A028461AF0DCFC034838BD00BFA859002090
S315080042B00F810120058000F00D4B10B51B780446D0
S315080042C093B1072812D81AF0CFFC0A4B03EB041354
S315080042D01A7B2AB100241C731AF0C1FC204610BDB3
S315080042E01AF0BDFC0448FAE70448F8E70448F6E77C
S315080042F00F810120A8590020068000F0028000F0F6
S31508004300018000F0154B13B51868002301908DF84D
S3150800431004301AF0A9FC124B1C7824B11AF09FFC41
S31508004320104802B010BD01221A701AF098FC0E4B04
S3150800433001A81C731C7783F82C4083F83C4083F84B
S315080043404C4083F85C4083F86C4083F87C40082333
S315080043508DF8073002F0D8FF2046E2E729EF01087A
S315080043600F810120038000F0A8590020F8B50D4DF3
S315080043702D7885B1072810DC0B4D060105EB0014D6
S31508004380277B67B1AB510025069BA560636002F0E9
S31508004390EBFF2846F8BD0548FCE70548FAE7054857
S315080043A0F8E700BF0F810120A8590020028000F01D
S315080043B0018000F0078000F00A4A08B512785AB161
S315080043C007280BD8084A02EB00131B7B43B10021D0
S315080043D002F08CFF002008BD0448FCE70448FAE711
S315080043E00448F8E70F810120A8590020028000F050
S315080043F0018000F0078000F00A4A08B512785AB121
S3150800440007280BD8084A02EB00131B7B43B101218E
S3150800441002F06CFF002008BD0448FCE70448FAE7F0
S315080044200448F8E70F810120A8590020028000F00F
S31508004430018000F0078000F0184B2DE9F0411F6D50
S315080044405B6D1F4000D5FEE701260025144CDFF8FA
S315080044505880374218D02368C8F85060A3B1A168BD
S31508004460284601316268A1609847637B012B0BD10E
S3150800447050B90C4B03EB45131A7B60F341021A73D0
S315080044801A7F60F341021A770135082D4FEA46066E
S3150800449004F11004DDD1BDE8F08100BF000004502E
S315080044A0A8590020A8580020002004502DE9F04FF4
S315080044B0144605460E469B46C36B87B001225B69C8
S315080044C002A960689847EB6B01225B6903A930462D
S315080044D0984702A813F0CFFA074648B10023A375F8
S315080044E063754FF0FF33A360002007B0BDE8F08F77
S315080044F003A813F0CDFA0123A375237E04EBC303A7
S31508004500DE611F846368B3420ED1206003A813F0EE
S31508004510E1FA4FF0FF332075A360237D043B022B9D
S3150800452026D80023A375DFE723681A1A5342534196
S31508004530A37503A813F0CEFA237D834218BFA77587
S3150800454003A813F0A9FA074602A813F0A5FA8742AA
S3150800455018BF002303A818BFA37513F0A5FA0746CA
S3150800456002A813F0A1FA87421CBF0023A375D4E75B
S3150800457003A813F091FA80B1EB6B022230465B690F
S3150800458004A9984704A813F096FA0346207D032841
S3150800459039D8DFE800F03838040903A8F3E7CC2255
S315080045A0237E04EBC3031A8401F002FA109B1870E9
S315080045B003A8277E13F064FA04EBC70787F82200DE
S315080045C0237E03A804EBC303B3F8209093F8227064
S315080045D013F062FA804603A813F066FA8246B8F129
S315080045E0000F15D0EB6B022230465B6904A9984789
S315080045F004A813F025FA6075637D6BB90023A375CB
S315080046004FF0000838E0227E04EBC2021384CBE7A1
S3150800461003A813F000FAEEE794F81680B8F1000F35
S31508004620EED0B9F1000F09D1DFB10123E375637E3E
S31508004630002B4FD1012F42D1677614E06B6C06EB45
S315080046400A02594286EA020008421CBF0021A175E7
S31508004650591E0A409B1A9945D0D8A37D002BE3D151
S31508004660CEE7E37D43B94FF000084B465246314644
S31508004670284612F042FFA060A27D12B123694B447E
S3150800468023611A49237E097899422AD90133237668
S31508004690BBF1000F27D032B3E37D23B3B8F1000F87
S315080046A021D1032F1FD0A1684B1C1CD0109B22467A
S315080046B0009328460123FFF7F9FEA07513E095F845
S315080046C0343063B9EB6A0133CFD1032FCDD101233F
S315080046D0A376C8E7012FCFD0032FC4D1F7E79846B2
S315080046E0C3E70023A375A07DFFE600BF50EF0108CE
S315080046F02DE9F04F0E46984600238BB004464FF03E
S31508004700FF31104617468DF8133001F03BF9B6F520
S31508004710801F3BD3B21C53D1E56A6B1C57D1204688
S31508004720616A12F030FE0546B31C18BF0123DFF894
S3150800473010910193636A626C0293236805A902FBD0
S31508004740053AE36B05225B695046984705A813F0BE
S315080047502DFA13F050FA504613F058FA4FF0000BA2
S31508004760824601464B1C05D0636C81EA0A025B420D
S31508004770134232D02946204612F005FE029BAB4270
S315080047804DD0BBF1000F4DD10546D3E7314605AAFA
S3150800479004F1080013F0C1F80146481C10D0384649
S315080047A001F0F0F80122394620460DF1130312F004
S315080047B0F6FE28B19DF8133088F80030002003E093
S315080047C0237C002BA8D12D200BB0BDE8F08F2368E1
S315080047D0ED1A636CB5FBF3F5A6E7484601F0D2F887
S315080047E00DF1130349462046019A12F0D8FE0346F6
S315080047F090B1B21C03D0D9F80020B2420CD19DF872
S31508004800132003930D4B88F8002049461A6838464A
S3150800481015F08EFA039B9B46D9F80810A2E7BBF160
S31508004820000FD0D0B6F5801FC8D2314698F80030B0
S315080048307A6804F1080000F0D3FFBFE74CEF0108DF
S315080048409C6000202DE9F3410446174698460E461B
S31508004850194D816AE36A8B422AD04B1C18E0284618
S3150800486001F090F80122294620460DF1070312F0BF
S3150800487096FE30B14346294620469DF80720B8479C
S31508004880B0B1A9684A1C05D0012E0AD0E36A99423C
S31508004890E5D10DE06968204612F002FE012E0146B8
S315080048A0D8D16B6881EA0302636C5B421A42D1D0A5
S315080048B002B0BDE8F08100BF706000202DE9F04726
S315080048C04FF0FF334FF6FF720025044600F1080645
S315080048D0C0E909238AB0C3620562056330460F46FC
S315080048E012F0ECFF204612F0CEFC28BB20463946D3
S315080048F012F099FD204612F0C6FC28BB5E200AB0CD
S31508004900BDE8F087E26B2368606CD2F814C000FB40
S315080049100530052205A9E04705A813F047F901283F
S3150800492040F083802946204612F04EFD421C294657
S31508004930204612F0C7FC0135E3699D42E2D32046C2
S3150800494012F0A1FC0028D1D0204612F0CCFC4FF67C
S31508004950FF72636A934200F0B080E26B676C20686E
S31508004960694607FB030055690522A847684613F000
S31508004970F4F8626A2368606C514D00FB023013F04C
S3150800498045F94FF0FF33A062E3622A466FF0010152
S31508004990204605ABFFF7ACFE002850D1AD68294686
S315080049A02046E56212F04BFC206320B92046E16AF6
S315080049B012F076FDE0622946204612F071FD0546A2
S315080049C0A36A9D423DD1204612F0F7FB0027804698
S315080049D0B946E369994546D3B84563D92046616A1D
S315080049E012F0D1FC0026054604F1400ABE4212D355
S315080049F0626C2368694602FB0539E36B05225B692D
S31508004A0048469847684613F0A8F85346024649466A
S31508004A10E06B13F0FDF82946204612F0B4FC013687
S31508004A20B0450546E2D1642069E713F0E9F80028A5
S31508004A3081D02946204612F0C7FC024677E7A56AC8
S31508004A40ADE72946204612F0FAFB236B29460344B4
S31508004A5007462363204612F023FD0546002FAFD1F3
S31508004A60C4E90B07ACE7636C2568052203FB095507
S31508004A70E36B05A95B692846984705A813F096F8DD
S31508004A8013F0B9F858B1284613F0C0F80146204685
S31508004A9012F0D5FB636C143B984208BF013709F145
S31508004AA0010996E7304612F009FF00232046194609
S31508004AB0044AFFF7C7FE002021E767201FE700BF6B
S31508004AC0C86000208D7501082DE9F041036B9046FA
S31508004AD0826B07689A4288BF8363426C436A90B0C8
S31508004AE002FB0377C36B0E46052201A95B690446E0
S31508004AF03846984701A813F059F80128014630703E
S31508004B0057D0656CE26B2368606AD2F814C005FB5F
S31508004B100030052206A9E04706A813F047F8012841
S31508004B204FF0000523D0D4E90A3201219342CDE99A
S31508004B300B458DF834800E958DF83C102AD1194610
S31508004B40204612F0ADFC236B626C14339B1AE062AC
S31508004B5023630C9B53B99DF83C303BB1626A616C88
S31508004B602368E06B01FB023112F0D8FF0C9DE36B62
S31508004B7005225B6901A93846984701A813F016F87B
S31508004B8030702846236BA26B9A4288BFA36310B085
S31508004B90BDE8F081237C33B91C490BAA04F108004F
S31508004BA000F06CFED5E72046194A0BABFFF74AFE24
S31508004BB0CFE7237C23BB2246164904F1080000F000
S31508004BC05DFE616A204612F0FFFB616A421C2046C0
S31508004BD012F078FB054620B9236B626C1344143B2C
S31508004BE023632046A16A12F05BFC2368A062C01A00
S31508004BF0636CB0FBF3F06062204612F094FCB6E7F3
S31508004C0000232046044AFFF71DFEDAE76153000831
S31508004C10DD52000827760108C375010873B50D46ED
S31508004C20D11E4A421C461B7E4A419A4226D1296811
S31508004C302368994222D3636899421FD8114E0DF111
S31508004C4007033246FFF754FDC0B972686B689A428B
S31508004C5014D19DF80730DA1E53425341227E9342FF
S31508004C600CD1636901336361D4E90323934205D206
S31508004C702968A26842F8231001332361012002B093
S31508004C8070BD00BFC86000202DE9F04F9A468BB072
S31508004C909DF85030DFF850B10293DBF810308046AB
S31508004CA053450D461646C0F09980D146DBF80430C8
S31508004CB00193B9F1000F00F08D80D8F83C3001223D
S31508004CC05B6907A90198984707A812F0E1FEDBF887
S31508004CD00030984240F0858007A812F0E5FE0428C7
S31508004CE0074614D107A812F0E6FE019B029A04466D
S31508004CF03B44002A3FD1864212D91446361A40460A
S31508004D00019912F0CDFBA9EB04090190D1E7D8F877
S31508004D103C3002225B69019808A9984708A8E2E78F
S31508004D20841B544528BF5446032C03EB0607AAEBFD
S31508004D30040A4FEA94021CD9D8F83C30294638466A
S31508004D405B69984724F0030304F003061F441D44D7
S31508004D50002ED4D0D8F83C3001225B6908A9384621
S31508004D6098473246284608A9354414F0E1FF00263C
S31508004D70C5E72646ECE7074600F00302039203441C
S31508004D802A1804920593049BDD1B059BD81B039BDD
S31508004D909F420FD1002FB2D0D8F83C30012208A983
S31508004DA05B6998473A46284608A914F08CFF78B9F3
S31508004DB03D44A4E7D8F83C30012208A95B69984726
S31508004DC00422284608A914F07EFF08B9043FDAE74A
S31508004DD04FF0360948460BB0BDE8F08F4FF063092F
S31508004DE0F8E74FF06F09F5E7F46000202DE9F04188
S31508004DF00F4616469846044688B060B390F8345075
S31508004E00FDB1012112F034FA00210E9BCDE90511FE
S31508004E10CDE902379DF83C30CDF804808DF81C307A
S31508004E20237C04968BB90D4901AA04F1080000F009
S31508004E3025FDDDE90553E06B002E08BF1D4612F07F
S31508004E4000FC284608B0BDE8F0812046044A01ABBC
S31508004E50FFF7F8FCEDE70546F3E700BFF175010833
S31508004E601D4C00082DE9F04F99B00F4609920A69C2
S31508004E70416C0E931439D31DB3FBF1F3013302EBE6
S31508004E80C302036B04469342C0F0BC810023DFF8DB
S31508004E9044940D93E36A48461946079300F072FD59
S31508004EA0D7E9033604930E9B022B4ED1CC2E40F045
S31508004EB08A81099B002B42D03946204612F01FFCF6
S31508004EC0656C079A6B1E13401490ED1AE36B01226A
S31508004ED05B6916A97868984716A812F0DDFD0028C0
S31508004EE00CBF04230823782E06933DD901230025F9
S31508004EF04FF0080A05933B6805990E98C9F80030E3
S31508004F00C9F8106012F0EAFD4FEA9A0310930023DD
S31508004F10DDF81CB089F814000B930F9308930C93D3
S31508004F20616C4A1E0BEA02028B1A002E38D05544D1
S31508004F30AB4240D8236B5B1A13442363ABE0049B54
S31508004F401B68149308230693D0E7656C079A6B1EB3
S31508004F501340782EA5EB030516D8FB7D7BB9099B74
S31508004F60002BB3D104230693331DAB4210D9A6B147
S31508004F70082DBBD804250023AA460593BBE7099B41
S31508004F80002BA3D10823EEE7099B002B9ED1D9E776
S31508004F90002505954FF0040AADE704250596F9E7BF
S31508004FA05345C7D3B0460BEB0A030393089B002B64
S31508004FB018BF032313E0A3EB0A039E42B0460BEB8C
S31508004FC00A0228BF98469E420392EFD90123D9F8D0
S31508004FD0102089F81730964271D1C9F804B00893A1
S31508004FE099F81730002B6CD099F818200899D31C1B
S31508004FF009EBC3030132C3F804B0A3F80880997219
S3150800500089F81820B8F1000F14D00E9B022B5BD13B
S315080050100B9B7BB90F9B4344032B0BD9E36B0122F4
S315080050209B69039814A998470546002840F0EC8028
S3150800503001230B93089B16A80193059B009399F8E7
S3150800504014204346396800F053FCE36B58469B69C5
S31508005050109A16A99847051E0D9B18BF5B4652461F
S315080050600D9359464346204612F047FA236B08F13A
S315080050700302A3EB0A0322F003029B1AC9F80800ED
S315080050802363002D40F0C0800F9BDDF80CB043442D
S31508005090A6EB08060F935946204612F001FA00259A
S315080050A08346002E7FF43CAF8A4A3968936804F138
S315080050B00800E36252680E9B00F092FB84E002232C
S315080050C08DE7C9F804B09DE7099B002B30D1049BF6
S315080050D0B8F1030F43440A9327D9DDE90301E36BCB
S315080050E04FEA98029B6998470546002865D118F04B
S315080050F003025FD0049B28F003052B440493039B0B
S315080051001D444FF0FF33049915A8159314F010FEAB
S31508005110E36B28469B69012215A9984705460A9B11
S315080051200493002D86D0039B99E74246039DE8E742
S31508005130039B0A9307F120031193FB7D78689BB1C3
S3150800514000233D7E0C9AD9B28D4211D9119903F1EB
S31508005150010C31F83310914226D9069907EBC3039F
S31508005160D8690A44104403E00C9B069A1344184471
S31508005170E36B01225B6915A99847159B01221393D6
S315080051800C9B0A9804330C93E36B13A99B69984705
S31508005190039B0A9A43449B1A042B054607D978B9F8
S315080051A0134604330A93C8E76346521ACBE70A9BA9
S315080051B00393B6E70A9B04933CE70A9B0493B2E77A
S315080051C00A9B0393AFE77026304619B0BDE8F08F07
S315080051D0002657E004F1080012F070FB334631460A
S315080051E020463D4AFFF72EFB3A69616CD31D1439F8
S315080051F0B3FBF1F3013302EBC302236B9342BFF413
S3150800520049AE65E01C26DFE73D2D61D104F10803B0
S3150800521003932368079A606CD61AB6FBF0F600FB70
S31508005220063012F0F3FCE16A8246204612F038F99D
S31508005230A26A8242D8D0626CD9F80830511E0B4057
S31508005240216BE062891A0B4423630D992368CB1AF4
S31508005250B3FBF2F84645BBD1079BB3EB0A0611D060
S31508005260E36BB20851469B6998478346E36A079AF7
S315080052703344E362236B03989B1A5344236312F067
S315080052801DFB5E462368616CE06B01FB083112F07A
S3150800529032FC204611F0F7FF204612F024F8626A25
S315080052A02368606C00FB023012F0B0FCA062204656
S315080052B012F039F92063002E8CD03A69616CD31D3F
S315080052C01439B3FBF1F3013302EBC3029042A0D2C7
S315080052D02E4679E79C6000208D750108032A2DE982
S315080052E0F34106460D4617461C4606D1237A012B7E
S315080052F023D0012002B0BDE8F081DFF8608009689C
S3150800530042460DF10703FFF7F3F960600028EDD177
S315080053109DF80720237A032AE8D0D8F804106A688B
S315080053209142E3D1012B2969D4F80CC007D17269DF
S315080053300CEB0103934202D92074207CDAE708318A
S315080053406144E1603B46012229463046FFF78AFD63
S3150800535060600028CAD00020CCE700BFC8600020E3
S315080053602DE9F341089C032A1746266806D1237AB5
S31508005370012B24D0012002B0BDE8F081DFF890802F
S31508005380304642460DF10703FFF7B2F96060002880
S31508005390EDD12568D8F80400A96AD5F844C0484074
S315080053A0CCF100031840227AE1D1012A09D1E2683A
S315080053B0D8F8103013447269934202D92074207CBD
S315080053C0D9E72868EB6A1B1A081AB3FBFCF3B0FB8B
S315080053D0FCF083420BD1706CF36A421E1340326BA9
S315080053E0121A13442846336312F05AF8E862D8F8BA
S315080053F01020E36808321344E36001223B4604495F
S315080054002068FFF72FFD60600028B0D00020B2E7C3
S31508005410C86000202DE9F0410025634B0E46D3F8FD
S31508005420008004461D6018B921252846BDE8F0818C
S3150800543090F8347007B30A6803689A4240F0AA8065
S315080054404A6843689A4240F0A5808A6883689A4207
S3150800545040F0A080CA68C3689A4240F09B800A69F7
S3150800546043699A4240F096808A69C36B9A4240F033
S3150800547091804B698361D8E768223946856B14F0B9
S315080054804CFCD6E90212336804F1080023607368FD
S31508005490A5636360336963617369A36112F020FAD7
S315080054A0B36904F14000E3639B68984720B9676CC9
S315080054B017B16368B3FBF7F794F84330E761002B3D
S315080054C0B2D00023656C2366002D6BD0002F69D0FF
S315080054D02368B3FBF5F205FB1233002B5CD1676832
S315080054E0B7FBF5F605FB1676002E55D1204611F0CA
S315080054F096FEA369043303449F424FD340F63472A1
S315080055006369CC3B93424BD8B5F5805F4AD30321F8
S31508005510204611F0ADFED4E90001E36B1B689847FD
S315080055200546E36B0220DB6898472DB184F83460A2
S31508005530E06B12F086F878E741462046FFF7BEF999
S315080055406428054604D141462046FFF7B7F90546C3
S31508005550636C143BD5B9226A204602FB03F611F0A8
S315080055605EFEA369043303449E4203D284F8345092
S315080055705A25DDE70123D4E900010C4A84F83430C2
S3150800558013680133136012F045FAD1E7002384F853
S315080055903430CDE75D2548E7592546E75A2544E7DF
S315080055A05F2542E75B2540E72C5A0020285A002051
S315080055B02DE9FF410C4616461F46054680B390F86E
S315080055C034307BB3B1F5801F2ED2DFF8608001211D
S315080055D011F04EFE2146424628460DF10F03FFF70D
S315080055E087F8044670B99DF80F30012B11D1D8F809
S315080055F01030BB4212D10246009031462846FFF7CA
S3150800560043FB0446E86B12F01CF8204604B0BDE8DC
S31508005610F081022B14BF2D246024F3E76324F1E7FD
S315080056202124F2E71124F0E72924EEE7F4600020AC
S3150800563073B50446416911F0D7FD626E236B0244C7
S3150800564093422CBF00220122834294BF00231B1AD7
S31508005650207C84F85020636584F85800A8B100239C
S315080056600B4E1A4619462046009612F015F90023E5
S3150800567005461A4619462046009612F016F9E368BA
S315080056802844984294BF0020C01AE06502B070BD55
S31508005690FFFF0F002DE9F3471E4643690446B34250
S315080056A0884617469DF828904FD300258DF8075051
S315080056B02046616911F098FDD4F830A082450AD2D7
S315080056C0236AB5EB430F06D2002220460DF10701E7
S315080056D0FFF7FAF9B8B39DF80730012B05D1002278
S315080056E020460DF10701FFF7EFF9B9F1030F06D0D0
S315080056F03146204611F078FD256B854227D3154D96
S315080057004FF0FF31284600F03DF94B462946002266
S315080057102046C5E90376C5F80080FFF7A3FB236E8C
S31508005720054663B12046FFF783FF94F8503013B956
S3150800573094F858301BB1236E04F150009847284658
S3150800574002B0BDE8F0870135B2E76225F7E71C2508
S31508005750F5E700BFC86000202DE9FF410F469046D7
S315080057601E46054698B390F8343093B3B1F5801FBA
S3150800577031D21A4C022111F07BFD224639462846C1
S315080057800DF10F03FEF7B4FF024678B10123424636
S315080057900093394633462846FFF77CFF0446E86BF4
S315080057A011F04FFF204604B0BDE8F0819DF80F3098
S315080057B0012BEBD12169B142E8D10093414633462A
S315080057C02846FFF761FA04460028DFD1E7E72124D7
S315080057D0E8E71124E6E72924E4E700BFF46000209F
S315080057E02DE9F043466886B3056898464FF0000CE5
S315080057F0A946AE4655F83C400CF1010CC4F3130714
S31508005800013401D0B94217D066450EF1080EF1D120
S315080058102F46002403E0A64207F1080712D055F8E0
S31508005820343001340133F6D1C1F3130141EA08518A
S31508005830C7E90012BDE8F08341EA0851CEE9001233
S31508005840BDE8F083B8F1030F03D101230372BDE865
S31508005850F083002303E09E4209F10809F5D055F8C4
S3150800586033400133C4F30754032CF4D1C1F31303B3
S3150800587043EA0853C9E90032BDE8F0832DE9F0414F
S315080058800646406882B0C0B10F4690460024336889
S3150800589053F8345003EBC403C5F30752C5F3130199
S315080058A0013504F1010406D05B683046CDF8008066
S315080058B0B84710B170688442E9D302B0BDE8F081F8
S315080058C0024B1968024B1868FFF7A4BDC087012070
S315080058D0E087012008B519F0BEF9014B186008BD2C
S315080058E020610020014B186819F0B0B9206100202A
S315080058F073B504462248012A00EAC1119DF81850DA
S3150800590023F07C4007D9961E012E28D9073303F0C9
S315080059107F03194308E09DF81C300A43DB0603F0B1
S31508005920C053134343F060410023C4E900108DF8C7
S315080059300730B5B1202221460DF1070012F082F991
S315080059401A220DF10700211D12F07CF90820636860
S315080059509DF8072043EA8263636002B070BD114375
S31508005960E2E71B220DF10700214612F06BF92368C6
S315080059709DF80720042043EAC2632360EDE700BFD1
S3150800598080FFFF0738B5094B0D461A680021044603
S3150800599014F0C3F900234FF0FF322383C4E900252E
S315080059A02361A260E382A37638BD00BF4CEF0108ED
S315080059B00138C0B205289ABF014B185C0120704710
S315080059C051EF01082DE9F0410746154600240E4619
S315080059D0596888B0490A012922464FEA510104F15B
S315080059E00104F8D8DC78997824031B88C90201F4E5
S315080059F0006104F480540C43C3F30A03520323449E
S31508005A0092B24FF000089C18274B6FEA04440393A0
S31508005A1025F07843ED4302A90DF107001B220293F6
S31508005A208DF8078012F00EF99DF80720029B02A94F
S31508005A3043EAC2630DF107001B2225F0784504935B
S31508005A4002958DF8078012F0FDF89DF80720029B55
S31508005A506FEA144443EAC26305934FF0FF33079491
S31508005A60069307A9BB69012206F110009847BB698E
S31508005A7005A90446012206F108009847BB69404576
S31508005A8018BF044604A90122301D98470122404543
S31508005A9018BF0446BB69304603A99847404508BF66
S31508005AA0204608B0BDE8F08101009AB2044BD3F84D
S31508005AB08420D206FBD4D3F88400C0F38110704743
S31508005AC00040005038B5174B0546D3F828310C4628
S31508005AD003F00703013B052B20D8DFE803F0031387
S31508005AE01B0F0B1715F0E4F9052305B1286004B15F
S31508005AF0236038BD15F0DCF90623F6E715F022FA1F
S31508005B000723F2E715F014FA0323EEE715F010FA67
S31508005B100423EAE715F008FA0223E6E70023184605
S31508005B20E3E700BF00800050002337B50193164B0A
S31508005B300546D3F820320C4603F00703042B21D878
S31508005B40DFE803F0030B11161B0001230DB1019AC0
S31508005B502A6004B1236003B030BD002101A8FFF715
S31508005B60B1FF1223F2E715F0EDF907230190EDE7EF
S31508005B7018F022F80A230190E8E715F037FA092306
S31508005B800190E3E70023E1E70080005038B5104BA9
S31508005B900546D3F880300C4603F00303022B0BD0DE
S31508005BA0032B0DD0012B0FD115F088F90E2305B163
S31508005BB0286004B1236038BD15F0C4F90723F6E759
S31508005BC015F076F90623F2E700231846EFE700BF3B
S31508005BD00080005038B5104B0546D3F800310C4606
S31508005BE003F00303022B0BD0032B0DD0012B0FD18F
S31508005BF015F09EF9032305B1286004B1236038BD6A
S31508005C0015F0F4F90923F6E715F098F90823F2E7F1
S31508005C1001230020EFE700BF0080005038B5184B7D
S31508005C200546D3F820010C4600F00700062823D8BD
S31508005C30DFE800F0040A0E16121A1E00012305B149
S31508005C40286004B1236038BD15F032F90523F6E75C
S31508005C5015F06EF90323F2E715F074F90723EEE75A
S31508005C6015F062F90223EAE715F022F90623E6E7BA
S31508005C7015F05EF90423E2E700231846DFE700BFC4
S31508005C800080005038B5104B0546D3F840310C4615
S31508005C9003F00303022B0BD0032B0DD0012B0FD1DE
S31508005CA017F08AFF0A2305B1286004B1236038BDBE
S31508005CB015F09CF90923F6E717F081FF0C23F2E7A4
S31508005CC001230020EFE700BF00800050002337B50E
S31508005CD00193164B0546D3F860320C4603F00703CA
S31508005CE0013B032B1FD8DFE803F0020E191400212D
S31508005CF001A8FFF793FF10230DB1019A2A6004B19A
S31508005D00236003B030BD002101A8FFF7BBFF1123B4
S31508005D10F2E715F017F907230190EDE715F004F9F6
S31508005D2002230190E8E70023E6E700BF0080005061
S31508005D30002337B50193164B0546D3F894320C4623
S31508005D4003F00703013B032B1FD8DFE803F0020E1D
S31508005D501914002101A8FFF761FF10230DB1019A5C
S31508005D602A6004B1236003B030BD002101A8FFF703
S31508005D7089FF1123F2E715F0E5F807230190EDE70F
S31508005D8015F0D2F802230190E8E70023E6E700BF02
S31508005D900080005038B5104B0546D3F860310C46E4
S31508005DA003F00303022B0BD0032B0DD0012B0FD1CD
S31508005DB017F002FF0A2305B1286004B1236038BD35
S31508005DC015F014F90923F6E717F0F9FE0C23F2E7A4
S31508005DD001230020EFE700BF008000502E4B9842B9
S31508005DE04AD022D82D4B984240D014D82C4B9842F2
S31508005DF039D00AD82B4B984232D02B4B98422FD009
S31508005E002A4B98422CD000207047294B9842FAD149
S31508005E10284B186F7047284B98422AD0274B984230
S31508005E20F1D1244BD3F880007047254B98422BD0EC
S31508005E3009D8244B984223D0234B9842E3D11D4BD3
S31508005E40D3F88C007047214B984221D003F5740390
S31508005E5003F510539842D6D1164BD3F898007047DD
S31508005E60144B986D7047134B586E7047114B586F0B
S31508005E707047104B986F70470E4BD3F884007047E5
S31508005E800C4BD3F8880070470A4BD3F8900070473C
S31508005E90084BD3F8940070470048E8010024F40042
S31508005EA0C0CF6A0080841E0000093D0040420F00F2
S31508005EB0405DC6000080E00FC0EA210180BA8C016F
S31508005EC0007E560380D54302006CDC020090D003A6
S31508005ED073B50D460021114B0191D3F88041064652
S31508005EE004F00304022C13D0032C0CD0012C13D17C
S31508005EF001A8FFF793FE10240EB1019B336005B18C
S31508005F002C6002B070BD15F01DF807240190F3E768
S31508005F1015F00AF80190EFE70C46EDE7008000500F
S31508005F2038B5104B0546D3F840320C4603F0030348
S31508005F30022B0BD0032B0DD0012B0FD117F03CFEF3
S31508005F400A2305B1286004B1236038BD15F04EF860
S31508005F500923F6E717F033FE0C23F2E701230020A6
S31508005F60EFE700BF0080005038B5144B0546D3F85C
S31508005F7000020C4600F0070004281BD8DFE800F0F2
S31508005F8003090D111500012305B1286004B123602A
S31508005F9038BD17F011FE0A23F6E715F027F809238E
S31508005FA0F2E717F00CFE0C23EEE714F0A7FF0F2319
S31508005FB0800AE9E700231846E6E700BF008000509C
S31508005FC038B5144B0546D3F808020C4600F007000E
S31508005FD004281BD8DFE800F003090D11150001237A
S31508005FE005B1286004B1236038BD17F0E5FD0A2322
S31508005FF0F6E714F0FBFF0923F2E717F0E0FD0C23A0
S31508006000EEE714F07BFF0F23800AE9E70023184622
S31508006010E6E700BF00800050B0F5207F1FD009D802
S31508006020B0F5007F15D003D868B1B0F5C07F0AD0A7
S3150800603000200CE0B0F5607FFAD10B4BD3F8800056
S31508006040C0F3011003E0084B186FC0F303300130AA
S315080060507047054BD3F89000C0F30460F7E7024B8E
S31508006060186FC0F38020F2E70080005002464FF414
S315080060708030104B10B598660020FFF7CDFF5043CF
S3150800608041F671320C4BDC69DA635A6804F48034E1
S3150800609022F4401259B90949884294BF00200120C8
S315080060A0000502435A600CB10022DA6310BD0449A8
S315080060B0F2E700BF0090005000000350005A620249
S315080060C0002D3101430905D0012B0CD0022B084BBA
S315080060D018BF002300F01F0039B103F580530122D1
S315080060E082401A607047034BF4E703F50053F6E75E
S315080060F068800050648000501FB50021B0F5807F8D
S315080061000446CDE9001100F0D2803AD85E2833D88B
S315080061105E2833D8DFE800F0453232323232323286
S315080061203232323232323232323232323232323241
S31508006130323232323232323245AC45ACBCBCBCBCEF
S31508006140BCACC64E6BDC4EACACAC32323232323200
S315080061503232ACACAC7EE6AC323232323232323229
S315080061603232323232BC454545E14E4EEB8D63C183
S3150800617032323232329E4500802870D0009804B000
S3150800618010BDB0F5D06F00F0A38035D8B0F5607FAC
S3150800619079D01AD8B0F5007F65D005D8B0F5C07F9C
S315080061A0ECD114F0ABFE5CE0B0F5207F60D0B0F522
S315080061B0407FE3D114F0A2FE02464FF42070FFF7A9
S315080061C02BFFB2FBF0F252085BE0B0F5B06F69D076
S315080061D00AD8B0F5806F5BD0B0F5A06FCED100219C
S315080061E06846FFF7A1FCC9E7B0F5C06FC6D1002124
S315080061F06846FFF747FDC1E7B0F5106F6DD00ED8BA
S31508006200B0F5086F78D0B9D8B0F5E06F6AD0B0F5B8
S31508006210F06FB3D100216846FFF7BCFDAEE7B0F5D5
S31508006220406F3AD013D8B0F5206F60D0B0F5286F1C
S31508006230A4D10021324B0391D3F8703203F0030343
S31508006240012B02D103A8FFF71DFD039B39E0B0F52A
S31508006250486F93D100216846FFF76AFD8EE714F070
S315080062602DFE00908AE714F029FE0246204604E037
S3150800627014F044FE02464FF42070FFF7CDFEB2FB41
S31508006280F0F200927AE701A8FFF780FC019AEDE7A1
S3150800629000216846FFF7C2FC70E700216846FFF751
S315080062A011FC6BE700216846FFF712FE66E74FF020
S315080062B0E02302911B695B0705D514F01FFE0290C7
S315080062C0029B00935AE703A902A8FFF7DBFCF7E74E
S315080062D000216846FFF748FE50E700216846FFF7A9
S315080062E06FFE4BE700216846FFF71AFE46E70021D6
S315080062F06846FFF7EBFC41E76846FFF76BFC3DE7AE
S315080063000080005008B58020FFF7F6FE034B984240
S315080063109EBF4FF48032024B1A6708BD005A6202CC
S3150800632000A000501FB503460020B3F5807F0190FA
S3150800633000F0C58065D85D2B56D84C2B07D82D2B79
S3150800634048D8232B2CD8019805B05DF804FB4D3BA3
S31508006350102BF8D801A252F823F000BFB564000844
S31508006360476300084763000847630008636400083A
S3150800637047630008476300080F6500088164000842
S315080063802764000805650008476300084763000896
S315080063904763000847630008476300081965000853
S315080063A0243B092BCFD801A252F823F0B564000884
S315080063B0B5640008B5640008B5640008B56400084B
S315080063C047630008AB640008476300084364000895
S315080063D0EB6400083D2B00F083803E2BB3D10020F0
S315080063E001A9FFF79DFDAEE7802BACD1504B1B6F83
S315080063F003F00703013B032BA5D8DFE803F0544D50
S315080064005052B3F5F06F6BD020D8B3F5B06F4CD0BF
S315080064100ED8B3F5607F71D095D3B3F5806F49D0A8
S31508006420B3F5A06F8FD1002001A9FFF77DFB8AE79E
S31508006430B3F5D06F59D0B3F5E06FD0D0B3F5C06FD0
S3150800644081D1002001A9FFF71DFC7CE7B3F5206F79
S315080064505DD00BD8B3F5086F4CD0B3F5106F7FF449
S3150800646072AF002001A9FFF7ABFD6CE7B3F5406FEB
S3150800647048D0B3F5486F4FD0B3F5286F7FF463AFB4
S315080064802B4BD3F8703203F00303012B49D0022BB0
S315080064900CBF1523002300E00523019353E70323CC
S315080064A0FBE70823F9E70223F7E7002001A9FFF72E
S315080064B00FFD48E7002001A9FFF7B0FB43E74FF0BF
S315080064C0E02302901B695B0705D514F017FD0D2321
S315080064D00393039BE1E703A902A8FFF7D3FBF8E7B9
S315080064E0002001A9FFF756FC2DE7002001A9FFF7B8
S315080064F03BFD28E701A9FFF76DFB24E701A9FFF794
S3150800650045FB20E7002001A9FFF7DCFA1BE700207E
S3150800651001A9FFF7DBFB16E7002001A9FFF708FC36
S3150800652011E7002103A8FFF7ADFB1123B5E700BF6C
S31508006530008000504FF48032074B0849586E03F527
S3150800654080535A664B6A23F001034B62C3035CBF50
S31508006550034B5A66704700BF0080005000C00750C2
S3150800656000A0005038B504468020FFF7DBFE03285C
S3150800657000F083804FF48012524B4FF0A0615A66A8
S3150800658045F60E02504BC3F88020504A91624FF4EC
S31508006590803102F5805291629A6DD203FCD4996DCE
S315080065A011F08041FBD1D4E90002120542EA0062EB
S315080065B0E07B0243207B42EA0042607B42EA0032EB
S315080065C0A07B42EA80121A619869D4E9045212063D
S315080065D042EA856200F000400243A07EE57E02435F
S315080065E0207E42EA0042607E42EA00229A611A6AE6
S315080065F0E06922F00F0242EA8502354D00283DD1B6
S315080066001A6294F82420996A94F82000D200294046
S3150800661042EA40120A4394F8211042EA011242F46F
S3150800662080329A622B49284A936D31EA0303FBD1DB
S315080066304FF08071254881621369A56823F47003B9
S3150800664043EA055313614FF00043836194F82230FF
S315080066500BB9214B996294F823303BB94FF4803239
S315080066601D4B9A62184A936D5B00FCD494F825304A
S315080066701BB1154B194AC3F8802038BD024342F0B6
S31508006680080202281A6208D119614FF40852996162
S3150800669013484FF47F4111F0F3FA0B4994F822306E
S315080066A08A6A94F820001B062A4043EA40131343DB
S315080066B094F8242043EAC20394F8232043EA0243C9
S315080066C08B62D3E7009000500040005A0050005AF1
S315080066D0C7FFFEFE030001000060005AF1A7FFFF96
S315080066E03440005A014B93F900007047328A012062
S315080066F0F0B5D0E901434FF400061A4A4178057807
S3150800670056664FF4D156022702F5B8325662164E2F
S315080067104F2977604FF0010728BF4F2106F58056AD
S3150800672077601669F603FCD441EA052151611B011D
S31508006730417B43EA04230B43017B43EA410393600D
S31508006740C37B817B1B0143EA4113417C0B43017CDC
S3150800675043EA41035360837C13B16FF4D153536208
S31508006760F0BD00BF0090005000100250014B188089
S31508006770704700BF268A0120014B1880704700BF6A
S31508006780248A01204FF4800208B5184B5A66022362
S31508006790174A5360936813F48033FBD1012822D13A
S315080067A014F0C6FB134B984215D003F5122303F5D4
S315080067B0F863984213D0104B00EB8002400AB3FBF3
S315080067C0F0F3520A0A49CA620B6301234B6200229C
S315080067D0074B5A6008BD45F67A13084AF2E745F6AC
S315080067E01A03074AEEE75362F1E700BF009000502C
S315080067F00040025000F0490264666666D8B8050093
S31508006800BBCF0500B0F5207F10B50C465DD008D883
S31508006810B0F5007F4ED003D8C0B1B0F5C07F15D013
S3150800682010BDB0F5607FFBD12C4B4C1ED3F8FC2075
S315080068302B4912F0807F4FEA041427D1D1F8803013
S3150800684023F030032343C1F88030E9E711F027FA33
S3150800685011F033FA4FF48031224B214A1967136F2E
S31508006860013C23F4704343EA0433136714F046FBF0
S315080068700446FFF71BF9C0F10201204611F017FA8A
S3150800688000F04AF8BDE81040FFF73CBDD3F8FC20FD
S3150800689022F08072C3F8FC20D1F8802022F0300262
S315080068A02243C1F88020D3F8FC2042F08072C3F856
S315080068B0FC20B5E70A4A4C1ED2F8903023F0F8536C
S315080068C043EA0463C2F89030AAE7054A4C1E136FE0
S315080068D023F4806343EA84231367A1E700ED00E00D
S315080068E0008000500090005008B50121022000F0F9
S315080068F095F94FF42070FFF78FFB054B187011F0D0
S31508006900CEF911F0DAF94FF48032024B1A6708BD56
S31508006910108101200090005008B54FF4C070FFF7B1
S31508006920EBFBBDE808400449884294BF01210221D7
S315080069304FF42070FFF766BF80F0FA0238B50446B8
S3150800694014F0DCFA0546FFF7B1F8C0F10201284653
S3150800695011F0ADF90121002000F0A0F92CB1FFF7E4
S31508006960DBFFBDE83840FFF7CDBC034B4FF4207082
S315080069701978FFF747FFF4E7108101204FF4C0228A
S3150800698070B50546FFF72AFA314B04465A6603F5F1
S3150800699098335A68012A04D12E494A605A689207E0
S315080069A0FCD48020FFF7BEFC052807D111F077F943
S315080069B011F083F94FF48032254B1A67264B24F0E1
S315080069C040749D4230D0254B9D4230D014F070FA69
S315080069D08542064603D90121284600F05FF9204B77
S315080069E0DA6812F0060FFBD199689C609A686240D3
S315080069F012F4F81F1ED12846FDF784F88020FFF709
S31508006A0091FC05280DD114F079FA0446FFF74EF8E3
S31508006A10C0F10201204611F04AF9FFF77DFFFFF7A2
S31508006A2071FCAE420CD270BD44F00074CEE744F05F
S31508006A308074CBE780209960FFF774FC052805D0A1
S31508006A40BDE870400121002000F028B93546DAE794
S31508006A500090005000E0015040420F0080841E0064
S31508006A60000001503D4B3E4A984263D021D83D4B29
S31508006A7098426BD011D83C4B4FF40021984261D014
S31508006A8008D83A4B98423AD0394B984230D0394BCD
S31508006A90984240D00023516639E0374B984243D09C
S31508006AA0364B4FF400219842F4D1354BD3F8BC301D
S31508006AB021E0344B984241D011D8A3F53703A3F50A
S31508006AC0D853984246D003F5B70303F5586398425E
S31508006AD04FF40021DED12A4BD3F8C8300BE02A4BFD
S31508006AE04FF400219842D5D1254BD3F8D03002E097
S31508006AF0234BD3F8A030516623F0407307E0204BB0
S31508006B00D3F8A030516623F0407343F080734FF0FA
S31508006B10B442936070471A4BD3F8A030516623F0FD
S31508006B20407343F00073F2E7154BD3F8B8304FF4CF
S31508006B300021E0E7124BD3F8C030F8E7104BD3F842
S31508006B40CC30F4E70E4BD3F8A430D4E70C4BD3F88B
S31508006B50B030ECE70A4BD3F8C430E8E7C0EA2101C5
S31508006B600090005080969800404B4C0080841E0090
S31508006B7000093D0040420F00405DC6000024F400B5
S31508006B800080E00F0048E801005A6202024A536B8F
S31508006B900342FCD1704700BF00400950044A4178BF
S31508006BA0536F23F4407343EA01235367704700BFCA
S31508006BB000400050104A10B51369044643F0040318
S31508006BC0136116F085F811F07DF80C4B5B6E5B01CE
S31508006BD042BF0B4B0B4AC3F82024BFF34F8FBFF3BA
S31508006BE06F8F30BF11F06FF802F0D0FD1CB9BDE809
S31508006BF0104014F083B910BD00ED00E0008000508D
S31508006C0000E003500000FF0F034A0179D36E23F01A
S31508006C1030030B43D366704700400050F8B504466E
S31508006C201C4BD3F88420D106FBD4D3F88430C3F3A5
S31508006C3081139C422CD014F041F9012C064602D14E
S31508006C40214611F034F818F006F84FF00072124B8E
S31508006C5007465A66204611F039F84FF480630D4D01
S31508006C60621E93402B676B6E9A0103D4D5F8843065
S31508006C709B060AD5384617F0E9FF022C08D130469C
S31508006C80BDE8F840002111F012B8D5F88430EAE7DB
S31508006C90F8BD00BF004000500060005010B50C461B
S31508006CA008B914F00BF9074B21461B783BB1064B84
S31508006CB0984204D80120BDE81040FFF7AFBF022074
S31508006CC0F9E700BF11810120005A62020278034BDE
S31508006CD0012100201A70FFF7E1BF00BF11810120D2
S31508006CE04FF0004238B5244B244C5A664AF6CD3349
S31508006CF0656C014605F00105236428BB0120FFF7F2
S31508006D0045FF6368DB0715D51D4B586008461D4BC4
S31508006D10226BD2070CD4984208D1072415B1174B19
S31508006D20194A1A6413F020FA204638BD0130EFE7F5
S31508006D309842F2D00024F1E70132236B13F00803DE
S31508006D4005D08A42F8D1E8E700220E49F5E78A42DB
S31508006D50E3D020210A4A91620121A2F580525160AE
S31508006D600649084A886A800603D49342D5D0013377
S31508006D70F8E79342DDE700BF009000500040095055
S31508006D800060095040420F003254FFFF4FF00042A6
S31508006D9038B5164B01465A664AF6CD33144C154A91
S31508006DA0656C236443780B205B0043F00103D363CF
S31508006DB0FFF7ECFE63688A7823F4F87343EA021354
S31508006DC06360CA784B7943EA0223A3600A798B7910
S31508006DD043EA022323610878FFF782FFEB0744BFE3
S31508006DE0054B236413F0C0F9012038BD009000500C
S31508006DF000400950004000503254FFFF4FF0004257
S31508006E00124B70B55D6E03F580535A664AF6CD335C
S31508006E1004460F4980204E6C0B64FFF7B7FE0B6AD9
S31508006E2023F00F030F2C94BF234343F00F030B6289
S31508006E30F30744BF074B0B64002DA2BF4FF0004277
S31508006E40054B5A6613F090F970BD00BF00800050DC
S31508006E50004009503254FFFF00A000504FF0004296
S31508006E60104B70B55D6E03F580535A664AF6CD33FE
S31508006E7004460D4980204E6C0B64FFF787FE0B6AAB
S31508006E8023F4F85343EA04230B62F30744BF074B82
S31508006E900B64002DA2BF4FF00042054B5A6613F053
S31508006EA063F970BD00800050004009503254FFFF5E
S31508006EB000A0005010B510F00EFF042300F5805115
S31508006EC000F500520B6113610B6113610B611361CD
S31508006ED00B611361202341F2020103610023C360A1
S31508006EE0836041614FF4A02183618365416205494E
S31508006EF0C36103628362C36243630365D164036348
S31508006F0010BD00BFFF3F0D0370B505461446084681
S31508006F1041B9354B9D4218D0344B9D4208BF572086
S31508006F20FFF7EAF8AB6813F0010F6B6830D0B0FBD7
S31508006F30F4F4D80704F1FF344FEA046407D42B6944
S31508006F4023F07F4323432B6170BD5620E8E72821B1
S31508006F50284610F0BCFEAB6C990715D1AB6CDA0766
S31508006F6014D4AB6C13F0020F14BF0626002628466D
S31508006F7010F0B1FE2B69314623F07F4323432B6182
S31508006F80BDE8704010F0C1BE0526F0E70926EEE719
S31508006F90AB6DDB07AB6848BF640003F0E003402B2A
S31508006FA01BD004D8DBB1202BCED1082304E0602BFC
S31508006FB017D0802BC8D1012363434101B1FBF3F2FB
S31508006FC00B4B203A284603EAC202012110F07FFE45
S31508006FD02A63BDE8704010F07ABE0623ECE710235A
S31508006FE0EAE70423E8E700BF0000015B00000A5057
S31508006FF0F8FF7F002DE9F0419846436804460E469F
S3150800700017461BB140F6FF7110F061FE2046FFF7E8
S3150800701051FFF189737B62690B43318A22F44C5222
S3150800702022F00F020B4313436361A26896F818C057
S31508007030337B22F0804222F0E2024CEA0303134338
S3150800704072691343B268A3601AB9A36843F0004390
S31508007050A360F06904F58053002878D0857A017A10
S315080070606D04D4F808E045EA81556E490EEA010137
S315080070700D43818801F4C0410D43417845EA8105F5
S31508007080417B45EAC105817B45EA0115817845EAD8
S315080070908125A560D4F80CE0D0E904152943624D92
S315080070A00EEA05052943857941EA8521C57941EA2C
S315080070B04521E16001785D4D012914D1E16841F06F
S315080070C00401E160AC4200F0928059498C420CBF41
S315080070D001214FF0FF31490101F1A04142F29445E7
S315080070E001F5703114E003297BD1E16841F0040110
S315080070F0E160AC4279D04E498C420CBF01214FF079
S31508007100FF3141F29445490101F1A04101F5703181
S315080071104FF0020E41F805E0417A996219B1E1682B
S3150800712041F40061E160C17A59B1E16841F4004176
S31508007130E1603E498C425CD1017B3E4D01F00F0176
S315080071406967616AC07B21F00301014361622FB15F
S3150800715097F82010002956D001211962B8F1000FBE
S315080071602DD0BCF1000F02D04FF4004199652F498C
S31508007170B8F822508C4298F8211051D02C488442F5
S3150800718013D10120112934BF4FF0010C4FF0020C26
S31508007190294FB5F5006F07F800C094BF4FF0010CF2
S315080071A04FF0020C254F07F800C0A06D294320F4C4
S315080071B0F95020F01E000143A165012199650121BE
S315080071C059601AB120467168FFF79EFE204631784D
S315080071D010F09BFDA36CDB4313F4405FFAD1BDE8C6
S315080071E0F0810239012984D96CE7002189E7002159
S315080071F071E70F498C4201BF017B0E4D01F00F016B
S31508007200C5F880109DE7E06997F8221097F8215095
S3150800721020F009002943014341F00101D9619DE7A6
S315080072200020AFE7E39BBDFFFFF9F0870000015B95
S3150800723000000A5000900350148101201281012099
S315080072402DE9F04105460F461E4690464AB10123F0
S315080072503022194C8B4002FB004436B304F58254A5
S3150800726023600F21072F05EB450388BFA7F1080404
S315080072704FEA0313114895BFBC00A40004330C332E
S3150800728008FA04F2A140184410F06CFDB8F1000F9A
S3150800729009D101233021084ABB4001FB05223EB132
S315080072A002F582521360BDE8F08104F50154D7E770
S315080072B002F50152F6E700BF00C0035030C0035084
S315080072C010B5152001F0E0FA0024FF22064B2146EE
S315080072D05C6520209A625C60FEF7F4FE2146BDE8F4
S315080072E010402120FEF7EEBE00000450044A054B6C
S315080072F0002908BF1346012282401A60704700BF62
S31508007300401004504020045010B5012104462020A6
S31508007310FEF7D8FE01212120FEF7D4FE0122114BEB
S3150800732015205A60227812069A606178A27842EA95
S3150800733001429A61FF229A6200229A631A644FF008
S3150800734000425A654FF0FF3203F500531A6501F003
S31508007350C9FA1520E17811F04AF9BDE81040152060
S3150800736001F0A4BA00000450F8B50125C3B2D1F85B
S3150800737000C08F7A0E7B0C469D40CB7A1C491B05B4
S315080073800D65810001F1A04101F58821C1F804C00D
S315080073904FF0300C0CFB00F0617B00F1A04043EA93
S315080073A0074300F5802043EA465322F003020166AC
S315080073B0C365026717F058FC0E4B227A5D6502B169
S315080073C01D64627A02B19D632279A37943EA024376
S315080073D0074A93616179E37943EA014305498B6179
S315080073E0054B55639D64BDE8F84017F038BC00BFEF
S315080073F000200450001004500000045010B5012469
S31508007400C0B2844017F030FC044B5A6D22EA0402DD
S315080074105A659C62BDE8104017F021BC0000045074
S3150800742010B50124C0B2844017F01EFC074BDA6A77
S31508007430224208D15B6B9C430CBF0124002417F041
S315080074400EFC204610BD0024F9E700BF00000450DA
S3150800745070B5054617F008FC3022084B5E6B02FB38
S3150800746005335C6E17F0FBFB0123EDB2AB403342EC
S315080074700ABFC4F30A100020013070BD0000045092
S315080074804FF48032054B9A6641F6713203F51C3388
S31508007490DA63012203F50053DA6070470090005062
S315080074A00B4B01219B6EDB035EBF4FF48032094B09
S315080074B09A6641F67132084BDA63084AD1600022AF
S315080074C0DA634FF48032A3F518339A66704700BF23
S315080074D00080005000900050000003500020035028
S315080074E0013831289ABF024B185C0020704700BF4C
S315080074F057EF0108021E30B54FF000000CBF1025EB
S31508007500042547F60774084952B9831D51F82330F4
S31508007510234023B101308542F6D14FF0FF3030BD0C
S3150800752000F11603F2E700BF0080035038B5C2F336
S315080075300625044602F0070241B942EA052242F44A
S3150800754040220634074B43F8242038BD1146284606
S3150800755010F017FC02462846FFF7C2FF163442EA27
S315080075600022EFE7008003504FF48032064B5A663C
S3150800757003F5E6239B69C3F38512827003F03F0285
S315080075801B0B42700370704700900050014B986CBB
S31508007590D96C70470080E00F0120034B9B680A33C3
S315080075A003F01F03984070470080E00F10B50446AB
S315080075B010F043FC10F02DFC502110F004FC10F0E4
S315080075C013FC204610F017FC10F041FC10F046FCA6
S315080075D0042304F5805104F500520B6113610B6115
S315080075E013610B6113610B611361202341F20201E0
S315080075F023610023E360A36061614FF4A021616207
S315080076000649E3612362A361A365A362E362236576
S31508007610D16423636363236310BD00BFFF3F0D037B
S31508007620F8B504460D46FFF7C1FF23692A7823F00B
S31508007630870313436A7A43EA420343F080032361CC
S31508007640A368AA7A23F0030343EA420343F001033B
S31508007650A36063692A7A23F00F03134363612369DE
S315080076606A6823F07F4343EA02632361EB68002BD1
S315080076705AD02269187922F0F80242EAC01218781C
S31508007680997942EA4012D87842EA0012D87A42EA50
S31508007690C00242EA81122261E2689E7C22F0F04230
S315080076A022F4702242EAC662DE7C587942EA064231
S315080076B09E7842EA862242EAC032E260A2689E7A50
S315080076C022F4C04242EA4632A2605A7804F580564D
S315080076D09202B260676ADA7B234E02F003023E40EA
S315080076E032431E7B360106F0700632435E7B360255
S315080076F006F4E06632439E7B360306F4E0463243E0
S315080077005E7A360406F47026324362621A8AA261E9
S31508007710C8B1164A944208D17422D879002110F0CB
S31508007720C4FBEB689A799AB9F8BD114A9442FBD121
S315080077308022D879002110F0B8FBEB689A79002AE4
S31508007740F2D07C2205E00029EED0084A944206D100
S315080077507022187A0021BDE8F84010F0A6BB044A4A
S315080077609442E1D1EDE700BF8C88F0FF0000015B91
S3150800777000000A500122437801789A403023594381
S31508007780014B5A50704700BF40E00350034BD3F8F3
S315080077902424D3F820041040704700BF00C00350CB
S315080077A02DE9F8431F4B0546D3F810334B1E0E2B15
S315080077B00E461746047890F8018026D951B34FF043
S315080077C0000928461FB314F0CBFE0F21B8F1070FA6
S315080077D004EB440488BFA8F108084FEA04141248C9
S315080077E095BF4FEA88084FEA880804340C3409FA2A
S315080077F008F201FA08F1204410F048FB86B9284639
S3150800780057B1BDE8F84314F0ABBE8946D9E7FFF790
S31508007810B1FFDAE78946D8E7BDE8F843FFF7AABF1C
S31508007820BDE8F88300C0035030C00350054B9A6882
S315080078309107FCD45A689207F9D4DA69002AF6D176
S31508007840704700BF00800A5010B5034C636814F0F7
S3150800785093FE0223236110BD00800A5008B5FFF786
S31508007860E5FF0122024B03F580514A601A6108BD03
S3150800787000800A50044B10B55C68012C03D1FFF751
S31508007880E3FF024B5C6010BD00800A5000A00A505E
S3150800789038B5074DFFF7CAFF6B680446012B03D1BD
S315080078A0FFF7E8FFFFF7C2FF2378EB6038BD00BF9C
S315080078B000800A5010B514F069FEB8B94A680B780A
S315080078C012B1127843EAC2034A7843EA42038A6845
S315080078D012B1127843EA8213CA7843EA82030A6924
S315080078E012B1127843EA4223014A936410BD00BFDD
S315080078F000800A5010B54FF42F720021044612F08A
S315080079000CFA8023C4F88C30054B04F19C00C4F8AB
S315080079108430012384F88830BDE810400FF03DBA62
S3150800792089EF010810B5D0F8A0400A468CB910F0C6
S3150800793079FC044610B90024204610BD2D2896BFB0
S31508007940064B074953F82010064A074810F0B0FDC1
S31508007950F2E7D0F8A4101046A047ECE744F0010877
S315080079608CEF010892FE010875F1010870B590F8D0
S315080079708050044615B10025284670BD10F0A5FABA
S315080079800028F8D1012384F8803094F8883033B180
S31508007990D4F884101B4884F8885010F089FD10F03C
S315080079A06CFD431C1FD010F0FF061AD0204610F0BD
S315080079B089FA3146204600F0F9FB0028EFD0204628
S315080079C010F085FA94F888303BB1D4F884100D4845
S315080079D010F06EFD002384F88830002384F8803088
S315080079E0CAE70125DBE7D4F88C30D4F89420013BAC
S315080079F09A4204DB044A0549054810F059FD012559
S31508007A00EBE700BF77F1010892FE01089AEF01083B
S31508007A1075F1010870B50C4605468AB0FFF76AFF8E
S31508007A206368A168C5F8B032284610F0EEFB16F078
S31508007A30E8F84FF47A76236A5843B0FBF6F0C5F8AF
S31508007A40B40216F0DEF8636A294658432368B0FB89
S31508007A50F6F00193E369C5F8B8020793636901AACA
S31508007A600593A3690848069323690393602304933F
S31508007A7000230293089316F0C7F8E060284610F032
S31508007A8022FA0AB070BD00BFF57E0108F8B50B787A
S31508007A900446302B0D46164604D14B7803F0DF0317
S31508007AA0582B11D0284F6A1E12F8011F002934D10D
S31508007AB028460A2205F0D4F9202C03460D4631D172
S31508007AC0B1FA81F040091AE04A1C1F4912F8013F31
S31508007AD08BB9284612F039F91C4B02382340032B80
S31508007AE012D10134A41084420AD1A87837288CBF51
S31508007AF00020012003E0CB5C13F04400E6D1F8BD7A
S31508007B00CCBF01200020FAE7002CB8BF0334B0EB45
S31508007B10A40FD4BF01200020F1E77B5C13F004001A
S31508007B20C2D1ECE726B1084302D0013B61F100055A
S31508007B300122A240013A1A40002D08BF9A420CBF02
S31508007B4001200020DBE700BFE12D020803000080CA
S31508007B50F0B5037801467B2B17D10646022400228E
S31508007B600B4F16F8015F7D2D05D10B5D6BB9D2431E
S31508007B7002F0010008E07B5D13F0440002D00132F8
S31508007B800134EEE7202DFBD0F0BD0020FCE700BF56
S31508007B90E12D020870B506460D4612F0D6F80446E1
S31508007BA0304610F085FC044EAC4200D370BD30461A
S31508007BB010F07EFC0134F7E76AF101082DE9F84F69
S31508007BC0044602216048FFF7E5FF1E212068FFF7FB
S31508007BD0E1FF6368586810F06BFC5C4810F068FCBD
S31508007BE067683B7BFD2B12D8D7F808804FF0FF3427
S31508007BF0404612F0AAF80646DFF84C91DFF8A8A12D
S31508007C00DFF864B10C3717F8013BFF2B01D1BDE84B
S31508007C10F88F212B14D8212B14D8DFE803F0178C02
S31508007C208884807C78741313131313131313706CDE
S31508007C306864605C58541313131313131313504CCE
S31508007C40FE2B34D006B10134414D02E006B10134B1
S31508007C50404D02214846FFF79DFF1E214846FFF783
S31508007C6099FF504610F024FC5946284612F075F83C
S31508007C703949002818BF2946384810F019FC3B78BE
S31508007C80202B02D12B2010F007FC354810F010FCF1
S31508007C904EB118F804301F2B05D018F804001F2819
S31508007CA001D0B4424BDB294810F002FCABE706B121
S31508007CB001342C4DCDE706B101342B4DC9E7002E12
S31508007CC0A1D001349FE706B10134284DC1E706B1BA
S31508007CD00134274DBDE706B10134264DB9E706B193
S31508007CE00134254DB5E706B10134244DB1E706B197
S31508007CF00134234DADE706B10134224DA9E706B19B
S31508007D000134214DA5E706B10134204DA1E706B19E
S31508007D1001341F4D9DE706B101341E4D99E706B1A2
S31508007D2001341D4D95E706B101341C4D91E706B1A6
S31508007D3001341B4D8DE706B101341A4D89E710F061
S31508007D40ABFB0134A9E700BF7EF1010892FE0108EA
S31508007D5009F1010803F1010860F1010877F101084A
S31508007D6064F1010811F1010817F1010820F1010871
S31508007D7027F1010832F101083CF1010846F1010832
S31508007D8031F101083BF1010845F101084EF10108FE
S31508007D9052F101085AF10108FDF0010804F1010841
S31508007DA059F10108FCF0010862F101082DE9F04FCC
S31508007DB093B005468B4600240092049311F0C5FF44
S31508007DC01C9F049B05901C6028463C600AAA09A9CA
S31508007DD010F090FB064658B90A9811F0B6FF3446DB
S31508007DE0B146049B1860D5F89C300393039B1BB9D6
S31508007DF0204613B0BDE8F08F039B9B680193002BC8
S31508007E0069D02E4416F8013B202B12D000260C23ED
S31508007E107343019A02EB030AD3580293002B55D0F9
S31508007E20DDF82480C84551DB9AF808302BB1721C5E
S31508007E3035E03B6801333B60E4E73B68D5F89420BE
S31508007E400299D21A049B1A6012AB03EB890353F802
S31508007E50203C1846069311F024FF07900028E6D127
S31508007E60029811F072FFDAF804100346087BD7F877
S31508007E7000A0FE28079A16D108F1FF38C8452ED06B
S31508007E800B6806980292019311F05FFF0AF101034D
S31508007E90029A0344E95C21B13B6009F101091646DF
S31508007EA0B5E70133F6E7D5F89420A2EB0A029A4221
S31508007EB0BDDC5846069311F048FF069B03447B2B0E
S31508007EC01DD958461E4A00990EF0A9FF2B46059A59
S31508007ED02A449A422AD1039B1B68039386E7D5F85E
S31508007EE09420A2EB0A029A42E3DDD1F8008058F802
S31508007EF00C2B82B9059B3B60049B1A60E6E7584643
S31508007F00029A00990EF08BFF58460E4A00990134E2
S31508007F100EF085FF8BE7584600990EF080FF58460D
S31508007F20084A00990EF07BFF0134E0E713F8011BBD
S31508007F300029CED14FF0200103F8011CC9E700BF84
S31508007F4067F101086AF101082DE9F047002486B0B7
S31508007F501C60DDE90EA8064689468AF800401168C5
S31508007F60154888F8004017461D468DF81740FBF758
S31508007F7023FE18B901242B6801332B600020D6F89C
S31508007F809C6036B914B1012388F8003006B0BDE804
S31508007F90F087B06868B14B460021CDE902A8CDE963
S31508007FA000750DF1170210F0DAF89DF81730002B5E
S31508007FB0E8D13668E5E700BF6CF101082DE9F04322
S31508007FC000260446ADF5457D7C22314605A802AF5C
S31508007FD0049611F0A2FE80222046009703AB04A95E
S31508007FE0FFF7E4FE01283ED104A811F0AEFE03997E
S31508007FF03B68A0EB01080B44234428EAE8780546C9
S3150800800004A801444246184611F092FE00F808609A
S31508008010D4F89060039B3968D4F890201944B1428B
S3150800802012DCD4F89410E81A0244C4F890200144EB
S3150800803004AAC4F89410D41825182B1B002B0DDCA1
S315080080400DF5457DBDE8F083A05C10F025FAD4F85F
S31508008050903001360133C4F89030DBE714F8010B91
S3150800806010F01AFAE9E7EBDD24AD802231462846FE
S3150800807011F053FE44AB4FF400723146184611F026
S315080080804CFE0DF1100903464A464FF001083146E9
S3150800809012F8016B002E49D104A843F8281011F0F4
S315080080A054FE2946334619F8016B0DF5887C5CF8B1
S315080080B0042B824243D10133984501F8016BF2DA69
S315080080C0D4F89060039BB34242DC2346354A04A9A0
S315080080D0354810F0EDF9284611F037FE0646039BA1
S315080080E03F68F61A1F44E0191D4426EAE67204F1B1
S315080080F098031744984204EB07014ED204F1900303
S3150800810099424AD96A1E81190B1A002B39DD12F8D1
S31508008110013F00F8013BD4F890300133C4F89030A1
S31508008120D4F894300133C4F89430EDE7202E01F1E9
S31508008130010104BF43F8281008F10108A8E70DF16A
S31508008140100E7244D25CB242B1D00022EA54B7E7AC
S31508008150D4F890300136E05C10F09EF9D4F89030EF
S315080081600133C4F89030ADE7D4F89020013B0132D2
S31508008170C4F89020D4F894200132C4F89420002B37
S31508008180F2DC00232E44E355731B002B7FF758AF10
S3150800819015F8010B10F080F9F6E7294611F0C8FD2D
S315080081A03346ECE789EF010871F101082DE9F84338
S315080081B0D0E9245604460F46002294F89830012B3D
S315080081C007D10A2F07D1002384F898300020BDE88C
S315080081D0F88300F29F801B2F01D10223F4E70D2FAD
S315080081E00DD1012384F898300D2010F055F90A2096
S315080081F010F052F900230120C4E92433E7E74FF0D1
S315080082000008082F84F8988034D1454530DDB542FA
S315080082100FD1384610F040F9202010F03DF9013D05
S31508008220384610F039F9013E04F80580C4E92456A9
S31508008230CCE7FBDA05F1FF39384610F02DF904EBE7
S315080082400903A6EB09026119184611F04CFD04F85A
S3150800825006800146013E484810F02AF935464D4544
S3150800826001DC4D46E2E7082010F016F9013DF6E775
S31508008270ACD0DBE77F2F1CD1002EA7DDB542A5DAEF
S315080082806319691C21441846721B11F02CFD04F869
S3150800829006800146394810F00BF90820013E10F017
S315080082A0FBF8B542F9D1D4F89430013BC4F89430C0
S315080082B08CE70A2F98D0092F03D12046FFF77EFEB8
S315080082C084E7D4F88C30013BB3427FF77FAFB542E1
S315080082D004EB050805F101090CDB384688F800703F
S315080082E0D4F89430C4F890900133C4F8943010F060
S315080082F0D3F86BE74146721B04EB090011F0F3FC57
S31508008300404610F0D5F80820013E10F0C5F8B542F1
S31508008310F9DDE2E7022B06D15B2F01D1032353E7F0
S3150800832084F8982049E7032B7FF450AF413F84F83F
S315080083309820032F3FF64AAFDFE807F002070A1630
S315080083400121204610F059F840E74FF0FF31F8E7D1
S31508008350B542BFF63BAF605D10F09EF8D4F890309A
S315080083600133C4F8903031E7002D7FF72FAF013D78
S315080083700820C4F89050BAE77AF101087FF101089D
S3150800838030B58BB06C46864D864816F078FC0FCD16
S315080083900FC42B68844A2360FF238DF80130D2F876
S315080083A04C3113F4802340F0EE80D2F850218DF83A
S315080083B001309DF801306C46FF2B08BF2C23684618
S315080083C07A4D8DF80130FEF793F93220FEF7CEF993
S315080083D00FCD0FC40FCD0FC495E8030084E8030042
S315080083E0714BD3F84C21120300F1BC80D3F85041ED
S315080083F0E4B28DF81940FEF775F9044484F30804CD
S315080084006B488DF81840FBF783FB6846FEF7AAF819
S315080084103220FEF7B1F96748FEF7B0FA6648FEF76C
S3150800842021FB664C664816F02AFC0020FEF7AAF9DE
S31508008430FEF75AFA236F002023F0070343F00303DD
S315080084402367FEF77BFA236F5E4923F47443236799
S315080084505D4BD3F8FC2012F0807200F08980D3F8C7
S31508008460FC2022F08072C3F8FC20D4F8802022F089
S31508008470030242F00102C4F880200022C1F88020DD
S31508008480D3F8FC2042F08072C3F8FC204B4CD4F899
S31508008490203123F0070343F00203C4F82031D4F84F
S315080084A0283123F0070343F00203C4F82831D4F82F
S315080084B0803123F0030343F00103C4F88031D4F874
S315080084C0403123F0030343F00203C4F84031D4F8E3
S315080084D0603123F0030343F00203C4F86031D4F893
S315080084E0403223F0030343F00203C4F84032D4F8C1
S315080084F0003223F0070343F00203C4F80032D4F82D
S31508008500083223F0070343F00203C4F80832D4F80C
S31508008510703223F0030343F00103C4F87032D4F831
S31508008520203223F0070343F00103C4F82032FEF794
S3150800853001F84FF0E0220020136943F004031361A9
S31508008540D4F8603223F0070343F00103C4F860321D
S31508008550D4F8943223F0070343F00103C4F89432A5
S315080085600BB030BD194B1C88FF2C88BF522440E73E
S31508008570D4F8803023F0030343F00103C4F88030B5
S31508008580C1F8802082E74FF07E6393F89C2093F928
S315080085909C30002BFFF60DAF8DF8012009E700BFD0
S315080085A084F10108C8F101080080E00F98F101087C
S315080085B0005A620200B4C404C0EA210100800050D7
S315080085C0D0F101080090005000ED00E00001E00F36
S315080085D007B5094B18689A889B7900906846ADF8E4
S315080085E004208DF80630FEF7D1FB0C20FEF706FCBA
S315080085F0002003B05DF804FBC0F1010870B501F076
S315080086001DF90446E8B901F0A3F914F0FDFC4FF48E
S31508008610167343430C4A03F5742303F23F23B3FB53
S31508008620F2F30A490A480B600A230268094D0E68E4
S31508008630013B45F8046B0E6813F0FF033244F6D18C
S315080086400260204670BD00BF40420F0060610020F6
S315080086503061002034610020012208B5034B1A70EE
S3150800866016F0BDFB024B186008BD00BF168101203D
S315080086702C61002010B514F0C7FC044615F09FFACB
S31508008680844207D916F0B7FB20B10122024B1860C5
S31508008690024B1A7010BD00BF2C6100201681012004
S315080086A0F8B51F4C2378E3B116F099FB1D4B1E4D08
S315080086B01B68C01A28602B68A3B12B682B6014F0BE
S315080086C0A3FC4FF416725043184A00F5742000F2C2
S315080086D03F20B0FBF2F02B682B68834204D90023B5
S315080086E02370F8BD0123E9E71148124E037829687B
S315080086F056F82320104F511A3A68521A29683A60D8
S3150800870046F823100A210932B2FBF1F20B4D013368
S31508008710DBB22A60B3FBF1F201FB12330370DEE72A
S31508008720168101202C6100205C61002040420F0068
S31508008730178101203461002030610020606100202B
S31508008740014B1868704700BF60610020F8B5032127
S315080087502C200FF04CFF04264FF480120D4C0E4BC4
S315080087600E4F04F500555A662C206F676E672F6703
S315080087702E6700F0B7F82C2000F098F84FF000723A
S3150800878004F580535F675E67AA624FF480529A6267
S31508008790F8BD00BF0040005A00900050010000A03C
S315080087A0064B074A996D11F0050F01D0117811B1E2
S315080087B00028F7D170470120704700BF0040005AD3
S315080087C018810120164B10B51C6F14F0040111D046
S315080087D0144A1167082191629B6DDA0701D4FFF7E5
S315080087E049FF00F043FF00F023FF012014F04AFC84
S315080087F016F003FBE30706D501220A4B1A67FFF7B3
S315080088004FFF00F015FF14F000521CBF054B1A6706
S31508008810002CBEBF4FF00042024B1A6710BD00BFC6
S315080088200040005A0060005A0028ACBF00F16040C2
S31508008830064B4FEA0111C9B2ABBF00F5614000F023
S315080088400F0080F800131954704700BF14ED00E0BC
S3150800885008B516F009FA0B4B1A7872B901221A7084
S3150800886016F0FDF96FF0040210460132052152B2E6
S31508008870FFF7DAFF4C2AF7D108BDBDE8084016F025
S31508008880EEB900BF1981012000280CDB0122064938
S31508008890430900F01F008240203341F82320BFF32C
S315080088A04F8FBFF36F8F704700E100E0002807DBAA
S315080088B001234109034A00F01F00834042F8213092
S315080088C0704700BF00E100E0054B421153F8223023
S315080088D000F01F0023FA00F0C04300F001007047C3
S315080088E000E100E0002808DB01224309034900F003
S315080088F01F008240603341F82320704700E100E002
S3150800890073B5044616F0B0F9054615F0D0F960B10E
S315080089100E4E3378FF2B8DF8073006D10DF1070080
S31508008920FBF76CF89DF807303370094B28461C6036
S3150800893016F095F915F0BBF928B1224600209DF8E6
S3150800894007100EF016FA002002B070BD338A012017
S315080089506461002073B516F087F90D4D0D4B2E781E
S315080089601C6816F07CF915F0A2F938B1FF2E05D06F
S315080089700020297801AA0EF0F5F9019C2CB916F009
S3150800898073F9054B1C6816F06AF9204602B070BDEB
S31508008990338A0120646100206861002010B504460E
S315080089A016F062F9024B1C6016F059F9002010BD4A
S315080089B06861002038B50C461546014610B9FFF720
S315080089C0C9FF01462B462246034801F0A5FA0028AE
S315080089D0D4BF3720002038BD5D86010838B5044667
S315080089E0D0F870311D68AB6C5906FCD5002394F895
S315080089F079111A4694F87801FEF722FC002394F8B8
S31508008A007B111A4694F87A01FEF71AFC94F880311D
S31508008A10DA0707D5002394F87D111A4694F87C01E5
S31508008A20FEF70EFC94F880319B0707D5002394F8CF
S31508008A307F111A4694F87E01FEF702FC012205F51D
S31508008A4000531A65042200211A652846094D0FF0BD
S31508008A505CF9D4F8740116F015F9284604F5C271C4
S31508008A600EF0B1F92B6813B9034800F05DFD00203C
S31508008A7038BD00BF6C61002070610020012910B567
S31508008A8002D9022914D010BD134B1C68A4F5C27470
S31508008A9014F5C27FF7D0D4F8740116F0F0F8D4F8BC
S31508008AA07031052118680FF030F9D4F88441EDE7E4
S31508008AB0094B1C68A4F5C27414F5C27FE3D094F878
S31508008AC0973033B994F895301BB9D4F8740116F079
S31508008AD0D9F8D4F88441EDE76C6100202DE9F04718
S31508008AE01D4613688EB01F6891F831308146884656
S31508008AF0144606AE002B00F0F180DFF820C2BCE871
S31508008B000F000FC69CE80F0086E80F001822002108
S31508008B10684611F002F9A3680893237B012B00F03D
S31508008B20E080022B0CBF4FF440730023ADF82630CB
S31508008B30637B4FF0010A032B8CBF4FF480536C4ABA
S31508008B40CDF834D098BF32F813308DF806A0ADF8BA
S31508008B502830A37B29465A1E022A88BF0023654A65
S31508008B608DF80030D8F8383048461A60624A5A609C
S31508008B70624A9A60624ADA60424600F043FB064659
S31508008B80002840F0A78023695E48C5F87431237E23
S31508008B9085F87B31E37D85F87A31A37D85F87931CF
S31508008BA0637D85F87831A37E85F87D31637E85F807
S31508008BB07C31237F85F87F31E37E85F87E31236813
S31508008BC0C5F8703116F05BF853460422A17D607D26
S31508008BD0FEF736FB5346217E0222E07DFEF730FB88
S31508008BE085F88061206916F04AF898F831303846D9
S31508008BF006A9002B78D00FF0AFF895F8803143F02E
S31508008C00040385F880311421227D3F4B03EB421083
S31508008C10C0F8941494F816C0617D253241EA0C41D7
S31508008C20C0F8AC14207EE17D03EB421341EA004113
S31508008C305960A37B03F0FD03012B0BD195F8803116
S31508008C40022243F0010385F88031A17E0023607E6D
S31508008C50FEF7F6FAA37B023B012B0BD895F8803179
S31508008C60042243F0020385F88031217F0023E07E49
S31508008C70FEF7E6FA95F88031DB0717D5A17E627E06
S31508008C80237D42EA014241F29C415B0103F1A04384
S31508008C9003F570335A5041F2944202219950217FCC
S31508008CA0E27E03F5A55342EA01421A60174B1B6898
S31508008CB01BB91749174800F025FC144805F5C27179
S31508008CC00EF06EF8144A07F5005305213846DA64A3
S31508008CD00FF01BF830460EB0BDE8F087DFF840C04D
S31508008CE00DE74FF4007321E70FF03AF88BE700BF62
S31508008CF024F2010889860108BB8601089F860108B7
S31508008D00DD890008D4F1010800C003506C61002019
S31508008D10E487012070610020FF3F0D032CF2010853
S31508008D204CF20108034B0222186800238068194692
S31508008D3003F06ABD64880120302337B5007D0DF144
S31508008D400701434303F1A04303F58023DD6E1C6F3F
S31508008D5013F0C2FB9DF8070040B9054B9D4203D1AD
S31508008D6084F00204C4F3400003B030BD0120FBE7E1
S31508008D701A8101203021037D02464B4303F1A043AB
S31508008D8003F58023D86E07491B6F884208D113F074
S31508008D90020006D0106A136D1B1A584258417047D4
S31508008DA0002070471A8101207FB504460D4690F8C9
S31508008DB0A16012F037F9022817D1D5B1AEB9114B17
S31508008DC06846CDE9003604F1FC0302932023039399
S31508008DD014F097FFC4F8F80020460FF0C8FC20B935
S31508008DE00121D4F8F80014F0A2FF84F8A15004B0C9
S31508008DF070BD002EF9D0D4F8F80015F020F8C4F8A4
S31508008E00F850F2E76CF201082DE9F743D0E904348B
S31508008E1004F17C07D0F80C900646013B102200218D
S31508008E203846D4F874809DB210F077FF0B4BC5F323
S31508008E300A0543EA0513C4E91F39012394F87800A3
S31508008E4084F88C30C4F884803A46054B009604F1C1
S31508008E506401FBF78BFA03B0BDE8F083000010301D
S31508008E608B8701082DE9F04F04464FF444764FF0FE
S31508008E7030093F4D00F138071022002185B03846E9
S31508008E8010F04BFF6687C4E90F55207DFBF794FA6F
S31508008E9010220021384610F040FF6687207D354EA7
S31508008EA0C4E90F5509FB0063DB6EAB4204D105B07C
S31508008EB0BDE8F04FFBF7A0BA0DF10B0113F00CFB60
S31508008EC09DF80B50002D4CD120460FF03AFC8046F9
S31508008ED003A9207D13F022FB039B2946013B1FFAB9
S31508008EE083FB04F118031D4610221846D4F810A077
S31508008EF010F013FFA169204ACBF30A031B010A40AD
S31508008F0043F040731343C4E9063A237DC4F820802E
S31508008F1009FB0366336F94F824205B0863F3410268
S31508008F2084F82420326F94F8243025F0030562F380
S31508008F30000384F82430336F626A9B0863F39F0248
S31508008F4045F002056262656400943A4621460B4B79
S31508008F50207DFBF70BFA207DFBF74EFA05B0BDE83E
S31508008F60F08F94F844306FF3410384F84430EBE70C
S31508008F701A810120000004500F80FFFCF9870108C0
S31508008F802DE9F04F8BB0044699460891069212F0E7
S31508008F9049F80228054613D14FF0FF31D4F8A4004A
S31508008FA014F09CFF002840F0298194F8A1303BB1C9
S31508008FB04FF0FF332A460121D4F8F80014F00BFFCE
S31508008FC00023C9F80030D9F80050069B5E1B00F054
S31508008FD0A180089B5D1900F09D8020460FF0C7FB15
S31508008FE08346002840F0968020460FF0AAFB216DA4
S31508008FF094F89AA088429BBFD4E912329B18431A68
S315080090005B1A9E4228BF1E46BAF1000F00F0BA80CE
S3150800901015F02AFE236D079020460993FFF78CFE6C
S315080090203746099B804698198342D4F89C1040F02D
S315080090308280D4E912030344994208BFC4F89C000D
S31508009040079815F00CFEC246207DFBF7B5F92046B9
S31508009050FFF772FE054620460FF073FB236D834625
S31508009060984240F29D80A26CB5B2934240F090803F
S31508009070099304F128082369102200214046079322
S3150800908010F04BFE3021079B013DE362099BC5F3B7
S315080090900A052363237D2D014B4328F0030803F1BA
S315080090A0A04345F0407548F0020203F58023A56207
S315080090B01A67236DD4E9121233440A44934208BF4F
S315080090C00B465B4523650DD194F8A13023B10121E8
S315080090D0D4F8F80014F058FE0123204684F85430DA
S315080090E0FFF7C0FE207DFBF787F994F89A303BB16D
S315080090F0BAF1000F04D0236E112120465B68984709
S3150800910047B1D9F80030069A3B449342C9F8003073
S31508009110FFF459AF11F086FF022803D1D4F8A40052
S3150800912014F001FFD9F80030002B14BF00201B20D3
S315080091300BB0BDE8F08F013303F1FF3C614510D158
S31508009140C4F89C3013F8011C112901D0132915D134
S31508009150013FA1F1110251425141D34684F8A010B2
S3150800916062E713F8011C01F0FD0CBCF1110F06D1E2
S31508009170013FBBF1000F3FF457AFEAE7D34605F8C6
S31508009180011B51E73246284610F0D2FD37465BE709
S31508009190238DC3F30A12154465F30E13238588E756
S315080091A0207D95B93023584300F1A04000F5802072
S315080091B0426E436EC2F30A1223F4FF43324423F08D
S315080091C0700343EA0213436673E70D4B0494039353
S315080091D00023CDE90163012300935A4623692168D8
S315080091E00DF0D1FF3022237D534303F1A04303F54D
S315080091F080235A6E22F480125A665AE7284697E761
S31508009200F98701082DE9F0410C46154606464FF444
S31508009210B872002190B0204610F07FFD2746AC4674
S31508009220BCE80F000FC7DCF8003005F1140C3B60F2
S3150800923004F16407BCE80F000FC7DCF80030EA6ADF
S315080092403B60AB6AC4E9132395F83020A36484F81D
S31508009250992095F83320C4F89C30012384F89A2085
S3150800926084F8A03084F85430AB6B236695F8313017
S3150800927084F89830544B34607360544BB360544B45
S31508009280F360544B7361544BB361544B3361FBF732
S3150800929039F810B1524B98420FD1002107A8FAF7B6
S315080092A0B9FF014648B9079B07A82375FAF7B2FF25
S315080092B0074630B1207DFAF7FFFF102010B0BDE851
S315080092C0F081079B4FF0010884F87830454B7362AC
S315080092D0454BB362454B84F8A180CDE9083004F1CB
S315080092E0A8030A93502308A80B9314F0BAFD404B21
S315080092F0C4F8A400CDE9083708A804F590730A93C2
S3150800930014F0AFFD3B4BC4F81C01CDE90C3704F152
S31508009310FC030E9320230CA80F9314F0F2FC364B93
S31508009320C4F8F800F361354B95F8321033622046DD
S3150800933084F8967084F895800FF04DFBAB6B93F923
S315080093401100FFF7CFFAAB6B93F91100FFF7AEFAEE
S31508009350207DFBF731F80028AFD1294B0494CDE9DD
S315080093600203E36CCDE900832369A26C2168207DA2
S315080093700DF009FF0028A0D13022237D4FF480117B
S31508009380534342F2640203F1A04303F58023995044
S31508009390AB6B93F91000FFF7A5FAAB6B93F91000C6
S315080093A0FFF784FA04F190000DF0F7FC3046FFF75A
S315080093B0F5FA2046FFF756FD207DFBF71DF8003825
S315080093C018BF0120000179E785880108B3870108DD
S315080093D0818F00082B870108318701084F8A010809
S315080093E0038000F0A98D00083D87010883F2010873
S315080093F08DF201086CF20108D78901083787010840
S31508009400F987010870B50568144E2C7D2046FAF7D1
S31508009410D3FF302303FB0463DA6E114B9A420FD154
S315080094202846FFF789FC80B115F01EFC01230D4A7A
S31508009430A3405365A2F580529362536315F00FFC5F
S315080094402046BDE87040FAF7D7BF2846FFF792FCDA
S315080094500028F5D10123A340B364F1E700000450C6
S315080094601A8101200020045013B5094C684600F003
S315080094703FF8237853B9DDE900010222054B10F0C5
S3150800948096F808B90123237002B010BD1220FBE735
S315080094901B8101207861002007B5009313460A4610
S315080094A0014603480FF097FB03B05DF804FB00BFC5
S315080094B07861002013460A46014601480FF07BBC36
S315080094C07861002013460A46014601480FF076BD2A
S315080094D078610020014601480FF0C7BE7861002078
S315080094E013460A46014601480FF08CBF78610020F2
S315080094F00249034A0160521A4260704748B801207F
S315080095000000042038B54160044615F0A4FB054662
S31508009510214604480DF044FC2846BDE8384015F0BD
S3150800952095BB00BFA061002038B5054615F093FB32
S315080095300446294603480DF046FC2046BDE8384057
S3150800954015F084BBA061002001480DF026BC00BFC1
S31508009550A061002070B515F07EFB134D0446134834
S3150800956015F08DFB2E7896B900F0D8F9FFF7ECFFC9
S3150800957015F056FC0E4B1E6013F046FD0D4B0E4AB9
S315080095801860536F43F00103536710F02EF800F08C
S31508009590A1F810F040F8094B1860012320462B70FB
S315080095A015F054FB002070BD28810120D4F1010874
S315080095B0A4610020CC61002000400050A861002072
S315080095C038B5044615F047FB0F4D02462B78FF2B9E
S315080095D004D1B4B1BDE8384015F038BB1BB9002C2E
S315080095E0F8D0012103E0002C0CBFFF2101210B4418
S315080095F0DBB22B70B3FA83F304495B0910460B7090
S31508009600E8E71946F3E700BF2581012024810120F8
S31508009610054B1B685843054B00F5742000F23F20A4
S31508009620B0FBF3F0704700BFCC61002040420F004A
S3150800963010B5094B1B786BB1084C237853B113F05E
S31508009640FDFA0023064A237013700123054A137096
S31508009650054A137010BD00BF278101202281012011
S31508009660218101201D8101201C810120034B1B78CB
S3150800967013B10122024B1A70704700BF27810120DF
S315080096802281012073B5114E0446337883420FD0E8
S315080096904FF400730E4DADF8043058B101A8FDF72C
S315080096A07DFA4020FFF7B4FF2B68181A286034703B
S315080096B002B070BD8DF8050001A8FDF76FFA4020CD
S315080096C0FFF7A6FF2B681844F0E700BF348A01208D
S315080096D0D061002073B5002401A88DF80440FDF779
S315080096E0F5FA2046224CFFF7CDFFD4F80031214A7F
S315080096F003F0030313604FF480121F4B1F4D5A6685
S315080097004FF400325A6613F0C7F91D4B1B780BB39A
S31508009710D4F8003103F00303022B23D0032B24D003
S31508009720012B17D111F004FC024698B1154B164EC1
S31508009730DC6800231946C4F30B04013404EB8404E3
S315080097400138E4FB060102F0BDFEFFF761FF2B6856
S3150800975003442B601F20FFF75BFF2B6803442B6035
S3150800976002B070BD11F042FCDEE711F0E7FBDBE763
S3150800977000800050DC61002000900050D06100207D
S315080097802B81012000C0015040420F000122114BDD
S3150800979010B55A67104B114C1B78A3B1022015F06F
S315080097A02EFB80B113F058FC68B1A36DD90302D51E
S315080097B0E36D9A0703D4094B9B6DDB0704D54FF479
S315080097C08032044B9A6210BD0122054B1A70FEF7CF
S315080097D043FFF4E70050005A2C8101200040005A4C
S315080097E0298101200122014B1A7070472C81012022
S315080097F008B510F007FA034B1868BDE8084014F0DE
S3150800980058BA00BFE861002030B5094D8BB001ACED
S315080098100FCD0FC40FCD0FC42B68002101AA054830
S31508009820236014F0F1F9044B18600BB030BD00BF8B
S315080098309CF20108F1970008E861002070B515F060
S3150800984013FA144E05463478FCB9134B1C60134BB7
S315080098501C60134B1C6000F02BF8012015F0E5FA8C
S3150800986013F0DCFC0F4B0246186020B9284615F0A9
S31508009870F6F9232070BD234640F2E7310A4802F084
S3150800988021FE0A4B186001233370284615F0E7F9C4
S315080098900020EFE72F810120F4610020F06100200D
S315080098A0FC610020F861002018FCFFFFEC61002035
S315080098B010B5002486B01422214601A88DF8004070
S315080098C010F02BFA012313488DF8043015F0D7F958
S315080098D0BFF34F8F6846FDF7DBFF204601A98DF8D9
S315080098E00440FDF7E7FF20460F2112F061FE0F2125
S315080098F0204612F063FEFDF7B1FF12F03DFE064B5F
S3150800990043209C61FEF7EEFF4320FEF7CFFF06B02B
S3150800991010BD00BFC8F1010800800A5008B50A4802
S3150800992015F0ADF940F6015200210120FDF7FEFDC4
S315080099304FF49672002101200EF039FA4FF4807226
S31508009940024B9A6408BD00BFCCF1010800900A508A
S3150800995008B5094815F093F940F60162002102207E
S31508009960FDF7E4FD4FF49272002102200EF01FFA73
S315080099700022024B9A6408BDCCF1010800900A50F7
S3150800998010B5044611F0BAFA0C4BA0F57A729A4251
S3150800999012D84FF47A73B0FBF3F05C43084BB3FB71
S315080099A0F0F3B4FBF3F0022806D9BDE81040032310
S315080099B0B0FBF3F0F6F7B4BC10BD00BFFFC99A3B85
S315080099C040420F002DE9F04F9B4691B00B1E0A93BB
S315080099D0AD4B904614BF8146994600241A9E9BF8C3
S315080099E0000070B9444538BF224643464FF0000090
S315080099F00A9928BF08F1FF32C847204611B0BDE8CA
S31508009A00F08F25280BF1010B06D0224643460A990A
S31508009A10651CC8472C46E2E700230DE02D2A2AD00C
S31508009A20302A06D0303A092A4FF0000711D80A25FD
S31508009A3032E043F001038B46594611F8012B2B2AD5
S31508009A401CD0EBD8202A1CD0232A1DD02A2A2BD09A
S31508009A5000279BF800202E2A64D19BF801100BF1F1
S31508009A600102A1F13000092843F4806351D800258A
S31508009A704FF00A0C26E043F00203DCE743F0040348
S31508009A80D9E743F00803D6E743F01003D3E78B463C
S31508009A9005FB0722A2F13007594611F8012BA2F15E
S31508009AA030000928F3D9D4E756F8047B8B46002FF3
S31508009AB0BCBF43F002037F42CBE702460CFB05110D
S31508009AC0A1F13005104610F8011BA1F1300EBEF1C8
S31508009AD0090FF2D9114611F8010B6C282CD024D89D
S31508009AE0682830D06A2837D011468B461BF8010BF8
S31508009AF0672875D857284BD8452807D085D94628CA
S31508009B0000F03281472880D143F4006343F02003F4
S31508009B1040E12A2907D156F8045B0BF1020225EA2F
S31508009B20E575D7E75A460025D4E7742801D07A2880
S31508009B30DAD143F48073D8E750786C28F9D143F426
S31508009B404073911CD1E75078682802D043F080030F
S31508009B50CBE743F0C003F4E743F40073C5E70A2AEA
S31508009B6000F06381072A7FF450AF43F02103059381
S31508009B700823CDE903531023CDE9011356F8043B16
S31508009B8022460093484643460A990FF070FEFBE0CA
S31508009B90A0F158020F2A3FF638AF01A151F822F07A
S31508009BA0119C00080B9A00080B9A00080B9A0008EB
S31508009BB00B9A00080B9A00080B9A00080B9A0008E3
S31508009BC00B9A00080B9A0008119C0008B39D000820
S31508009BD0119C00088D9D00086D9D00088D9D00084C
S31508009BE0A0F16902D2B20F2A3FF60FAF012149F25E
S31508009BF0410C914011EA0C01B1D0782803F4806138
S31508009C0022D1002900F0918023F00D02102307E0ED
S31508009C10622803F4806220D142BB23F00C0202239F
S31508009C2012F4007100F08480CDE907720022CDE9B4
S31508009C30043206F1070A2AF0070A06950292FAE89C
S31508009C400223CDE900233DE06F2812D123F00C0250
S31508009C5009B123F00D020823E2E7582816D1002A95
S31508009C6039D123F00C0242F02002CFE723F00D028F
S31508009C70D5E7692823F0100230D023F01C0209B179
S31508009C8023F01D020A23CBE7AD96010842BB23F059
S31508009C901002930527D5073626F00706B2467168DF
S31508009CA05AF8083B0A26CDE907720027CA0F002989
S31508009CB0CDE904670695029202DA5B4261EB41013F
S31508009CC0CDE900314346224648460A990FF012FE6E
S31508009CD00446564683E623F00D02C4E70029D8D089
S31508009CE023F01102D5E7D00506F1040A01D5336839
S31508009CF003E0510614D596F90030CDE904720A221C
S31508009D00002B02924FEAD37203950192B8BF5B42C9
S31508009D1000934346224648460A990FF0A8FDD7E71E
S31508009D201306E4D5B6F90030E7E723F00C026DE731
S31508009D30D00506F1040A06D5CDE90472CDE9023547
S31508009D4001913368E4E7510608D53178CDE9023543
S31508009D500023CDE90472CDE90013DAE7316812F081
S31508009D60800F18BF89B2F1E743F02003CDE90173EC
S31508009D70073626F007060095B6EC020B4346224640
S31508009D8048460A99F6F78CFC044628E6672801D166
S31508009D9043F40063CDE90173073626F007060095FC
S31508009DA0B6EC020B4346224648460A99F6F7BCFA31
S31508009DB0EAE713F0020523D04FF0010A631C0B9360
S31508009DC0224643460A9916F8040BC8475DB354461B
S31508009DD00B9A1EE0434620200A99C8470AEB04025C
S31508009DE00AF1010ABA45F5D3002F07F1FF3308BF78
S31508009DF0002307F1010A1C4408BF4FF0020ADDE7F9
S31508009E00AA46EBE7551C434620200A99C8472A4626
S31508009E100134BC42F6D3A7EB0A03574538BF0023E3
S31508009E200B9A1A440B920B9CD9E53246002D52F830
S31508009E30046B14BF29464FF0FF310B92324631446A
S31508009E40107808B18A4211D1A2EB060A13F480628F
S31508009E500C9202D0AA4528BFAA4613F002030D9316
S31508009E601BD1AAEB040322460F9308E00132E7E769
S31508009E70531C0E93202043460A99C8470E9A0F9BF7
S31508009E80D3189F42F4D8A7EB0A03574538BF0023D7
S31508009E900AF101021C4403EB020AA31B0E9304E019
S31508009EA01D46434622460A99C8470E9B9C1916F832
S31508009EB0010B28B10C9B002BF3D06B1E002DEFD1A4
S31508009EC00D9B93B12246AAEB040505E0561C4346B2
S31508009ED020200A99C84732465319BB42F6D3A7EB46
S31508009EE00A03574538BF00231C440B9E77E500BF7D
S31508009EF00FB41FB506AA52F8043B02A903920092B2
S31508009F0004484FF0FF32FFF75DFD05B05DF804EB3E
S31508009F1004B07047939901081FB5CDE90201009373
S31508009F2002A9134603484FF0FF32FFF74BFD05B071
S31508009F305DF804FB9B9901081FB56B46084ACDF8E6
S31508009F400CD01068516803C3022302A94FF0FF30F2
S31508009F508DF8083010F043FA05B05DF804FB00BF31
S31508009F6028F301084FF0FF30014910F036BA00BF58
S31508009F7030F3010807B5FAF7C5F9094B984200D03E
S31508009F8050B9002101A8FAF745F928B94FF0FF3072
S31508009F909DF8041010F030F803B05DF804FB00BF1C
S31508009FA0038000F038B508460C4610F0EEF8034674
S31508009FB020B994E80700024D85E80700184638BD21
S31508009FC0006200202DE9F0432A48079F847A9442CC
S31508009FD04CD9066802EB42024FEA820C16EB820263
S31508009FE046D05089002843D0B2F90440B2F9065049
S31508009FF08C42B2F908E02FDCA942A8BF2946BEF177
S3150800A000000F35D000F1FF381FFA88F80EFB084913
S3150800A0100A1B92FBFEF24D45D8BF404692B29042CB
S3150800A02002D3A94218BF104656F80C2052F82060F1
S3150800A03002EB800C18B15CF8048D46450ED08D42B3
S3150800A0401EBF1EFB00F1091909B2994209DC00205E
S3150800A0503E60B980BDE8F0832146D0E7013880B27A
S3150800A060E8E70028F3D0013880B2DFE70E20F1E7F1
S3150800A0700220EFE70062002008B506494FF0FF30DE
S3150800A080FFF790FFBDE8084001214FF0FF3010F0C0
S3150800A09083B800BF9CFC0108004870470080FFFF9A
S3150800A0A008B5164B4FF4FC72002118460FF035FE22
S3150800A0B00A22134902614261124A8161C2614FF460
S3150800A0C020520262002282624262C262C0F808110D
S3150800A0D00D490346C0F80C114FF48061C0F8101101
S3150800A0E00A49C0F81821C0F81421C0F81C2111F833
S3150800A0F0010D98540132102AF9D108BD50B6012035
S3150800A1004CFD0108508E0120508A012065FD01088A
S3150800A110F8B5182700FB0775124B0E461D4407FBBA
S3150800A1200033DB6A1446012B0AD0022B14D023B95C
S3150800A13028460FF04DFC844208D900242046F8BD75
S3150800A14028460FF045FC844228BF0446224631467D
S3150800A15028460FF046FCF1E72846BDE8F8400FF020
S3150800A1605BBC00BF50B60120F8B50B4B04461B7804
S3150800A1700D46532B164601D0FFF792FFEFF31187D2
S3150800A1804FF0200181F31188324629462046FFF711
S3150800A190BFFF87F31188F8BD50B601202DE9F041BD
S3150800A1A0164C1E4623780546532B8846174601D07B
S3150800A1B0FFF776FF092D1DD8EFF3118C4FF020011C
S3150800A1C081F3118865B1182005FB000344F8038064
S3150800A1D0E2180023576000FB054216629362536239
S3150800A1E0182303FB0544069BE3628CF311880020C1
S3150800A1F0BDE8F0814FF0FF30FAE700BF50B6012006
S3150800A2002DE9F84F1646054688460A464FF0010AD4
S3150800A2109946DDE90A43B24212D2CA4538BFCA4650
S3150800A22013F0010B01D184B90024EB68002B3CDB49
S3150800A2300127B9F1010F1ED909F1FF397743F8E76C
S3150800A240B2FBF6F20AF1010AE5E79B0711D5B9F167
S3150800A250000F14BF202730275445E6D9394628462B
S3150800A2600FF003FCEB68013C002BDEDB002CF3D17E
S3150800A270DAE72027F0E7B8FBF7F39E42DED9DFF8E6
S3150800A2804890B8FBF7F3284619F8031007FB13881C
S3150800A2900FF0EBFBEB68002B03DBB742B7FBF6F3DB
S3150800A2A005D2BBF1000F00D05CB9BDE8F88F1F4698
S3150800A2B0E7E7202128460FF0D8FBEB68013C002B86
S3150800A2C0F3DB5445F5D8F0E766FD01082DE9F04FB4
S3150800A2D000230E46402115469BB0CDE90613CDE96D
S3150800A2E008300DF1280A0390CDF814A016F8011BC2
S3150800A2F039B9089D002D00F3218108981BB0BDE8E7
S3150800A300F08F252940F0AB804FF0000907E0302B8D
S3150800A3100FD149F0020901E049F001090E4631461C
S3150800A32011F8013B2D2BF7D0F1D8232B13D02B2B6B
S3150800A3300ED00024314611F8013BA3F1300009285C
S3150800A3400CD80A2202FB04330E46A3F13004F1E7C7
S3150800A35049F00409E2E749F00809DFE72E2B11D195
S3150800A3600E464FF0000B0A27304610F8011BA1F1E4
S3150800A370300CBCF1090F07D807FB0B110646A1F1F3
S3150800A380300BF1E74FF0000B304610F8011B01F0D7
S3150800A390FB07682F0646F8D0782909D86F290BD805
S3150800A3A0632958D020D8252959D0582900F0A680E5
S3150800A3B0089B002B9ADA9CE770390829F8D801A07F
S3150800A3C050F821F02DA50008B1A30008B1A3000894
S3150800A3D00DA50008B1A30008EBA40008B1A3000866
S3150800A3E0B1A30008FDA400086429E1D129684FF04B
S3150800A3F00108081D28600A200F6887EAE771A1EBA3
S3150800A400E77109292FDCD84538BFD84684BB002414
S3150800A41008990029CCDB002F38DA2D217F4205A8C0
S3150800A4200FF023FB08990029C2DB09F00301022972
S3150800A43005D1BBF1000F02D1002C4BD1002408999D
S3150800A4400029B5DB5B460A223946CDE9004905A84D
S3150800A450FFF7D6FEACE72B681A1D19782A6005A8FF
S3150800A4600FF003FBA4E7B1FBF0F108F10108C8E718
S3150800A470002F09F0020122DB19F0040F1FD1D1B118
S3150800A480BBF1000F07D10899002991DB19F0040FD9
S3150800A490CBD02B21C3E719F0010FB9D1002CB6D0C8
S3150800A4A0A045B5D2202105A80FF0DFFA0899013C8E
S3150800A4B00029F3DAACE719F0010FEFD0E3E7013C26
S3150800A4C011B1BBF1000FA3D019F0010FA0D1002CD8
S3150800A4D0E4D19CE7A045B2D2302105A80FF0C5FA11
S3150800A4E00899013C0029A7DAA9E75B460A222968E8
S3150800A4F0081D2860CDE900490968A8E75B46296870
S3150800A500081D2860CDE900491022F5E72B681A1DB9
S3150800A5102A601C6814F8011B00293FF449AF05A8F6
S3150800A5200FF0A3FA089B002BF4DA41E7296800220A
S3150800A5300B1D2B600823CDE90032E5E7079C24B103
S3150800A540224651460398FFF70FFE2C440894D4E69A
S3150800A5502DE9F043AC4885B0F8F762FE28B1AB4860
S3150800A56005B0BDE8F043FFF7C3BCA948F8F7B2FE4B
S3150800A570064608B1A748F3E7A748FFF7B9FCA74876
S3150800A580FFF7B6FCA648FFF7B3FCFCF7FFFF024649
S3150800A5900B46A448FFF7ACFC03A8F8F7DDFE002835
S3150800A5A040F02D819DF80E309DF80D209DF80C1079
S3150800A5B09D48FFF79DFC9D48934DFFF799FC9C48E5
S3150800A5C0FFF796FC2B7C002B00F0B28199499A4A3A
S3150800A5D0012B18BF11469948FFF78AFC984A994BF0
S3150800A5E095F82110984800290CBF11461946FFF71F
S3150800A5F07FFCE9689548FFF77BFCA96A9448FFF752
S3150800A60077FC95F823109348FFF772FC95F8241009
S3150800A6109148FFF76DFC9148FFF76AFC2978904846
S3150800A620FFF766FC7A4C69888E48FFF761FCA988B3
S3150800A6308D48FFF75DFC21888C48FFF759FC8C484C
S3150800A640FFF756FC61688B48FFF752FCA1688A48F9
S3150800A650FFF74EFCA9688948FFF74AFCA97988489C
S3150800A660FFF746FC874A884B95F822108748012948
S3150800A67014BF11461946FFF73BFC616D8448FFF786
S3150800A68037FC8448FFF734FCB5F912108248FFF707
S3150800A6902FFC8248FFF72CFC2B7D8148022B96BFA6
S3150800A6A0804A654952F82310FFF722FC697D7E48E7
S3150800A6B0FFF71EFCA97D7D48FFF71AFC94F8591090
S3150800A6C07B48FFF715FC94F85A107A48FFF710FCF8
S3150800A6D07948FFF70DFC794A794BE97D79480029D5
S3150800A6E00CBF11461946FFF703FCEB7E764800932C
S3150800A6F0AB7E6A7E297EFFF7FBFB95F82010734830
S3150800A700FFF7F6FBEB69ABB11968714A714B7248F2
S3150800A710B1F1FF3F14BF11461946FFF7E9FB6F4F2A
S3150800A720DFF80482DFF8049295F82030F1B28B4204
S3150800A73000F200816A48FFF7DBFB94F858205F4B6C
S3150800A7405F496848002A08BF1946FFF7D1FBE16848
S3150800A7506548FFF7CDFB6548FFF7CAFB61696448A2
S3150800A760FFF7C6FBA1696348FFF7C2FBE1696248C8
S3150800A770FFF7BEFB216A6148FFF7BAFB616A6048CA
S3150800A780FFF7B6FBA16A5F48FFF7B2FBE16A5E48CE
S3150800A790FFF7AEFB21695D48FFF7AAFB5C48FFF7A8
S3150800A7A0A7FB216B5248FFF7A3FB616B5148FFF7E4
S3150800A7B09FFBA16B5748FFF79BFBE16B5648FFF7DA
S3150800A7C097FB216C5548FFF793FB616C4C48FFF7E4
S3150800A7D08FFBA16C4B48FFF78BFBE16C4A48FFF7F0
S3150800A7E087FB206D01F0E4FA02460B464C48FFF75A
S3150800A7F07FFB0F48FFF77CFB05B0BDE8F0834948AF
S3150800A800FFF776FBD7E600BF68620020F2FD010875
S3150800A8100C6200201FFE010849FE01086DFE0108B2
S3150800A82094FE01089BFE0108B6FE010801FF010817
S3150800A83036FF010880FD010887FD010862FF01084F
S3150800A84097FD01088FFD010885FF0108A8FF01088B
S3150800A850D9FF01080A00020845000208800002081C
S3150800A8609B000208C1000208E70002080D01020861
S3150800A8703C010208530102087E010208B2010208DF
S3150800A880DD010208AAFD0108A0FD0108030202086D
S3150800A890290202085602020876020208A1020208E4
S3150800A8A0BE02020824120208E40202080A03020889
S3150800A8B030030208560302087C030208C1FD01089A
S3150800A8C0BDFD01089A030208C20302080304020830
S3150800A8D0DDFD0108C4FD01084B0402087EF10108EC
S3150800A8E0330402088C040208B2040208D9040208D8
S3150800A8F0F30402081A050208410502086805020859
S3150800A9008F050208B6050208DD05020804060208D6
S3150800A9102B060208450602086C060208930602087A
S3150800A920BA060208DCFE0108E6FD010873040208FF
S3150800A930094950E6EB6953F8212051B91868B0F176
S3150800A940FF3F14BF3B4643464846FFF7D1FA013658
S3150800A950EAE63B46F8E700BF76FD010808B5064873
S3150800A960FFF7C6FAF8F704FD20B1BDE8084003482A
S3150800A970FFF7BEBA08BD00BFE406020802070208D0
S3150800A98008B50648FFF7B4FAF8F72AFD20B1BDE87E
S3150800A99008400348FFF7ACBA08BD00BF1D07020808
S3150800A9A03B07020838B5D0E90232114C53F8223079
S3150800A9B02046B3F90050F8F733FC20B10D48BDE83E
S3150800A9C03840FFF795BA20466582F8F7D3FB08B1F9
S3150800A9D00948F4E72046F8F723FC28B12946074832
S3150800A9E0BDE83840FFF784BAB4F912100448F7E70F
S3150800A9F068620020F2FD0108560702086E07020881
S3150800AA009D07020838B5D0E9023253F822301D787E
S3150800AA103DB1012D05D029461548BDE83840FFF758
S3150800AA2067BA144C2046F8F7FBFB20B11248BDE87C
S3150800AA303840FFF75DBA20462574F8F79BFB08B146
S3150800AA400E48F4E72046F8F7EBFB30B10C490D4BFE
S3150800AA500D48012D18BF1946DFE7237C33B1084995
S3150800AA600A4A012B18BF11460948D6E70549FBE7EC
S3150800AA70BA07020868620020F2FD0108F00702081A
S3150800AA8080FD010876FD01080408020887FD010813
S3150800AA902A08020808B50348FFF72AFABDE808405D
S3150800AAA0F8F7D8BC3E08020808B50348FFF720FAAD
S3150800AAB0BDE80840F8F7FEBC5E08020838B504464B
S3150800AAC01748FFF715FAD4E90232164C53F8223024
S3150800AAD020461D78F8F7A4FB20B11348BDE8384096
S3150800AAE0FFF706BAB5FA85F35B095B0020462375BE
S3150800AAF0F8F740FB08B10D48F0E72046F8F790FB59
S3150800AB0028B129460A48BDE83840FFF7F1B9237D40
S3150800AB100848022B96BF084A084952F82310F2E75C
S3150800AB207E08020868620020F2FD0108A4080208EF
S3150800AB30BF080208E90802082412020887FD01086E
S3150800AB4038B5D0E90232104C53F8223020461D6839
S3150800AB50F8F766FB20B10D48BDE83840FFF7C8B9DD
S3150800AB602046A560F8F706FB08B10948F4E7204631
S3150800AB70F8F756FB28B129460648BDE83840FFF7DE
S3150800AB80B7B9A1680448F8E768620020F2FD010831
S3150800AB90010902081A0902084A09020873B5D0E928
S3150800ABA002321B4C53F8221003EB82035B682046E3
S3150800ABB00E881D88F8F734FB28B1164802B0BDE8A0
S3150800ABC07040FFF795B920466680A580F8F7D2FA57
S3150800ABD008B11148F2E72046F8F722FB38B12A46B1
S3150800ABE031460E4802B0BDE87040FFF781B961886A
S3150800ABF0A288B14201D1954206D03346009508484D
S3150800AC00FFF776F902B070BD2A460648EAE700BFA4
S3150800AC1068620020F2FD0108680902088509020831
S3150800AC20B7090208F609020838B5D0E90232104C0D
S3150800AC3053F8223020461D78F8F7F2FA20B10D486D
S3150800AC40BDE83840FFF754B92046A571F8F792FADF
S3150800AC5008B10948F4E72046F8F7E2FA28B1294688
S3150800AC600648BDE83840FFF743B9A1790448F8E734
S3150800AC7068620020F2FD0108160A0208370A02086F
S3150800AC806A0A020838B5D0E90232104C53F8223065
S3150800AC9020461D68F8F7C4FA20B10D48BDE83840CB
S3150800ACA0FFF726B92046E560F8F764FA08B10948BF
S3150800ACB0F4E72046F8F7B4FA28B129460648BDE86D
S3150800ACC03840FFF715B9E1680448F8E768620020DC
S3150800ACD0F2FD01088B0A0208A90A0208E70A020817
S3150800ACE038B5D0E90232104C53F8223020461D6898
S3150800ACF0F8F796FA20B10D48BDE83840FFF7F8B8DE
S3150800AD002046A562F8F736FA08B10948F4E720465E
S3150800AD10F8F786FA28B129460648BDE83840FFF70D
S3150800AD20E7B8A16A0448F8E768620020F2FD01085E
S3150800AD30130B02082C0B0208650B020838B5D0E97C
S3150800AD400232104C53F8223020461D78F8F768FA7C
S3150800AD5020B10D48BDE83840FFF7CAB8204625702F
S3150800AD60F8F708FA08B10948F4E72046F8F758FA58
S3150800AD7028B129460648BDE83840FFF7B9B8217812
S3150800AD800448F8E768620020F2FD01088C0B020807
S3150800AD90AA0B0208DA0B020838B5D0E90232174CBA
S3150800ADA053F8223020461D78F8F73AFA20B11448AD
S3150800ADB0BDE83840FFF79CB82B1E18BF0123204674
S3150800ADC0E375F8F7D7F908B10E48F1E72046F8F722
S3150800ADD027FA48B10C490D4B0D48002D18BF1946E6
S3150800ADE0BDE83840FFF784B8E17D074A074B0948B4
S3150800ADF000290CBF11461946F2E700BF6862002019
S3150800AE00F2FD0108010C0208F80B02086F1E020881
S3150800AE10230C02084F0C02082DE9F341D0E902324F
S3150800AE2053F8221003EB82035A68194C16789A686D
S3150800AE30DB6820460D78177893F80080F8F7F0F964
S3150800AE4028B1144802B0BDE8F041FFF751B82046D2
S3150800AE5025766676A77684F81B80F8F78BF908B10D
S3150800AE600D48EFE72046F8F7DBF950B13B46324686
S3150800AE7029460A48CDF80080FFF73AF802B0BDE83F
S3150800AE80F081E37E06480093A37E627E217EF3E787
S3150800AE9068620020F2FD0108690C0208890C0208A4
S3150800AEA0D40C0208F8B5D0E90232214D53F8221025
S3150800AEB003EB82035B6828460C781E68F8F7B0F93E
S3150800AEC020B11C48BDE8F840FFF712B895F82020D5
S3150800AED0A24206D821461848013ABDE8F840FFF7CD
S3150800AEE007B8EB690BB91548ECE727B2284643F8CB
S3150800AEF02760F8F73FF908B11148E3E72846F8F75D
S3150800AF008FF918B1324621460E48E6E7EB692BB1B0
S3150800AF1095F82020A24288BF53F82760324621467A
S3150800AF201CB9013601D10848D7E70848D5E700BF5C
S3150800AF3068620020F2FD01080D0D02082E0D0208B8
S3150800AF404E0D02086E0D0208A90D0208ED0D020845
S3150800AF5038B5D0E9023253F822301D7825B91148A0
S3150800AF60BDE83840FEF7C4BF0F4C2046F8F758F93D
S3150800AF7008B10E48F4E7204684F82050F8F7FAF8A6
S3150800AF8008B10B48ECE72046F8F74AF928B12946F4
S3150800AF900848BDE83840FEF7ABBF94F820100648CD
S3150800AFA0F7E700BF160E020868620020F2FD0108E6
S3150800AFB0390E02085E0E02089D0E020838B5D0E961
S3150800AFC00232184C53F8223020461D78F8F728F933
S3150800AFD020B11548BDE83840FEF78ABF2B1E18BFBA
S3150800AFE00123204684F82130F8F7C4F808B10F4841
S3150800AFF0F0E72046F8F714F948B10D490D4B0E480D
S3150800B000002D18BF1946BDE83840FEF771BF94F801
S3150800B0102110074A074B094800290CBF1146194653
S3150800B020F1E700BF68620020F2FD0108CA0E0208B7
S3150800B030F80B02086F1E0208EB0E02081E0F020824
S3150800B04038B5D0E9023253F822301D78022D04D9DA
S3150800B0500F48BDE83840FEF74BBF0E4C2046F8F7C0
S3150800B060DFF808B10C48F4E720462575F8F782F8AA
S3150800B07008B10A48EDE7237D0948022B96BF094A1D
S3150800B080094952F82310BDE83840FEF731BF00BF22
S3150800B0903F0F020868620020F2FD01087B0F0208D4
S3150800B0A0930F02082412020887FD010838B5D0E973
S3150800B0B0023253F822301D78212D04D90D48BDE8F7
S3150800B0C03840FEF715BF0C4C2046F8F7A9F808B12A
S3150800B0D00A48F4E70223204623756575F8F74AF807
S3150800B0E008B10748EBE72946BDE838400548FEF7AA
S3150800B0F0FFBE00BFA70F020868620020F2FD010824
S3150800B100E10F0208FF0F020838B5D0E9023253F8FA
S3150800B11022301C78631EDBB2C72B04D90C48BDE865
S3150800B1203840FEF7E5BE0B4D2846F8F779F808B122
S3150800B1300948F4E72846AC75F8F71CF808B107483B
S3150800B140EDE72146BDE838400548FEF7D1BE00BF09
S3150800B1502710020868620020F2FD01084A1002085A
S3150800B1607010020838B5D0E9023253F822301D783B
S3150800B170012D04D91348BDE83840FEF7B9BE124C74
S3150800B1802046F8F74DF808B11048F4E7204684F849
S3150800B1902250F7F7EFFF08B10D48ECE72046F8F71D
S3150800B1A03FF808B10B48E6E794F822100A4B0B4A19
S3150800B1B00B48012914BF11461946BDE83840FEF769
S3150800B1C097BE00BF9210020868620020F2FD0108CF
S3150800B1D0AF100208CB100208A0FD0108AAFD01085D
S3150800B1E0EA10020838B5D0E90232114C53F8223079
S3150800B1F020461D78F8F714F820B10E48BDE8384007
S3150800B200FEF776BE204684F82350F7F7B3FF08B159
S3150800B2100948F3E72046F8F703F828B1294607480E
S3150800B220BDE83840FEF764BE94F823100448F7E7F3
S3150800B23068620020F2FD0108FD1002081C110208D0
S3150800B2404D11020838B5D0E90232114C53F82230B4
S3150800B25020461D78F7F7E4FF20B10E48BDE83840D0
S3150800B260FEF746BE204684F82450F7F783FF08B158
S3150800B2700948F3E72046F7F7D3FF28B129460748D8
S3150800B280BDE83840FEF734BE94F824100448F7E7C2
S3150800B29068620020F2FD010884110208A311020861
S3150800B2A0D411020800B58DB001A8F7F7B9FFF0B9B7
S3150800B2B04E23ADF8083006238DF80A300D4B8DF86D
S3150800B2C00400049301238DF814306423ADF8163076
S3150800B2D0094BADF8060006930423ADF8243041F275
S3150800B2E088338DF8260001A80B93F7F743FF0DB0B6
S3150800B2F05DF804FBE093040001000A0073B500241E
S3150800B300154D164E4FF0FF32286801AB0DF10301BB
S3150800B3100194F8F789FD0028F4D1019A002AF1D0A2
S3150800B320336863B1D0680278042A08D8DFE802F0E7
S3150800B3300D0F0B0311001B680BB10830984701A8C5
S3150800B3400BF0D5FDDEE75B68F6E79B68F4E7DB689C
S3150800B350F2E71B69F0E700BF9862002094620020BC
S3150800B36070B5164E33783BBB154D052029460BF0B4
S3150800B37043FE044650B94FF0FF3105202A68F8F716
S3150800B3809FFC044620B12868F8F716FD204670BDD4
S3150800B39001460C4A0C4812F037FC50B94FF0FF3101
S3150800B3A02A680520F8F7CEFC2868F8F705FD192461
S3150800B3B0ECE701233370E9E71224E7E7308101203F
S3150800B3C0986200203C120208FDB2000818B1034B2F
S3150800B3D01860002070472220704700BF9462002042
S3150800B3E0014B024A1A6070470088012079B80008A4
S3150800B3F0034B002814BF02461A46024B1A607047D0
S3150800B40079B80008008801201FB5064B8DF804009E
S3150800B4101B6802918DF80C2001A8984705B05DF8C5
S3150800B42004FB00BF0088012010B5044638B102F0BD
S3150800B43019FD034B1B6AA36002F030FD012010BD05
S3150800B440607E0120114B00B51868114B114A18602F
S3150800B450114B8BB01360114A00210092104A1268F2
S3150800B460CDE901230F4B4FF4C86203930E4B0493A7
S3150800B4700E4B05931923CDE906233223CDE908138C
S3150800B4806946FCF7C7FA0BB05DF804FB2088012073
S3150800B490286100202461002014880120262A020839
S3150800B4A0BC650020586500205C65002068300020D7
S3150800B4B0064B1B681A7A022A04D812B11B68044A7A
S3150800B4C013607047032AF9D0704700BF248801200B
S3150800B4D0BC65002070B51F4DA2B00BAC0FCD0FC4D4
S3150800B4E095E80F0084E80F0000244FF47023CDE997
S3150800B4F002440494019313AD01AE0FCE0FC5164B4B
S3150800B500CDE9074409942B60144B18AD069306AE93
S3150800B5100FCE0FC52022124B13A92B60114B1248D0
S3150800B5201D93124B2094CDE91E23114B0BAA219390
S3150800B530104BFDF7D3FA04469DF87F304FF4E130FF
S3150800B540002B0CBF032100210BF0C3FC204622B0C0
S3150800B55070BD00BF402A02083C00015B01000F00D5
S3150800B5604400015B31810120486700200101010088
S3150800B57038880120C065002029B9074B1868036878
S3150800B5804BB1FDF73FBF012905D1034B1868036886
S3150800B5900BB10DF0B5BA70474C88012008B50449BF
S3150800B5A00448FDF7AFFFBDE80840FFF793BF00BFAB
S3150800B5B0508801207467002001480DF086B800BF46
S3150800B5C04867002008B504480BF08BFDBDE8084025
S3150800B5D002480BF086BD00BF782A0208602A0208D6
S3150800B5E00023044A01681370034A04481360FEF7EF
S3150800B5F07FBC00BF53810120E46B0020902A02081B
S3150800B6000168054AB1FA81F35B0913700022034BFE
S3150800B61003481A60FEF76CBC53810120E46B0020D6
S3150800B620A82A0208037843B10549064A012B18BF20
S3150800B630114642680448FEF75BBC0449F9E700BFB7
S3150800B640C62A0208CA2A0208D22A0208C22A0208F8
S3150800B6502DE9F8430026334C334F2568DFF8D89098
S3150800B6604FF47A7010F094FA3B7813B900262568DF
S3150800B670F6E78EB92368012B15D90BF0E3FB0BF01F
S3150800B680E2FB22682949D9F800000CF0F0FF3046A1
S3150800B690226826490EF007FA00262368AB4204D032
S3150800B6A001262568DCE72568DAE70136042E2568D1
S3150800B6B018D90BF0C7FB0BF0C6FB05221C49D9F8B5
S3150800B6C000000CF0D4FF0522194900200EF0EBF912
S3150800B6D00CF08BFF4FF47A7010F05AFA3B78002B77
S3150800B6E0DBD1C3E75EB94FF47A7010F051FA3B78B4
S3150800B6F0002BBBD023689D42D2D101262568C6F10E
S3150800B70005080BF09FFB0BF09EFB42460949D9F84A
S3150800B71000000CF0ACFF4246064900200EF0C3F9C3
S3150800B720D8E700BFE46B002053810120ED2A020808
S3150800B730112B0208422B0208B0570020016811B9E4
S3150800B7400648FEF7D5BBD0E9022302F1704018433C
S3150800B75001D10348F5E70348FEF7CABB7A2B02086E
S3150800B760912B0208BA2B0208836A2BB9034A13687D
S3150800B7700133136001F0CABF704700BFE46B0020B5
S3150800B78010B52D4890B0FEF7B3FB00232B4A2C4981
S3150800B790009301204FF48063FEF700FD05A8F7F734
S3150800B7A03FFD05A8FFF740FE05A8F7F7E3FC18B12B
S3150800B7B081B22448FEF79CFB2348FFF707FE18B121
S3150800B7C081B22248FEF794FB214B4FF48072029314
S3150800B7D0204B21490193022320480093002313F0AC
S3150800B7E0F5F91F48FEF784FB04A801F091FB48B160
S3150800B7F09DF8103033B1F7F72DFE18B181B219480C
S3150800B800FEF776FB0BF01EFB0BF01DFB164B04A890
S3150800B8101C6801F07DFB60B19DF81010134A144BAB
S3150800B820002918BF1A46204612490CF020FF10B00E
S3150800B83010BD0E4AF7E700BF012C0208548101200B
S3150800B840252C0208312C0208CC2D0208562C020899
S3150800B850846B002084670020822C020851B60008F9
S3150800B8608C2C0208B42C0208B0570020F82B0208CA
S3150800B870F02B0208D92C02082DE9F341044613F0EF
S3150800B880AEFA23780546062B6FD8DFE813F00700D3
S3150800B890170022007D00FE00D700EA000BF0D2FA5E
S3150800B8A00BF0D1FA7E4B7F4918680CF0E0FE7D4913
S3150800B8B0002002B0BDE8F0410EF0F5B80BF0C2FA70
S3150800B8C00BF0C1FA764B784918680CF0D0FE764929
S3150800B8D0EEE7237A724E022B4AD10BF0B3FA0BF03D
S3150800B8E0B2FA724930680CF0C2FE704900200EF0B8
S3150800B8F0DAF801270BF0A6FA0BF0A5FA62686C498C
S3150800B90030680CF0B4FE6268694900200EF0CBF886
S3150800B91068480BF0EFFB684C684B94F800801D6094
S3150800B920674B1F70B8F1000F0FD10BF08BFA0BF0B5
S3150800B9308AFA644930680CF09AFE624940460EF06D
S3150800B940B2F861480BF0D0FB277022785F490020D7
S3150800B9500EF0A9F80BF076FA0BF075FA22785B4927
S3150800B96030680CF084FE5A4B1D6002B0BDE8F081C9
S3150800B970012BBED10BF066FA0BF065FA5549306813
S3150800B9800CF075FE5349B1E70027454E01970BF0B9
S3150800B99059FA0BF058FA504930680CF068FE4E49CF
S3150800B9A038460EF080F80BF04DFA0BF04CFA626848
S3150800B9B03F4930680CF05BFE6268414C38463C49AA
S3150800B9C00EF071F8237853B13C4B1868281A11F019
S3150800B9D021FB052803D937480BF089FB2770364C1D
S3150800B9E02378E3B101A802F01DF8C0B1384B1868F6
S3150800B9F0281A11F00FFB019B984210D90BF022FA76
S3150800BA000BF021FA354930680CF031FE3349002035
S3150800BA100EF049F82C480BF06AFB002323702278B5
S3150800BA202A4900200EF03FF80BF00CFA0BF00BFA3F
S3150800BA302278264930680CF01AFE96E76368224891
S3150800BA403BB10BF051FB1B4802B0BDE8F0410BF0CF
S3150800BA504EBB0BF04CFB174802B0BDE8F0410BF0AB
S3150800BA6043BB002418480BF042FB12480BF03FFB7F
S3150800BA70114B1C700BF0E6F90BF0E5F9084B184969
S3150800BA8018680CF0F4FD164912E70BF0DBF90BF019
S3150800BA90DAF9034B134918680CF0E9FD114907E771
S3150800BAA0B0570020F22C02080A2D0208222D02089F
S3150800BAB03E2D0208602A0208518101208067002075
S3150800BAC052810120542D0208782A0208652D0208A1
S3150800BAD07C670020302D0208762D0208842D020886
S3150800BAE0962D0208B32D020881F0004102E000BF3E
S3150800BAF083F0004330B54FEA41044FEA430594EA20
S3150800BB00050F08BF90EA020F1FBF54EA000C55EA5A
S3150800BB10020C7FEA645C7FEA655C00F0E2804FEA2B
S3150800BB205454D4EB5555B8BF6D420CDD2C4480EA0D
S3150800BB30020281EA030382EA000083EA010180EA3D
S3150800BB40020281EA0303362D88BF30BD11F0004F8B
S3150800BB504FEA01314FF4801C4CEA113102D04042C1
S3150800BB6061EB410113F0004F4FEA03334CEA1333FC
S3150800BB7002D0524263EB430394EA050F00F0A78014
S3150800BB80A4F10104D5F1200E0DDB02FA0EFC22FA0F
S3150800BB9005F2801841F1000103FA0EF2801843FA03
S3150800BBA005F359410EE0A5F120050EF1200E012AF4
S3150800BBB003FA0EFC28BF4CF0020C43FA05F3C01832
S3150800BBC051EBE37101F0004507D54FF0000EDCF1AB
S3150800BBD0000C7EEB00006EEB0101B1F5801F1BD354
S3150800BBE0B1F5001F0CD349085FEA30004FEA3C0C58
S3150800BBF004F101044FEA445212F5800F80F09A804E
S3150800BC00BCF1004F08BF5FEA500C50F1000041EB51
S3150800BC10045141EA050130BD5FEA4C0C404141EB55
S3150800BC200101013C28BFB1F5801FE9D291F0000F50
S3150800BC3004BF01460020B1FA81F308BF2033A3F1FF
S3150800BC400B03B3F120020CDA0C3208DD02F1140CF6
S3150800BC50C2F10C0201FA0CF021FA02F10CE002F131
S3150800BC601402D8BFC2F1200C01FA02F120FA0CFC2A
S3150800BC70DCBF41EA0C019040E41AA2BF01EB045173
S3150800BC80294330BD6FEA04041F3C1CDA0C340EDC71
S3150800BC9004F11404C4F1200220FA04F001FA02F3B4
S3150800BCA040EA030021FA04F345EA030130BDC4F172
S3150800BCB00C04C4F1200220FA02F001FA04F340EA67
S3150800BCC00300294630BD21FA04F0294630BD94F018
S3150800BCD0000F83F4801306BF81F480110134013DFF
S3150800BCE04EE77FEA645C18BF7FEA655C29D094EA70
S3150800BCF0050F08BF90EA020F05D054EA000C04BFEE
S3150800BD001946104630BD91EA030F1EBF00210020D8
S3150800BD1030BD5FEA545C05D14000494128BF41F077
S3150800BD20004130BD14F580043CBF01F5801130BDDB
S3150800BD3001F0004545F0FE4141F470014FF0000066
S3150800BD4030BD7FEA645C1ABF194610467FEA655C17
S3150800BD501CBF0B46024650EA013406BF52EA0335B9
S3150800BD6091EA030F41F4002130BD00BF90F0000FA7
S3150800BD7004BF0021704730B54FF4806404F13204E3
S3150800BD804FF000054FF0000150E700BF90F0000F9C
S3150800BD9004BF0021704730B54FF4806404F13204C3
S3150800BDA010F0004548BF40424FF000013EE700BF93
S3150800BDB042004FEAE2014FEA31014FEA02701FBF23
S3150800BDC012F07F4393F07F4F81F06051704732F055
S3150800BDD07F4208BF704793F07F4F04BF41F40021AC
S3150800BDE0704730B54FF4607401F0004521F000410A
S3150800BDF01CE700BF50EA010208BF704730B54FF094
S3150800BE0000050AE050EA010208BF704730B511F094
S3150800BE10004502D5404261EB41014FF4806404F1CC
S3150800BE2032045FEA915C3FF4D8AE4FF003025FEA52
S3150800BE30DC0C18BF03325FEADC0C18BF033202EBD6
S3150800BE40DC02C2F1200300FA03FC20FA02F001FA30
S3150800BE5003FE40EA0E0021FA02F11444BDE600BFD3
S3150800BE6070B54FF0FF0C4CF4E06C1CEA11541DBF82
S3150800BE701CEA135594EA0C0F95EA0C0F00F0DEF84D
S3150800BE802C4481EA030621EA4C5123EA4C5350EA32
S3150800BE90013518BF52EA033541F4801143F4801383
S3150800BEA038D0A0FB02CE4FF00005E1FB02E506F014
S3150800BEB00042E0FB03E54FF00006E1FB03569CF069
S3150800BEC0000F18BF4EF0010EA4F1FF04B6F5007F6F
S3150800BED064F5407404D25FEA4E0E6D4146EB0606E1
S3150800BEE042EAC62141EA55514FEAC52040EA5E506A
S3150800BEF04FEACE2EB4F1FD0C88BFBCF5E06F1ED814
S3150800BF00BEF1004F08BF5FEA500E50F1000041EB4A
S3150800BF10045170BD06F0004646EA010140EA0200F7
S3150800BF2081EA0301B4EB5C04C2BFD4EB0C0541EA19
S3150800BF30045170BD41F480114FF0000E013C00F32E
S3150800BF40AB8014F1360FDEBF002001F0004170BD52
S3150800BF50C4F10004203C35DA0C341BDC04F114046B
S3150800BF60C4F1200500FA05F320FA04F001FA05F2F7
S3150800BF7040EA020001F0004221F0004110EBD370C4
S3150800BF8021FA04F642EB06015EEA430E08BF20EAF0
S3150800BF90D37070BDC4F10C04C4F1200500FA04F393
S3150800BFA020FA05F001FA04F240EA020001F0004125
S3150800BFB010EBD37041F100015EEA430E08BF20EA98
S3150800BFC0D37070BDC4F1200500FA05F24EEA020EE0
S3150800BFD020FA04F301FA05F243EA020321FA04F00F
S3150800BFE001F0004121FA04F220EA020000EBD370C6
S3150800BFF05EEA430E08BF20EAD37070BD94F0000FC6
S3150800C0000FD101F00046400041EB010111F4801FF9
S3150800C01008BF013CF7D041EA060195F0000F18BFAA
S3150800C020704703F00046520043EB030313F4801FE6
S3150800C03008BF013DF7D043EA0603704794EA0C0FA0
S3150800C0400CEA135518BF95EA0C0F0CD050EA4106B6
S3150800C05018BF52EA4306D1D181EA030101F0004133
S3150800C0604FF0000070BD50EA410606BF104619465B
S3150800C07052EA430619D094EA0C0F02D150EA013667
S3150800C08013D195EA0C0F05D152EA03361CBF1046A8
S3150800C09019460AD181EA030101F0004141F0FE4147
S3150800C0A041F470014FF0000070BD41F0FE4141F4CB
S3150800C0B0780170BD70B54FF0FF0C4CF4E06C1CEACB
S3150800C0C011541DBF1CEA135594EA0C0F95EA0C0F80
S3150800C0D000F0A7F8A4EB050481EA030E52EA03353B
S3150800C0E04FEA013100F088804FEA03334FF080555C
S3150800C0F045EA131343EA12634FEA022245EA111589
S3150800C10045EA10654FEA00260EF000419D4208BF39
S3150800C110964244F1FD0404F5407402D25B084FEAE6
S3150800C1203202B61A65EB03055B084FEA32024FF492
S3150800C13080104FF4002CB6EB020E75EB030E22BFEF
S3150800C140B61A754640EA0C005B084FEA3202B6EBAF
S3150800C150020E75EB030E22BFB61A754640EA5C005E
S3150800C1605B084FEA3202B6EB020E75EB030E22BFEE
S3150800C170B61A754640EA9C005B084FEA3202B6EBEF
S3150800C180020E75EB030E22BFB61A754640EADC00AE
S3150800C19055EA060E18D04FEA051545EA16754FEA10
S3150800C1A006164FEAC30343EA52734FEAC2025FEA2E
S3150800C1B01C1CC0D111F4801F0BD141EA00014FF0BD
S3150800C1C000004FF0004CB6E711F4801F04BF01438E
S3150800C1D00020B4F1FD0C88BFBCF5E06F3FF6AFAEAA
S3150800C1E0B5EB030C04BFB6EB020C5FEA500C50F13A
S3150800C1F0000041EB045170BD0EF0004E4EEA1131BD
S3150800C20014EB5C04C2BFD4EB0C0541EA045170BDC3
S3150800C21041F480114FF0000E013C90E645EA060E07
S3150800C2208DE60CEA135594EA0C0F08BF95EA0C0F35
S3150800C2303FF43BAF94EA0C0F0AD150EA01347FF47D
S3150800C24034AF95EA0C0F7FF425AF104619462CE754
S3150800C25095EA0C0F06D152EA03353FF4FDAE1046B7
S3150800C260194622E750EA410618BF52EA43067FF408
S3150800C270C5AE50EA41047FF40DAF52EA43057FF498
S3150800C280EBAE12E74FF0FF3C06E000BF4FF0010CA3
S3150800C29002E000BF4FF0010C4DF804CD4FEA410C07
S3150800C2A07FEA6C5C4FEA430C18BF7FEA6C5C1BD0D4
S3150800C2B001B050EA410C0CBF52EA430C91EA030F55
S3150800C2C002BF90EA020F0020704710F1000F91EAB2
S3150800C2D0030F58BF994208BF90422CBFD8176FEA80
S3150800C2E0E37040F0010070474FEA410C7FEA6C5C4E
S3150800C2F002D150EA013C07D14FEA430C7FEA6C5C55
S3150800C300D6D152EA033CD3D05DF8040B704700BF80
S3150800C3108446104662468C461946634600E000BFCE
S3150800C32001B5FFF7B7FF002848BF10F1000F01BDA0
S3150800C3304DF808EDFFF7F4FF0CBF012000205DF86B
S3150800C34008FB00BF4DF808EDFFF7EAFF34BF0120F0
S3150800C35000205DF808FB00BF4DF808EDFFF7E0FF89
S3150800C36094BF012000205DF808FB00BF4DF808EDDA
S3150800C370FFF7CEFF94BF012000205DF808FB00BF41
S3150800C3804DF808EDFFF7C4FF34BF012000205DF823
S3150800C39008FB00BF4FEA410212F5001215D211D56B
S3150800C3A06FF47873B3EB625212D94FEAC12343F0A4
S3150800C3B0004343EA505311F0004F23FA02F018BF26
S3150800C3C0404270474FF00000704750EA013005D1EF
S3150800C3D011F0004008BF6FF0004070474FF00000B2
S3150800C3E0704700BF4A0011D212F5001211D20DD5BE
S3150800C3F06FF47873B3EB62520ED44FEAC12343F05D
S3150800C400004343EA505323FA02F070474FF0000006
S3150800C410704750EA013002D14FF0FF3070474FF0B5
S3150800C420000070477BB972B90029BEBF00204FF0E3
S3150800C430004106E008BF00281CBF6FF000414FF01E
S3150800C440FF3000F0CDB9ADF1080C6DE904CE002936
S3150800C45009DB002B1ADB00F04DF8DDF804E0DDE916
S3150800C460022304B07047404261EB4101002B1BDBFD
S3150800C47000F040F8DDF804E0DDE9022304B04042AC
S3150800C48061EB4101524263EB43037047524263EB4F
S3150800C490430300F02FF8DDF804E0DDE9022304B0D9
S3150800C4A0404261EB41017047524263EB430300F09F
S3150800C4B021F8DDF804E0DDE9022304B0524263EB1B
S3150800C4C04303704753B94AB9002908BF00281CBF5F
S3150800C4D04FF0FF314FF0FF3000F082B9ADF1080C94
S3150800C4E06DE904CE00F006F8DDF804E0DDE9022384
S3150800C4F004B070472DE9F04F099D0C46002B4DD12D
S3150800C5008A420F4684469646B2FA82F360D94BB100
S3150800C51002FA03FEC3F120029F4000FA03FC20FA48
S3150800C52002F217434FEA1E461FFA8EF44FEA1C42E0
S3150800C530B7FBF6F106FB117701FB04F042EA074266
S3150800C540904208D91EEB020201F1FF3702D290424F
S3150800C55000F231813946121A1FFA8CFCB2FBF6F04A
S3150800C56006FB102200FB04F44CEA024C644508D989
S3150800C5701EEB0C0C00F1FF3202D2644500F21E815C
S3150800C580104640EA0140ACEB040C002125B12CFA18
S3150800C59003F30022C5E90032BDE8F08F8B4205D9C6
S3150800C5A00DB1C5E9000100210846F5E7B3FA83F1A4
S3150800C5B000294DD1A342C0F0F380904280F0F0806C
S3150800C5C0064623460846002DE6D0C5E90063E3E79C
S3150800C5D0002B40F0A3808A1A4FEA1E471FFA8EF6F0
S3150800C5E00121B2FBF7F407FB14204FEA1C4242EA8A
S3150800C5F0004206FB04F090420FD91EEB020204F13A
S3150800C600FF382CBF4FF001094FF00009904203D9BB
S3150800C610B9F1000F00F0CC804446121A1FFA8CFCC0
S3150800C620B2FBF7F007FB102200FB06F64CEA024CB9
S3150800C630664508D91EEB0C0C00F1FF3202D266459E
S3150800C64000F2B3801046ACEB060C40EA04409DE7C6
S3150800C650C1F120068B4004FA01FE22FA06F720FAF9
S3150800C66006FCF4408A401F434EEA0C0300FA01FE1A
S3150800C6704FEA17484FEA13491FFA87FCB4FBF8F04C
S3150800C68008FB104449EA044400FB0CF9A1450ED9FD
S3150800C6903C1900F1FF3A2CBF4FF0010B4FF0000B8D
S3150800C6A0A14503D9BBF1000F00F08B805046A4EBDF
S3150800C6B009041FFA83F9B4FBF8F308FB134403FBD8
S3150800C6C00CFC49EA0444A44506D93C1903F1FF3891
S3150800C6D001D2A4457BD8434643EA0040A4EB0C04A8
S3150800C6E0A0FB02984445CC46434602D306D1CE4524
S3150800C6F004D20138B9EB020C68EB0703002D6CD0A5
S3150800C700BEEB0C0264EB030422FA01F304FA06F604
S3150800C710CC4000211E43C5E900643DE702FA03FE4A
S3150800C720C3F1200104FA03F200FA03FCCC404FEAF5
S3150800C7301E4720FA01F11FFA8EF6B4FBF7F00A43FA
S3150800C74007FB1044110C41EA044100FB06F48C4235
S3150800C7500ED91EEB010100F1FF382CBF4FF001097D
S3150800C7604FF000098C4202D9B9F1000F2CD040468F
S3150800C770091B92B2B1FBF7F407FB141142EA014216
S3150800C78004FB06F1914207D91EEB020204F1FF38B9
S3150800C79001D291421ED84446521A44EA004120E783
S3150800C7A0861A64EB030301200DE7F44402384AE7CE
S3150800C7B0023C724431E702397244CCE6F44402384A
S3150800C7C0DFE602383C4472E702387144D0E7023BA0
S3150800C7D03C4481E7023C7244DEE72946DCE600BFBA
S3150800C7E0704700BF08B5064B044613B10021AFF3E6
S3150800C7F00080044B1B6803B1984720460BF078FF6E
S3150800C80000000000206D00202DE9F7431D46574B18
S3150800C81004460E461F68904627B13B6A13B9384648
S3150800C82000F032F9B8F1020F06D0B8F1010F00F2A4
S3150800C8309980002DC0F29680636ED90705D4A38926
S3150800C8409A0502D4A06D0DF071FA214638460DF00E
S3150800C85011FB616B41B104F14403994202D0384699
S3150800C8600CF0FBFD002363630023A3616360A389C7
S3150800C8701B0603D5216938460CF0EFFDA389B8F1EC
S3150800C880020F23F44A6323F00303A38160D001ABAC
S3150800C8906A46214638460DF0DFF9A3891843A08178
S3150800C8A02DBB009D284600F0E5FA0646002851D122
S3150800C8B0DDF80090A9453FD14FF0FF35B4F90C30AB
S3150800C8C043F00202A2810022A26004F1470222601C
S3150800C8D0226101226261626ED60704D4980502D4E9
S3150800C8E0A06D0DF024FA284603B0BDE8F083002EAB
S3150800C8F0D8D03B6A13B9384600F0C6F8B8F1010F2C
S3150800C900266002BFA38943F00103A381B4F90C3062
S3150800C91013F00802C4E904651ED0D90745BF0022F2
S3150800C9206D42A560A26048BFA561626ED20701D4B8
S3150800C9309B0513D50025D6E7484600F09BFA064620
S3150800C9400028B9D0A3894D4643F08003A381D0E7D8
S3150800C9500025B3E7A946F5E7A260E6E7A06D0DF066
S3150800C960E6F9E7E74FF0FF35BDE700BF6488012029
S3150800C970002310B504468360818119464366C28147
S3150800C98008228361C0E90033C0E904335C300DF046
S3150800C990C4F90D4B246263620C4BA3620C4BE36231
S3150800C9A00C4B23630C4B9C4206D003F1680294425D
S3150800C9B002D0D0339C4205D104F15800BDE810409E
S3150800C9C00DF0B3B910BD00BFC59E0108E79E01086A
S3150800C9D01F9F0108439F0108E86B0020024A03498C
S3150800C9E003480DF01BB900BF58880120759E010841
S3150800C9F06888012041680C4B994210B5044601D05D
S3150800CA000DF038FAA168094B994202D020460DF07C
S3150800CA1031FAE168064B994204D02046BDE8104039
S3150800CA200DF028BA10BD00BFE86B0020506C00203E
S3150800CA30B86C002010B50B4B04210B4C0B4A204652
S3150800CA401A600022FFF794FF04F168000122092109
S3150800CA50FFF78EFF04F1D00002221221BDE8104034
S3150800CA60FFF786BF206D0020E86B0020DDC90008AF
S3150800CA7001480DF05BB900BF5485012001480DF04F
S3150800CA8056B900BF5485012010B50446FFF7F0FFDC
S3150800CA90236A1BB1BDE81040FFF7F0BF044B2362C1
S3150800CAA0044B1B68002BF5D1FFF7C4FFF2E700BF64
S3150800CAB0F5C90008206D0020242B2DE9F04786468D
S3150800CAC0904601D8012B06D100F00CF91623036015
S3150800CAD00020BDE8F0870D4635482A4615F8014B73
S3150800CAE0065D16F00806F8D12D2C24D12C780126DF
S3150800CAF0951C2BBB302C30D00A2306F1004C0022A3
S3150800CB000CF1FF3C1046BCFBF3F903FB19CAA4F170
S3150800CB103007092F28D83C46A34234DD571C07D0D6
S3150800CB2081452DD301D1A2452ADB00FB0340012212
S3150800CB3015F8014BEBE72B2C04BF2C78951CD8E78E
S3150800CB40102BDAD1302CD8D12A7802F0DF02582AF5
S3150800CB50D3D16C7810230235CFE72B7803F0DF03A7
S3150800CB60582BF6D00823C8E7A4F14107192F01D896
S3150800CB70373CD1E7A4F16107192F04D8573CCBE716
S3150800CB804FF0FF32D4E7531C08D122236046CEF873
S3150800CB900030B8F1000F9CD0691E06E006B140428D
S3150800CBA0B8F1000F95D0002AF6D1C8F8001090E722
S3150800CBB0E12D020813460A46014602480068FFF7B7
S3150800CBC07BBF00BF648801202DE9F04386460D46E9
S3150800CBD0354E284615F8014B375D17F00807F8D18A
S3150800CBE02D2C26D12C780127851C3BBB302C32D026
S3150800CBF00A234FF0FF380026B8FBF3F803FB08F9C1
S3150800CC0030466FEA0909A4F1300CBCF1090F29D89E
S3150800CC106446A34237DDB6F1FF3F07D080452FD3E0
S3150800CC2001D1A1452CDB00FB0340012615F8014B79
S3150800CC30E9E72B2C04BF2C78851CD6E7102BD8D116
S3150800CC40302CD6D1287800F0DF005828D1D16C785E
S3150800CC5010230235CDE72B7803F0DF03582BF6D0E7
S3150800CC600823C6E7A4F1410CBCF1190F01D8373CDB
S3150800CC70CFE7A4F1610CBCF1190F04D8573CC8E7FB
S3150800CC804FF0FF36D2E7731C06D122233046CEF882
S3150800CC90003032B9BDE8F08307B14042002AF9D026
S3150800CCA006B1691E1160F5E7E12D020813460A462A
S3150800CCB0014602480068FFF787BF00BF6488012065
S3150800CCC038B50023064D0446084611462B600BF07E
S3150800CCD010FD431C02D12B6803B1236038BD00BF89
S3150800CCE0246D0020014B1868704700BF6488012036
S3150800CCF070B50D4D00260D4C641BA410A64209D133
S3150800CD000B4D00260B4C12F0DBF8641BA410A64250
S3150800CD1005D170BD55F8043B01369847EEE755F83E
S3150800CD20043B01369847F2E7488A0120488A0120E1
S3150800CD30488A01204C8A01202DE9F04F904685B09B
S3150800CD4089461E460D46454A02902B4615F8014B64
S3150800CD50175D17F00807F8D12D2C41D12C7801273B
S3150800CD609D1C002E41D1302C4CD00A2607F1004AD2
S3150800CD7007F1FF3BF31732460AF1FF3A5846039389
S3150800CD805146FFF79FFB019200228E4684461146C4
S3150800CD901046A4F13003092B05D9A4F14103192B38
S3150800CDA037D8A4F137039E423DDD541C15D084457F
S3150800CDB07EEB010234D38E4508BF844502D1019A21
S3150800CDC09A422DDB039A714300FB0211A6FB00026F
S3150800CDD00A44181842EBE371012215F8014BD8E70B
S3150800CDE02B2C04BF2C789D1CBBE7102EBED1302CF3
S3150800CDF0BCD12B7803F0DF03582BB7D16C781026FB
S3150800CE000235B3E72B7803F0DF03582BF6D0082654
S3150800CE10ACE7A4F16103192B05D8A4F15703C2E7BF
S3150800CE204FF0FF32D9E7531C0AD12223029A5846FB
S3150800CE3051461360B8F1000F0AD105B0BDE8F08F6E
S3150800CE4017B1404261EB4101B8F1000FF5D00AB1C4
S3150800CE5005F1FF39C8F80090EFE700BFE12D020899
S3150800CE6013460A46014602480068FFF765BF00BF39
S3150800CE7064880120024B014618680CF0EBBA00BF23
S3150800CE806488012038B50023054D044608462B6002
S3150800CE900BF02CFC431C02D12B6803B1236038BD70
S3150800CEA0246D002038B50446064D08461146002272
S3150800CEB02A601A460BF022FC431C02D12B6803B1E8
S3150800CEC0236038BD246D002038B50446064D084653
S3150800CED0114600222A601A460BF012FC431C02D1A6
S3150800CEE02B6803B1236038BD246D002038B504468D
S3150800CEF0064D0846114600222A601A460BF00EFC1B
S3150800CF00431C02D12B6803B1236038BD246D002071
S3150800CF1030B1044B1B685A1E53425341037001201B
S3150800CF20704700BFB4880120F1EE047AB4EEE70A30
S3150800CF30F1EE10FA10B548D4DFED257AB4EE670A9B
S3150800CF40F1EE10FA37FE800A9FED227AC0EE077AD4
S3150800CF50B2EE087A27EE877AB8FE477ABCEEC77A29
S3150800CF6080ED007AB2EE0E7A27EE877AB8FE477A17
S3150800CF70BCEEC77A81ED007AB3EE007A27EE877A9F
S3150800CF80B8FE477ABCEEC77A82ED007AB3EE057A28
S3150800CF9067EE877AF8FE677AFCEEE77AC3ED007AE1
S3150800CFA00468012C38BF012404600868012838BFCA
S3150800CFB0012008601168012938BF012111601A682B
S3150800CFC0012A38BF01221A6010BDB0EE670ABBE716
S3150800CFD00000C84200004842134B14491B6800F57C
S3150800CFE0AE720360124B1B684360124B1B6883606A
S3150800CFF0114B1B68C360114B1B680361104B1B6800
S3150800D0004361104B1B6883610123037700F12003FA
S3150800D01043F8041B9342FBD10023C0E95733C0E908
S3150800D0205933C0F86C3170475C7E01200000C07F20
S3150800D030587E0120547E0120507E01204C7E01201E
S3150800D040487E0120B4880120F7B5D0E95834D0F8D5
S3150800D0505C21C7680E46BA42D0F8685101D2A74289
S3150800D06039D80127C0F86C71C6B1A2424FF0640CDA
S3150800D070D0ED007A1046B8BF20460CFB00F0FDEE56
S3150800D080E77A90FBF6F117EE907A6145A8BF6146FC
S3150800D090ACEB0700414391FBFCF139440E460227ED
S3150800D0A00020CDE9004529490CF0FDFC284B1E60FF
S3150800D0B0284B1E60284BD3F8042A1AB1D3F8083A2D
S3150800D0C0002B41D03A463146E7BB032003B0BDE802
S3150800D0D0F040FEF799B947699F4201D9AF421FD878
S3150800D0E00127C0F86C71C6B1AB424FF0640CD0EDA5
S3150800D0F0007A1846B8BF28460CFB00F0FDEEE77A22
S3150800D10090FBF6F117EE907A6145A8BF6146ACEB45
S3150800D1100700414391FBFCF139440E460127BFE75E
S3150800D1200021C0F86C115EB1A2424FF064001146AE
S3150800D130B8BF2146414391FBF6F68642A8BF06468C
S3150800D1400027ADE70220C1E703B0F0BDE12E0208D3
S3150800D150746A0120487000205C60012038B53824C4
S3150800D160674B2DED028B04FB0134226BB0EE408A2F
S3150800D170002AD4ED0D6A27DD07EE902A0E24F8EE74
S3150800D180E77A4C43551E254403EB8505032A86EEAC
S3150800D190A76AD5ED007A25DCB5EEC06AF1EE10FA7D
S3150800D1A017DC382078EE266A00FB0130541CC0EDE7
S3150800D1B00D6A04630E2000FB012203EB820383ED54
S3150800D1C0008ABDEC028B38BDB0EE406AF0EE407ABC
S3150800D1D0E2E7B4EEE78AF1EE10FA49D9E1DBB0EE00
S3150800D1E0487A15E0B5EEC06AF1EE10FAA2F1030529
S3150800D1F02C4403EB840494ED007A6ADDB4EEE70A66
S3150800D200F1EE10FA36D9B4EEE78AF1EE10FA60DBE1
S3150800D210B4EEC78AF1EE10FA5BDBDFED3A5A38EE68
S3150800D220477A78EE677A27EE257A67EEA57A87EE4B
S3150800D230065A90ED027AC7EE865AB8EE477AD0EDCE
S3150800D240047AB4EEE57AF8EE677AF1EE10FAF4EEBF
S3150800D250C57A9EBFD0F85C410134C0F85C41F1EE56
S3150800D26010FA9EBFD0F860410134C0F8604130E042
S3150800D270B0EE487AB4EEC78AF1EE10FAC3D8DFEDFD
S3150800D280215A37EE487A77EEC87A27EE257A67EE7E
S3150800D290A57A87EE065A90ED027AC7EE865AB8EE58
S3150800D2A0477AD0ED047AB4EEE57AF8EE677AF1EECD
S3150800D2B010FAF4EEC57A9EBFD0F864410134C0F87E
S3150800D2C06441F1EE10FA04D8D0F868410134C0F888
S3150800D2D068410B2A7FF765AF382202FB01331946EE
S3150800D2E0F1EC017A76EEE78A2C2218460CF0FBFC64
S3150800D2F078EE286A80ED0B8AC0ED0D6A61E700BFFB
S3150800D300F46C01200000C8420E4BD3F8042AC2B1BF
S3150800D310D3F8083AABB94E2813D8F0EEC07A9FED89
S3150800D3200A7AF4EE477AF1EE10FA0AD8074B084A59
S3150800D33003EB800383ED000A012342F82030054AF7
S3150800D340136070475C600120FFFF7F7FB86B012088
S3150800D3507C6A0120786A012010B50446124B4FF604
S3150800D3601422002118460CF0D8FC104A00F5704328
S3150800D37014700122C3F8042A0022DFED0D6A0D4B52
S3150800D380B0EE660A1A600C4B0C4AC3ED006A0C49EB
S3150800D3900C4B0D48FFF7C8FD4FF07E520B4BC3ED03
S3150800D3A0026A5A6010BD00BF5C700020BA85012071
S3150800D3B000002042706A01205C7E0120507E012018
S3150800D3C04C7E0120487E0120547E012050700020AA
S3150800D3D008B51A4B1A4A196811609968194A1160F2
S3150800D3E0D968194A11601969184A11605969184AA1
S3150800D3F011609969174A11605968174ADB69116003
S3150800D400164A13607BB10120FFF7A6FF09F01AFD43
S3150800D41009F019FD124B134918680BF028F900207A
S3150800D42010490CF040FB1048FDF7E2FFBDE8084044
S3150800D430002211461046FDF7E7BF00BF607E0120B7
S3150800D4405C7E0120587E0120547E0120507E0120FA
S3150800D4504C7E0120487E0120B4880120407E0120B0
S3150800D460B0570020262F020879B8000800B51749DA
S3150800D4708BB01748FCF73CFD0023CDE90833154B64
S3150800D4800122019347F230530C21CDE902231023E0
S3150800D4900F20CDE904131523CDE9060301A800F0F2
S3150800D4A0C7FEFFF795FF09F0CDFC09F0CCFC0A4B47
S3150800D4B00A4A19680A4B012908BF1A46094B0A493C
S3150800D4C018680BF0D4F80BB05DF804FB502F02086F
S3150800D4D0622F020800004842B4880120F82B02088F
S3150800D4E0F02B0208B0570020D92C020808B5FFF720
S3150800D4F033FF09F0A7FC09F0A6FC07480022074BF2
S3150800D500074900680BF0B3F8BDE808402822002058
S3150800D51004490CF0C8BA00BFB057002000004440C8
S3150800D520FC3102083B3202082DE9F84F464F2DED33
S3150800D530028B07F57044D4F8043A0546894608EE86
S3150800D540102A73B1D4F8086A5EB950B149B1D4F853
S3150800D55000AABAF1630F08D90123C4F8046AC4F80B
S3150800D560083ABDEC028BBDE8F88F4FF4207B0BFB25
S3150800D5700AFB07EB0B084FF49E72314640460CF047
S3150800D580CCFB0BF59E704FF49E72314638440CF076
S3150800D590C4FB2B4640469FED2D7A4FF07E51A9F1EC
S3150800D5A0040905F59E7259F8045F6DB1D3ED007A4A
S3150800D5B0F0EEE76AF4EE476AF1EE10FA9EBFC0EDA8
S3150800D5C0007AC0F83C1101360433934200F1040096
S3150800D5D0E9D1002EC5D04FF42073B8EEC88A03FBF4
S3150800D5E00A77D4F8003A87ED9F8A0133632BC7F888
S3150800D5F07862C4F8003AB4D901270023144EC4F857
S3150800D600087A3568C4F8043A002DAAD109F01AFC3C
S3150800D61009F019FC0F4BD4F8002A18680E490BF0CC
S3150800D62026F8D4F8002A0C4928460CF03CFAF3F7F9
S3150800D630BFF9BDEC028B2A46294637600620BDE8AD
S3150800D640F84FFDF7E1BE00BF5C700020FFFF7F7F4B
S3150800D650706A0120B05700207832020870B5234D51
S3150800D660D5F8043A002B40D0D5F8083A002B3CD11F
S3150800D6701F4B1B68002B38D01E4E3368642B34D8DA
S3150800D6800A23D5F8004AB4FBF3F203FB124484B923
S3150800D69009F0D8FB09F0D7FB174BD5F8002A17492C
S3150800D6A018680AF0E4FF2046D5F8002A13490CF05A
S3150800D6B0FAF9134B00221978052081F00101197037
S3150800D6C0FDF7A2FE32680F490F48FFF72DFF4FF40A
S3150800D6D09E7200210C480CF020FBBDE870404FF408
S3150800D6E09E72002107480CF018BB70BD5C600120D3
S3150800D6F0786A0120746A0120B0570020C0320208F7
S3150800D700B98501207C6A0120B86B01202DE9F04F0C
S3150800D7102DED028B0546E1B0002879D0846A002CED
S3150800D72076D13E4E04A837687B1C3360FFF754FC5D
S3150800D7303B4B1B783BB10A2F03D1204639490CF0E5
S3150800D740B2F90A2701E01FB30027002032683649DC
S3150800D7500CF0A9F9AB8CDFF8D4A04F2B28BF4F23C8
S3150800D7609B460DF11008A3B29B4516D82F4B1B6894
S3150800D770012B03D1A98C04A8FFF766FC3368BB42CA
S3150800D78046DD61B0BDEC028BBDE8F04FFFF766BF22
S3150800D790204627490CF087F9D6E72B691B5D9BB312
S3150800D7A0EA68AB6852F8349002EBC400426803EBAF
S3150800D7B0840133F92430CDF804900392B1F902209C
S3150800D7C000201C49009222460CF06DF94FF0000328
S3150800D7D0484603998DF82C3009F0F2F8DAF800304B
S3150800D7E008EE100A012BC8F8200005D1B0EE480A49
S3150800D7F0214604A8FFF7B2FC3368BB4204DDB0EE4D
S3150800D800480AE0B2FFF780FD013408F10408AAE7E8
S3150800D81061B0BDEC028BBDE8F08F00BF4C700020F4
S3150800D820BA850120E23202084C330208B488012086
S3150800D8301433020867330208B3EE0E7AB4EEC70A49
S3150800D840F1EE10FA30B58BB08DED050A3D4D06D9CF
S3150800D8509FED3D7AB4EEC70AF1EE10FA18DD09F02D
S3150800D860F1FA09F0F0FA0598FEF7A2FA02460B4615
S3150800D870286836490AF0FBFE09F0E4FA09F0E3FAEB
S3150800D880334928680AF0F3FE002420460BB030BD61
S3150800D890002308AACDE90633CDE9083307A909AB61
S3150800D8A006A8FFF741FB042205A9012000F010FB9A
S3150800D8B00422044606A9104600F00AFB0422044086
S3150800D8C008A9052000F004FBE4B20422044007A9D5
S3150800D8D0062000F0FDFA0422044009A9072000F0FA
S3150800D8E0F7FA044005D109F0ADFA09F0ACFA19497E
S3150800D8F0C7E700F0B7FA059A174B1A60069A174B4E
S3150800D9001A60089A164B1A60079A164B1A60099AF3
S3150800D910154B1A6000F0C2FA09F094FA09F093FA66
S3150800D9200598FEF745FA0B460999024603910799A9
S3150800D9300291089901910699009128680B490AF005
S3150800D94096FEA2E7B05700200000C84283330208BB
S3150800D950C6330208013402085C7E0120547E012089
S3150800D960507E01204C7E0120487E01204534020865
S3150800D97010B50446A8B100F075FA0A4B1B68236077
S3150800D98000F08CFA09F05EFA09F05DFA2068FEF7F5
S3150800D9900FFA024604480B46006804490AF067FE77
S3150800D9A0012010BD5C7E0120B05700209634020885
S3150800D9B037B5174D019058B909F044FA09F043FAFA
S3150800D9C0144928680AF053FE0024204603B030BDE7
S3150800D9D0042203200DEB020100F07AFA044628B966
S3150800D9E009F030FA09F02FFA0B49EAE700F03AFA9B
S3150800D9F0019A0A4B1A6000F051FA09F023FA09F065
S3150800DA0022FA019A064928680AF031FEDDE700BFC6
S3150800DA10B0570020BC340208E3340208587E0120BF
S3150800DA200B35020810B5044688B100F01BFA084BFE
S3150800DA309B68236000F032FA09F004FA09F003FA49
S3150800DA40044B2268044918680AF011FE012010BD2B
S3150800DA50607E0120B05700203A35020830B50446EA
S3150800DA608DB060B101A8F5F7DBFB104D50B109F098
S3150800DA70E9F909F0E8F90E4928680AF0F8FD0020E6
S3150800DA800DB030BD9DF814300A4A23700A4C012B9C
S3150800DA9008BF144609F0D6F909F0D5F92246074910
S3150800DAA028680AF0E4FD0120EAE700BFB057002025
S3150800DAB0833502085C3502086E350208B43502085B
S3150800DAC038B504460A4D09F0BDF909F0BCF909490B
S3150800DAD028680AF0CCFD2046FFF708FD09F0B2F9E0
S3150800DAE009F0B1F9044928680AF0C1FD012038BDDA
S3150800DAF0B0570020C6350208E635020813B50128D6
S3150800DB0001900CD909F09EF909F09DF9114B1249BB
S3150800DB1018680AF0ACFD0024204602B010BD0422A5
S3150800DB2009200DEB020100F0D3F904460028F2D0D3
S3150800DB3000F098F9019A094B1A6000F0AFF909F05C
S3150800DB4081F909F080F9034B019A054918680AF02A
S3150800DB508EFDE1E7B057002017360208407E012007
S3150800DB605C36020810B50446B0B100F07BF90B4BE1
S3150800DB701B68236000F092F909F064F909F063F96B
S3150800DB8022680749074B0848002A18BF0B46006851
S3150800DB9006490AF06CFD012010BD00BF407E012039
S3150800DBA06F1E0208F80B0208B057002099360208C3
S3150800DBB010B5044668B1074B1B68036009F042F9C3
S3150800DBC009F041F9044B2268044918680AF04FFD28
S3150800DBD0012010BD48700020B0570020B736020853
S3150800DBE037B50422012302200DEB0201019300F050
S3150800DBF06FF9114D044650B909F024F909F023F9D3
S3150800DC000E4928680AF033FD204603B030BD00F0FF
S3150800DC1029F9019B0A4A53600A4A136000F03EF943
S3150800DC20002211461046FDF7EFFB09F00BF909F043
S3150800DC300AF90549E5E700BFB0570020D1360208C2
S3150800DC40607E0120B4880120FE360208042273B5DE
S3150800DC50002602200DEB0201019600F039F9114D5C
S3150800DC60044650B909F0EEF809F0EDF80E492868AF
S3150800DC700AF0FDFC204602B070BD00F0F3F8019BE7
S3150800DC800A4A53600A4A136000F008F931463246D8
S3150800DC900120FDF7B9FB09F0D5F809F0D4F80549D4
S3150800DCA0E5E700BFB0570020D1360208607E0120A4
S3150800DCB0B48801202737020837B501A8FFF728F9E5
S3150800DCC0124D044650B909F0BDF809F0BCF81049E0
S3150800DCD028680AF0CCFC204603B030BD09F0B2F83B
S3150800DCE009F0B1F80B4928680AF0C1FC09F0AAF84E
S3150800DCF009F0A9F89DF80410074B084A2868002976
S3150800DD0018BF1A4606490AF0B2FCE4E7B0570020E5
S3150800DD105037020876370208F02B0208F82B02085B
S3150800DD208A37020810B58CB001A8F5F779FA0C4CB9
S3150800DD3050B109F087F809F086F80A4920680AF010
S3150800DD4096FC00200CB010BD09F07CF809F07BF8B1
S3150800DD50049A054920680AF08AFC0120F2E700BF08
S3150800DD60B0570020A3370208CF37020830B5A3B052
S3150800DD706846F5F755FA244C50B109F063F809F0EE
S3150800DD8062F8224920680AF072FC002023B030BDF0
S3150800DD900BA8F5F79FFA28B109F054F809F053F8DB
S3150800DDA01B49EFE709F04EF809F04DF819492068C4
S3150800DDB00AF05DFC09F046F809F045F8BDF80220BE
S3150800DDC0154920680AF053FC144D09F03BF809F090
S3150800DDD03AF8BDF80420124920680AF048FC09F010
S3150800DDE031F809F030F8BDF82C200E4920680AF001
S3150800DDF03EFC09F027F809F026F86A680A492068FF
S3150800DE000AF035FC0120C1E7B0570020A337020805
S3150800DE10FB37020880000208243802087812020834
S3150800DE2044380208643802088D38020808B51346D3
S3150800DE300A46014603480068F7F7BAFBB0FA80F0CD
S3150800DE40400908BDE087012008B513460A46014681
S3150800DE5003480068F7F780FCB0FA80F0400908BD6F
S3150800DE60E08701200A4B10B54FF0FF31186810F013
S3150800DE7035F8044658B108F0E5FF08F0E4FF054B0D
S3150800DE802246BDE81040044918680AF0F0BB10BDE8
S3150800DE903C7E0120B0570020B1380208094B10B566
S3150800DEA0186810F040F8044658B108F0CBFF08F09F
S3150800DEB0CAFF054B2246BDE81040044918680AF017
S3150800DEC0D6BB10BD3C7E0120B0570020E7380208BB
S3150800DED037B50546CDE90012002900F08580FFF721
S3150800DEE0C1FFDDE900122846FFF7AEFF044638B346
S3150800DEF0DDE900126B1E092B6AD8DFE803F005245A
S3150800DF00333E42444648535E394D28460BF010FFCF
S3150800DF1008F098FF08F097FF2868FDF749FF0246C2
S3150800DF2034480B46006834490AF0A1FBD5ED007A5F
S3150800DF30FDEEE77A002017EE902A30490BF0B3FD84
S3150800DF40FFF7ACFF51E02E480BF0F2FE08F07AFF1F
S3150800DF5008F079FF264B2B495A68264B18680AF0B1
S3150800DF6086FBEDE728480BF0E3FE08F06BFF08F0A8
S3150800DF706AFF1F4B25499A68EFE725480BF0D8FE3C
S3150800DF80DEE72448FAE72448F8E72448F6E7244D6C
S3150800DF9028460BF0CDFE08F055FF08F054FF2A6816
S3150800DFA02049DAE720480BF0C3FE08F04BFF08F0DB
S3150800DFB04AFF0F4B1D49DA69CFE71D480BF0B8FE3B
S3150800DFC008F040FF08F03FFF094B1A491A6AC4E7F0
S3150800DFD008F038FF08F037FF064B2A461649186836
S3150800DFE00AF045FBFFF75AFF0024204603B030BD70
S3150800DFF0607E0120B05700201D3902083F3902080B
S3150800E000647E01205F390208687E012072390208A1
S3150800E0106C7E0120707E0120747E0120787E0120AE
S3150800E020447E0120943902087C7E0120B03902081A
S3150800E030807E0120EB390208073A020870B50546CA
S3150800E04001266C4C92B08DF8036008F0FBFE08F0D0
S3150800E050FAFE2A469DF80330674920680AF007FB4E
S3150800E060002D40F0A680654B47F2305201930C23F1
S3150800E0701021CDE903230F230422CDE90513152327
S3150800E08030460DEB020102960793FFF7DDFE38B91D
S3150800E09008F0D8FE08F0D7FE594920680AF0E7FAD2
S3150800E0A00422022002A9FFF7CFFE38B908F0CAFEFB
S3150800E0B008F0C9FE534920680AF0D9FA0422032059
S3150800E0C003A9FFF7C1FE38B908F0BCFE08F0BBFE8D
S3150800E0D04D4920680AF0CBFA042204A91046FFF736
S3150800E0E0B3FE38B908F0AEFE08F0ADFE4749206821
S3150800E0F00AF0BDFA0422052005A9FFF7A5FE38B9DE
S3150800E10008F0A0FE08F09FFE414920680AF0AFFA21
S3150800E1100422062006A9FFF797FE38B908F092FEF2
S3150800E12008F091FE3B4920680AF0A1FA042207206C
S3150800E13007A9FFF789FE38B908F084FE08F083FEC0
S3150800E140354920680AF093FA00230422082007A913
S3150800E1500793FFF779FE38B908F074FE08F073FEE6
S3150800E1602E4920680AF083FA00230422092007A909
S3150800E1700793FFF769FE38B908F064FE08F063FEF6
S3150800E180274920680AF073FA07A8F5F749F8B0B9DD
S3150800E190099B04220A2006A90693FFF755FE70B9C3
S3150800E1A008F050FE08F04FFE1E4920680AF05FFA94
S3150800E1B005E0012DC8D0022DD6D0032DE4D00122CA
S3150800E1C000200DF10301FFF73FFE38B908F03AFECB
S3150800E1D008F039FE144920680AF049FA08F032FEB8
S3150800E1E008F031FE9DF80320104920680AF03FFA2E
S3150800E1F012B070BDB05700201F3A0208000048420E
S3150800E200463A02086A3A0208803A0208A23A02081E
S3150800E210C93A0208EF3A0208163B02083C3B0208D4
S3150800E220633B02088D3B0208B03B0208D13B02085B
S3150800E2302DE9F04304468DB0002840D000200FF0A9
S3150800E24010FEBF4BBF4E186038B908F0FBFD08F04A
S3150800E250FAFDBD4930680AF00AFA002001220DF1DC
S3150800E26003018DF80300FFF7E1FDB84D18B19DF8DD
S3150800E2700370012F27D008F0E5FD08F0E4FD9DF8AE
S3150800E2800320B34930680AF0F2F99DF80300FFF756
S3150800E290D5FEAE4B04F120051A462068616808349D
S3150800E2A003C2AC421346F7D120680124106008F077
S3150800E2B0C9FD08F0C8FDA74930680AF0D8F9204614
S3150800E2C00DB0BDE8F08308F0BDFD08F0BCFD9DF873
S3150800E2D00320A14930680AF0CAF9042229463846BB
S3150800E2E0FFF7A4FD8046002800F0C48008F0AAFDC8
S3150800E2F008F0A9FD2868FDF75BFD02460B46306865
S3150800E30096490AF0B4F9042202209549FFF78EFDD2
S3150800E3100746002800F0BF8008F094FD08F093FD3A
S3150800E3206A68904930680AF0A2F947460422032031
S3150800E3308D49FFF77BFD8046002800F0B88008F07D
S3150800E34081FD08F080FDAA68884930680AF08FF9CF
S3150800E350B846042286491046FFF768FD0746002896
S3150800E36000F0B18008F06EFD08F06DFDEA6881499D
S3150800E37030680AF07CF94746042205207E49FFF7F3
S3150800E38055FD8046002800F0AA8008F05BFD08F0DD
S3150800E3905AFD2A69794930680AF069F9B8460422AB
S3150800E3A006207749FFF742FD0746002800F0A380BC
S3150800E3B008F048FD08F047FD6A69724930680AF0B6
S3150800E3C056F94746042207206F49FFF72FFD804676
S3150800E3D0002800F09C8008F035FD08F034FDAA6995
S3150800E3E06A4930680AF043F9B846DFF8DC91042236
S3150800E3F049460820FFF71AFD0746002800F09380D3
S3150800E40008F020FD08F01FFDD9F8002060493068A3
S3150800E4100AF02DF94746042209205E49FFF706FD52
S3150800E4208046002800F0D28008F00CFD08F00BFDAD
S3150800E430EA69594930680AF01AF9B84604220A20E6
S3150800E4405649FFF7F3FC0446002800F0CB8008F095
S3150800E450F9FC08F0F8FC2A6A514930680AF007F90D
S3150800E460444608F0EFFC08F0EEFC4E4930680AF026
S3150800E470FEF824E723682B6008F0E4FC08F0E3FCC8
S3150800E480D5ED007AFCEEE77A474917EE902A306810
S3150800E4900AF0EDF837E763686B6008F0D3FC08F01C
S3150800E4A0D2FC6A68414930680AF0E1F83EE7A36899
S3150800E4B0AB6008F0C7FC08F0C6FCAA683C4930689F
S3150800E4C00AF0D5F845E7E368EB6008F0BBFC08F00E
S3150800E4D0BAFCEA68374930680AF0C9F84CE7236994
S3150800E4E02B6108F0AFFC08F0AEFC2A6932493068A7
S3150800E4F00AF0BDF853E763696B6108F0A3FC08F0FE
S3150800E500A2FC6A692D4930680AF0B1F85AE7A3698E
S3150800E510AB6108F097FC08F096FCAA6928493068B0
S3150800E5200AF0A5F861E7C9F8000008F08BFC08F0C6
S3150800E5308AFCD9F80020234930680AF098F86AE777
S3150800E5403C7E0120B0570020FC3B0208607E01207B
S3150800E5501F3C0208543C02088C3C0208A33C0208F3
S3150800E560647E0120EB3C0208687E0120163D020805
S3150800E5706C7E01205F3D0208707E0120AC3D0208DA
S3150800E580747E0120093E0208787E0120563E020864
S3150800E590B33E02087C7E01200A3F0208807E0120E5
S3150800E5A04D3F0208953F0208C43C0208FD3C02089C
S3150800E5B0373D0208823D0208D73D02082C3E020874
S3150800E5C0813E0208D73E0208447E0120E369EB61DA
S3150800E5D008F038FC08F037FCEA690E4930680AF09A
S3150800E5E046F82BE701A8F4F71BFE00287FF439AF9D
S3150800E5F0039B042208490A202B62FFF725FC08F032
S3150800E60021FC08F020FC2A6A044930680AF02FF831
S3150800E61027E700BF283F0208807E0120683F0208DE
S3150800E62038B54FF480630E4C0E4D228F616B05F1A1
S3150800E630340060606A80204604F118022B6504F1F4
S3150800E6402403C4E902236960256000F097FA287854
S3150800E6500BF08BFC84F83A00BDE8384000F056BD54
S3150800E660847E01204C8901200FF036B870B4059ECF
S3150800E6709DF80CC09DF81040069DCEB1C5B1A1B15C
S3150800E6809AB104B144010A4400FB02F2023900FBC4
S3150800E6900C4400FB01F102FB03F3C90004EBC304BD
S3150800E6A034600020296070BC7047212070BC704718
S3150800E6B0222070BC704700BF2DE9F04F01FB00F027
S3150800E6C083B0C000BDF830709DF83490002800F083
S3150800E6D08C80524C8846D4F834B016461D4600F154
S3150800E6E0200ABBF1000F30D04FEA8A015846019143
S3150800E6F00AF0B1FD38B301991FFA8AFA8345E16336
S3150800E700A4F838A060632ED0206C18B10AF054FC27
S3150800E7100023236406EB460A4FEA8A0A50460AF0A3
S3150800E7203EFB0346206460BB606B019348B10AF068
S3150800E73043FC019B206C636318B10AF03DFC019B06
S3150800E74023640023E363192042E04FEA8A0B584604
S3150800E7500AF025FB0028F6D01FFA8AFA6063C4F887
S3150800E7603CB0A4F838A0206C0028D3D006EB460AA3
S3150800E7704FEA8A0A51460AF06EFD034600283ED043
S3150800E7802064E26B5244E2630EB325B31FB3184606
S3150800E79000237A19023D08FB05F5B9F1000F08FBBD
S3150800E7A002F24FEA481808BF4FF00008616BEC0008
S3150800E7B01D46A4B2520101EB8801C38001339E4273
S3150800E7C0016084800572114400F10C00F5D1002027
S3150800E7D003B0BDE8F08F606B58B10AF0EDFB00237B
S3150800E7E0206C636330B90023E363212003B0BDE8DE
S3150800E7F0F08F206C0AF0E0FB00232364F3E7019016
S3150800E800606B18B10AF0D8FB019B6363206C002883
S3150800E81097D00AF0D1FB0023236492E7847E012077
S3150800E82010B5084C606B18B10AF0C6FB0023636389
S3150800E830206C18B10AF0C0FB002323640020E063B3
S3150800E84010BD00BF847E012000207047014B586B25
S3150800E850704700BF847E012000487047C47E0120AF
S3150800E860014BD86B704700BF847E012008B310B5F2
S3150800E87003780446032B05D02146BDE810400D4811
S3150800E8800AF066BD806808B10AF096FB206908B1EF
S3150800E8900AF092FB606908B10AF08EFBA0690028AD
S3150800E8A0EAD00AF089FB2146BDE8104001480AF083
S3150800E8B04FBD7047C87E012010B50A214020084A7E
S3150800E8C0FAF70EFE044608B1204610BD054808F0C2
S3150800E8D09EFB04460028F7D001480AF080FDF3E7BE
S3150800E8E0C87E0120D87E012038B5174D2B7DDBB9AF
S3150800E8F0286948B10521154AF5F7A0F90446B0B9C3
S3150800E90001232B75204638BD2A460A214020FAF7EE
S3150800E910E7FD04460028F5D105F1100008F077FB5D
S3150800E920044660B92869E5E71224204638BD2869F7
S3150800E93008F07EFB04480AF052FD204638BD2846FA
S3150800E9400AF04DFDDEE700BFC87E01206DE800082D
S3150800E95010B50A4C237D53B9206930B108F068FB1D
S3150800E9600023064823610AF03AFD002010BD2069FD
S3150800E970F5F790F900232375EEE700BFC87E01205E
S3150800E9802DE9F04182B0002A37D01E4F3B7D7BB37C
S3150800E99006468846384601A914460AF0C0FC0546CC
S3150800E9A018B1284602B0BDE8F081019BA4461C4672
S3150800E9B00CF1400EDCF80050DCF80400DCF8081016
S3150800E9C0DCF80C200CF1100CF44525606060A160A1
S3150800E9D0E26004F11004EDD142463146386908F088
S3150800E9E008FB05460028DCD00198FFF73FFFD8E76B
S3150800E9F01125284602B0BDE8F0812225284602B036
S3150800EA00BDE8F081C87E0120DFED226A9FED227AFB
S3150800EA10F5EE007AB4EEE60AE0EE077AF1EE10FAC1
S3150800EA20BDEEE77A04D517EE103A013B07EE103A29
S3150800EA30B8EEC77ADFED196A77EEC77A67EEA67A77
S3150800EA40BCEEE77A17EE103A9BB2B3F5007F18D200
S3150800EA50B6EEE77A37EEC70A591CF7EE005A104A9F
S3150800EA6037EE257A02EB810191ED006A02EB83020B
S3150800EA70D2ED006A20EE060A37EE677AA7EE260A76
S3150800EA80704777EEE67A012100239FED067AB0EE0D
S3150800EA90670AE2E7DB0FC9BF83F9223E000000449C
S3150800EAA00040020800000000DFED207A20EE270A69
S3150800EAB0B5EEC00AF1EE10FAFDEEC07A04D517EEEF
S3150800EAC0903A013B07EE903AF8EEE77ADFED186ADE
S3150800EAD030EE670A60EE267ABCEEE77A17EE103A51
S3150800EAE09BB2B3F5007F18D2B6EEE77A37EEC70ABF
S3150800EAF0591CF7EE005A0F4A37EE257A02EB8101C8
S3150800EB0091ED006A02EB8302D2ED006A20EE060A56
S3150800EB1037EE677AA7EE260A704777EEE67A01217E
S3150800EB2000239FED057AB0EE670AE2E783F9223EF5
S3150800EB3000000044004002080000000030B101282F
S3150800EB4006D1064B03F58053D9607047044BF9E7A5
S3150800EB5000224FF48053DA60FFDE00BF004003B89E
S3150800EB60000003B8044B986E00F0B05000F16A43F9
S3150800EB7058425841704700BF008000504FF0B052CD
S3150800EB802DE9F04FB74B00269A660368B64A1C78FB
S3150800EB905D68072C94BF002101211170B34AB4495E
S3150800EBA014700269002A08BF8022072C0A605A8856
S3150800EBB000F21481AF490E6102260E61AE4E7562EF
S3150800EBC0002A40F01E814FF0010CAC4DAC4E92006D
S3150800EBD0AE620CFA04FC8A62DF699A691D6A3A43D6
S3150800EBE093F824702A4342EAC72293F82970197DBC
S3150800EBF042EA476293F826704CEA012C42EA8752A9
S3150800EC0093F82770072C42EAC75293F828701E69B2
S3150800EC1042EA076242EA0C0222F000424FF0FF374E
S3150800EC20D3F80CE022F4002200F2EF80DFF848C2A5
S3150800EC30CCF870208F4A0CF5005CCCF87470C2F8DA
S3150800EC4074E0CCF878709667002D40F030814FF666
S3150800EC50FF769D68CCF87C60ADB2D5679A69DF69A6
S3150800EC60B2F5803F40F07E814268072CD2F80C80CE
S3150800EC70D2F80490D2F814E0D2F81CC049EA080584
S3150800EC8045EA0E05DF69D2F824A04FF0070392F88B
S3150800EC9000B045EA0C0500F21281784EB7F5802FD0
S3150800ECA03364744BC3F840B04FF0080BC3F840B058
S3150800ECB04FF0FF3BC6F84CB0C3F84C90C6F850B0BE
S3150800ECC0C3F85080C6F854B0C3F854E0C6F858B034
S3150800ECD0C3F858C0C6F848B09D64C3F840A040F0D1
S3150800ECE0498155780723654E4FF0FF377364614BAA
S3150800ECF05D6408255D64D2F808803766C3F86080CD
S3150800ED00156977665D66D2F818E0B766C3F868E0F5
S3150800ED10D2F820C045EA080545EA0E0545EA0C057D
S3150800ED20F766C3F86CC0F765DD65926A5A6482684F
S3150800ED30D2E900352B4343EA81014F4B01F01F010D
S3150800ED404FF6FF75C3F88010926803F5005192B22A
S3150800ED5003F58053C1F88450C168C3F88420444B36
S3150800ED60072C1A68D1E9003543EA05038D684FF088
S3150800ED70FF3443EA050303F01F03CD6800F2098157
S3150800ED803D49C1F888303B4B01F50051C1F88C402C
S3150800ED90C3F88C508A61DA6146230122394903F0A7
S3150800EDA0070302FA03F3C1F888318B60364B4169D1
S3150800EDB019602E4B1B78082B04BF344B5A602A4B1C
S3150800EDC01B78002B00F0F380012B40F0F280304BCB
S3150800EDD0012203F580535A60BDE8F08F2D490E6174
S3150800EDE002260E612A4E75626AB94FF0010C2A4D49
S3150800EDF0234E92000CFA04FCAE624FEA2C2C8A626F
S3150800EE00EAE6013ADFE6013AEFE7DFF884C0CCF834
S3150800EE107020204A0CF5005CCCF87470C2F874E0D7
S3150800EE20CCF87870966735B94FF6FF769D68CCF8BA
S3150800EE307C60ADB2D567082C0DD0A4F10B02012A6F
S3150800EE4035D893F825504FF40042002D35D0134D90
S3150800EE50C5F870222BE0DE6A0C4A114D16BB012656
S3150800EE60AE6020E000900050BC850120BB850120E3
S3150800EE70E47E0120001003B8000003B8002003B8A0
S3150800EE80FCFF070000E100E0E07E0120009003B8E7
S3150800EE90004003B8005003B8006003B8005001B83A
S3150800EEA000A003B8966006271E6BAF6096601A6AC4
S3150800EEB0B2F5801F7FF4D2AED6E6404DC8E7404E85
S3150800EEC0B7F5802F33643F4BC3F840B04FF0080BBB
S3150800EED0C3F840B04FF0FF3BC6F84CB0C3F84C90AF
S3150800EEE0C6F850B0C3F85080C6F854B0C3F854E01A
S3150800EEF0C6F858B0C3F858C0C6F848B09D64C3F8F9
S3150800EF0040A037D1557807232D4E4FF0FF3773644D
S3150800EF102C4B5D6408255D64D2F808803766C3F813
S3150800EF206080156977665D66D2F818E0B766C3F83B
S3150800EF3068E0D2F820C045EA080545EA0E0545EA24
S3150800EF400C05F766C3F86CC0F765DD65926A5A6406
S3150800EF508268D2E900352B4343EA81011A4B01F056
S3150800EF601F01EDE6B7F5802F04D14268072C5578C6
S3150800EF70C9D8B7E68268B7F5C02FD2E9003543EAA3
S3150800EF8005034FEA8105F0D0072C45EA0301E5D8C9
S3150800EF90D3E60D49C1F888300A4B01F50051C1F88E
S3150800EFA08C40C3F88C508A61DA614723F5E6074B33
S3150800EFB00EE700224FF480535A60FFDE006001B866
S3150800EFC0006003B8005003B8004003B8000003B857
S3150800EFD0024B02211878FFF7B1BD00BFBC8501209E
S3150800EFE0084B1B783BB1012B07D1074B042203F5CD
S3150800EFF08053DA607047054BF8E700224FF48053D8
S3150800F000DA60FFDEBC850120004003B8000003B8C3
S3150800F0100F4B1B788BB1012B11D10E4A012102F53A
S3150800F02080528B4291600FD80A4A0B49002B08BFC1
S3150800F0300A4693689B07FCD47047074AEEE7002206
S3150800F0404FF480539A60FFDE00239B68FBE700BFFE
S3150800F050BC850120004003B8000003B838B50B4B47
S3150800F0600B4C002818BF1C46A569E3691D4007D04C
S3150800F070084B1B682BB12846984704F50054A56130
S3150800F08038BD6B05F9D5FFF7C3FFF6E7004003B8AF
S3150800F090000003B8E07E012008B50246FFF762FDCE
S3150800F0A0C0B11649BAB9164BDA610B78082B02BFFC
S3150800F0B00121144B5960124B012103F500538A4272
S3150800F0C0596017D8104B0E49002A08BF0B465A68D4
S3150800F0D09207FCD408BD012A4FF0000301D0DB617A
S3150800F0E0FFDE0948C3610B78082B04BF054B5A603D
S3150800F0F0054BE1E700235B68F2E700BFBB8501200B
S3150800F100000003B800A003B8004003B8014B187804
S3150800F110FFF7C2BFBC8501201046044A1368591E72
S3150800F120033102D80021116018477047AC890120C5
S3150800F130034B1868034B002808BF1846704700BFE2
S3150800F140E87E01202C48020801480BF0D7B800BF1A
S3150800F150F07E012013B50B4C0229226005D10A481E
S3150800F1600BF0CCF8002002B010BD0A460093014609
S3150800F170064B05480BF0A3F8003818BF01204000DD
S3150800F180F1E700BFAC890120F07E012019F10008E3
S3150800F19001480BF0C4B800BFF07E012000210148E9
S3150800F1A00BF0DFB8F07E012008B5064B1B6801336B
S3150800F1B005D0FFF7EDFF80F00100C0B208BD0020C2
S3150800F1C0FCE700BFAC8901202DE9F843DFF8609021
S3150800F1D00646D9F8008008461746B8F1000F03D04E
S3150800F1E00E242046BDE8F88306B3336801331DD1E3
S3150800F1F0E1B100F06BF805460028F1D0C9F8000027
S3150800F20000F0D0F828460AF0FAFE044640B1404617
S3150800F210C9F8008000F0C6F828460AF0E8FEE0E7DC
S3150800F2203560002FDDD02846B847DAE72124D8E72D
S3150800F230EC7E0120024B1868003818BF0120704781
S3150800F240EC7E012038B50C4601F00EFEA3780B4A79
S3150800F25013705A1E55425541A8420CD0012B04D0B2
S3150800F2602846BDE8384001F0E1BD204601F0B0FD72
S3150800F2700028F5D038BD0020FCE700BFBD85012079
S3150800F28010B5FFF755FF0D4B0C461A1A534253415A
S3150800F2908B4201D1002010BD094B1B683BB9094AB6
S3150800F2A0064B002C08BF1346074A1360F2E70BF01B
S3150800F2B008F90028F3D00220EDE700BF0448020849
S3150800F2C0EC7E01202C480208E87E0120F8B50446A9
S3150800F2D00FF0C1FC002607460E4B1B6893B19E68CB
S3150800F2E0AEB196F82420D20711D435460FCC0FC5F7
S3150800F2F00FCC0FC523682B6096F8243043F0010322
S3150800F30086F8243038460FF0A1FC3046F8BD1B6855
S3150800F310E4E700BFBC890120431E033306D8044B2B
S3150800F320984228BF1846642838BF6420704700BF33
S3150800F33040420F0038B5184B05461B680C4603B10A
S3150800F340984744B1236833B11B68013303D0E36897
S3150800F3500BB1A36843B90BF049FB00209122412168
S3150800F36000F0C4FA212038BD204603F0D7F8002360
S3150800F3700A4A85F84831C5E93A4313605360636918
S3150800F38043B1074A42211068B322C31A584258416A
S3150800F39000F0ACFA0020E6E7447F0120B08901209E
S3150800F3A0807F012010B5044618B9054B054A13603D
S3150800F3B010BD00F081FDD4F8F430002BF6D1F4E747
S3150800F3C0DDA00108C0890120084B10B4002A14BF2B
S3150800F3D014461C46064B1C6019B15DF8044B0AF02E
S3150800F3E08ABE08465DF8044B704700BFDDA00108D9
S3150800F3F0C089012008B502460868FFF78DFF086036
S3150800F4004868FFF789FF48608868FFF785FF8860C6
S3150800F410C868FFF781FF0B69C860581C03D00B4802
S3150800F420834228BF03460B614B69581C03D0074823
S3150800F430834228BF034688694B61FFF76DFFBDE825
S3150800F44008408861104601F053BC00BF40420F00D7
S3150800F450D0F8EC302DE9F04105460C4613B1038E81
S3150800F4608B424CD0D5F8E830002B4BD09E68002E46
S3150800F47048D0D868002845D0013800B200281ADBE1
S3150800F480002106E0128A591CA24217D209B2884204
S3150800F49011DB0B1803EBD3735B1003EBC30206EB0C
S3150800F4A08202B2F80EC003F1FF3EA445EAD90FFA6C
S3150800F4B08EF08842EDDA2120BDE8F0814FF6FF7222
S3150800F4C099B29142F7D09BB203EBC30306EB8306CE
S3150800F4D02846B6F9122095F83C11D5F8FC800AF0B2
S3150800F4E071FA0746B8F1000F04D0002332462846C1
S3150800F4F01946C0472C86C5F8EC6085F8457100208A
S3150800F500BDE8F0810E20BDE8F08100BF2DE9F04787
S3150800F51082B004460F46164601F0ACFC002840F0BF
S3150800F5209C80654D2B68D4F8E890D4F8EC8013B12C
S3150800F5304B4500F09F804FF0000AAF6002F050FA8A
S3150800F5400128074604D00121002208460AF092FD48
S3150800F55020460BF0CEF9002858D12B68D9F80010B0
S3150800F560D8F800201BB11868884200F09080204621
S3150800F5700BF0B3F9BAF1000F11D086B9204601F0A5
S3150800F580B5FF0546D4F89830002B38D1012F02D0A4
S3150800F590002D66D10025284602B0BDE8F087474B06
S3150800F5A0C5F800901A78C5F804808DF80760002A17
S3150800F5B03BD1D4F8FC50002D71D0114620460DF1F0
S3150800F5C00703A847204601F091FF0546BAF1000F48
S3150800F5D040D1B5FA85F040F205423321400900F0E2
S3150800F5E085F93146204602F0FFF8354B05461B687B
S3150800F5F0414620469847D4F89830002BC6D00022BA
S3150800F6004FF40073204600F067FCBFE794F82530F6
S3150800F6109A07A2D5D4F8A0305B059ED5294B0122BE
S3150800F620002120461B68984797E7D4F8EC30B4F9D0
S3150800F630481023B1B3F912309942A8BF1946324689
S3150800F640204601F0A7FE204601F050FF0546BAF114
S3150800F650000FBED0002EBCD194E70023164D6B6078
S3150800F66060E7194B00215B6803209847284602B0DB
S3150800F670BDE8F0876B68002B3FF45DAF43457FF428
S3150800F6805AAFAB689F4285D04FF0010A55E76968C3
S3150800F69019B1096891423FF46DAF596867E794F864
S3150800F6A02A1094F845313246994228BF1946204611
S3150800F6B001F03EFE86E700BFB089012098FC0108EC
S3150800F6C0C0890120487F0120C8890120F8B50F4666
S3150800F6D005460FF0C0FA394606462846FFF7B8FE33
S3150800F6E0044620B130460FF0B1FA2046F8BD02F0C4
S3150800F6F057F9224639462846FFF708FF04460028E8
S3150800F700F0D128460BF0F5F80028EBD095F825300F
S3150800F71013F002030DD0D5F8A0305B050DD5B5F86A
S3150800F7203631BB420BD0B5F83831DB1BB3FA83F35D
S3150800F7305B09044A82F8F430D4E72346F9E7012343
S3150800F740F7E700BF003E00B070B504460E460FF05E
S3150800F75082FA314605462046FFF7B8FF044620B927
S3150800F760044B01465B680320984728460FF06EFA5B
S3150800F770204670BDC889012070B5044600200D4694
S3150800F7800BF036F9094B1B784BB9D4F8FC6036B147
S3150800F79029462046B446BDE870401A4660472946C1
S3150800F7A02046BDE870400BF07DB800BF98FC010804
S3150800F7B013B5694604460AF002FD0C4B1B783BB1AB
S3150800F7C09DF800300C2B03D0B4F94E0002B010BDE2
S3150800F7D020460AF0A1FEFF28024605D020469DF8DD
S3150800F7E00010FAF759FCF1E70148EFE798FC010821
S3150800F7F00080FFFF30B4064DBDF908402D781DB1D5
S3150800F800029430BC0BF051B80E2030BC704700BFD4
S3150800F810C6850120F0B507460E46154685B00AB9D5
S3150800F820D0F89850294638460AF0D9FCEB0702D595
S3150800F830384604F0DDFF02F009FBEC46254B04468A
S3150800F8400FCB05F480358CE80F00002E2ED0FF2C48
S3150800F8500DD1336800937368019385B1009B01331A
S3150800F8602ED12246614638460AF0A9FB0CE056F826
S3150800F870242004AB03EB840343F8102CD5B92246A5
S3150800F880614638460BF047F870B96EB1FF2C0FBFCA
S3150800F890009B04AB03EB840353F8103C05BF3360AD
S3150800F8A0019B46F82430736005B0F0BD002DE6D004
S3150800F8B0FF2CD3D004AB03EB840353F8103C00E0D1
S3150800F8C0019B0133CDD022466146384602F058FAEC
S3150800F8D0DAE700BF6048020808B50B460249194036
S3150800F8E00AF06FFC002008BD0700110010B550B9DA
S3150800F8F00548064B0160064802601868054B186003
S3150800F9001868F3F707FE10BDC4890120EC7E0120B4
S3150800F9100C7F0120087F0120054B1B680BB9184690
S3150800F9207047834201D01B69F8E70120704700BF82
S3150800F930147F0120094A13680BB918467047834299
S3150800F94007D11B6901201360054A1368013B136040
S3150800F950704703F110021B69EEE700BF147F012010
S3150800F960107F01202DE9F74F06460FF07DF9DFF8E5
S3150800F9702881012398F800B0DFF820910190BBF1A7
S3150800F980000F06D089F8003003B0BDE8F04F0FF03D
S3150800F99066B93F4F88F8003089F800B00AF015FDBF
S3150800F9A008B10AF010FD3D683A495DB9DFF8F0A0E4
S3150800F9B0DAF800200024AA423B682ED84FF0FF311F
S3150800F9C034483AE06B7D8BB12B68B34202D09A1B60
S3150800F9D08A420BD96A6813442B60AB68003A18BF91
S3150800F9E00122003B18BF01236A75AB752D69DCE758
S3150800F9F0907D20B1107D88429CBF0146144612694D
S3150800FA00002AF5D1002CD9D094E80B00A275411A2A
S3150800FA10E268204698470135CAE71A46FF21EFE70C
S3150800FA205A7D4AB11A68B24224D0921B824221D822
S3150800FA30914201D311461C461B69002BF0D15CB1DB
S3150800FA402046FFF777FF38B13B683C602361DAF858
S3150800FA5000300133CAF800303B685A7D6AB90AF0AB
S3150800FA60B0FC064699F80030002B95D1019888F825
S3150800FA70003089E71C460021DEE7186800F0D2F856
S3150800FA8004460AF09EFC0646002C85D1EAE700BF2C
S3150800FA90147F0120FCFFFFBFBF850120BE85012022
S3150800FAA0107F012038B5054608B3182200210AF050
S3150800FAB034F90FF0D9F802462846FFF72DFF20B192
S3150800FAC010460FF0CCF8022038BD0A4B1C6854B912
S3150800FAD009491D600B68104601332C610B600FF055
S3150800FAE0BEF82046F0E704F110032469EFE7212069
S3150800FAF0EAE700BF147F0120107F012038B50446CD
S3150800FB00FFF70AFF0FF0B0F805462046FFF704FF97
S3150800FB10637D23B928460FF0A2F80E2038BD0023CE
S3150800FB206375064B1B68A34203D10AF04AFCFFF72C
S3150800FB3019FF28460FF093F80020EFE7147F0120FD
S3150800FB402DE9F84FDDF82890984604460D4692466A
S3150800FB50FFF7E2FEDDF830B00FF086F807460AF048
S3150800FB6030FC06462046FFF7D7FE637D23B12046C4
S3150800FB70FFF7C4FF0023A375BAF1010F21D175B9A8
S3150800FB80B8F1000F1FD1B9F1000F03D05A4631461C
S3150800FB902046C84738460FF062F8002017E035447B
S3150800FBA00C4BAA1B9A420ED8012363759DF82C307C
S3150800FBB0304684E820032375C4F80CB0FFF7D2FE5C
S3150800FBC0E8E7AE42ECD138460FF049F82120BDE807
S3150800FBD0F88F00BFFCFFFFBF2DE9F04107468846B6
S3150800FBE0FFF79AFE0FF040F83D6806460AF0E9FB73
S3150800FBF07B7D7BB185420DD0094B2C1A9C4209D8D6
S3150800FC0030460FF02CF8B8F1010F08BF25462846F4
S3150800FC10BDE8F08130460FF022F80025F7E700BF6F
S3150800FC20FCFFFFBF0023024A194600F02FBB00BFA6
S3150800FC308DA3010838B5094B5A68094B9A420AD16F
S3150800FC400FF009F8054606F067FD044628460EF04B
S3150800FC50FDFF204638BD0024FBE700BFC889012008
S3150800FC60F1A30108024BD868C0F30360704700BFD0
S3150800FC70000002B810B5054C237823B104F0FEF84D
S3150800FC800020207010BD0E20FCE700BFC2850120B1
S3150800FC9008B504F0C1F80122014B00201A7008BD0E
S3150800FCA0C28501202DE9FF478F7880460F2F0D4624
S3150800FCB003D9212004B0BDE8F08727B901224A4BB1
S3150800FCC01A700020F6E70E784C7826BB002CF0D187
S3150800FCD0E88803F08DFAC30943EA4163C01A61EB69
S3150800FCE0D11103F0B7FAFF288146E2D056EA040399
S3150800FCF0A888DFF80CA113D003F01EFB4FF6040307
S3150800FD00BAF8002001469A4268D1B442234638BF61
S3150800FD103346002431E0082ECBD8082CC9D8D7E7BB
S3150800FD2003F00AFB4FF60403BAF8002001469A428C
S3150800FD3008D12E4B1B6E9BB2934208BF4FF60503A4
S3150800FD40AAF80030B1F5803F284B0FD902221A666F
S3150800FD508022C3F88020082301241E4649084FF64E
S3150800FD60FF720139914228BF114608E0012480221A
S3150800FD701C66C3F8802008231E460029EFD10022FE
S3150800FD8002920122013FFFB200920197324608F51E
S3150800FD90827003F063F91CB14FF48012144B5A6554
S3150800FDA095F90310484603F071FA0221114BAA6827
S3150800FDB01A600D4B197098F82E30013B8B4280D88B
S3150800FDC0032301200C4AC2F850320C4BC3F85002E8
S3150800FDD0C2F864120422C3F8642272E70348026672
S3150800FDE0AAF8003091E700BFC085012000C001B81D
S3150800FDF000D001B8247F0120006001B8005001B886
S3150800FE00288A0120F8B504460F4616460EF023FF49
S3150800FE100546A047044620B128460EF017FF20469F
S3150800FE20F8BD06F057F904220549D1F8083F23EA38
S3150800FE3007033343C1F8083F024B5A64ECE700BF97
S3150800FE40003000B0002002B800F01803182B0BD0C1
S3150800FE5003070BD440F2011310F0100018BF184620
S3150800FE60034BC3F8940070470020F9E70120F7E731
S3150800FE70003F00B070B50446D0B10E4B007BD3F8F6
S3150800FE80FC60D3E9402300280CBF1046184604F04E
S3150800FE9091FE0623A371237B0546206033B9701CA7
S3150800FEA004F088FE2D1A0020A56070BD0025FAE72B
S3150800FEB02120FAE7003E00B038B10368044A002B57
S3150800FEC008BF1346034A13607047014BFAE700BFA1
S3150800FED0F9A30108DC89012010B4D0E95841224071
S3150800FEE00B4052EA030104D003495DF8044B096844
S3150800FEF008475DF8044B7047DC8901200F2938B59F
S3150800FF0005460C4610D801F06BFD01280ED1084AAB
S3150800FF102846D2F8803023F00F032343C2F88030F6
S3150800FF200AF0EAFC002038BD2120FCE70220FAE7A7
S3150800FF30003F00B008B50E4B5A6C12F0A00F01D066
S3150800FF40002008BD9B6C5B070FD40A4BD3F8083F0B
S3150800FF5023F07F4323F0FF033BB1FFF783FE092815
S3150800FF60EED00C3818BF0120EBE70120E9E700BF07
S3150800FF70000002B8003000B0074A084B30B1022131
S3150800FF80C2F864120422C3F8642270470421C2F836
S3150800FF9064120222F7E700BF006001B8005001B8FA
S3150800FFA070B50D46064620B91A4B1B68CBB10E2014
S3150800FFB016E001F015FD01282AD1174BD6F8F000F6
S3150800FFC093F900400AF037FCC4F11C04241A641B98
S3150800FFD0C4F12B03002BB8BF5B42232B0CDD212079
S3150800FFE070BD01F10F03002BB8BF5B42232BF6DC73
S3150800FFF0094B19700020F3E786F828500EF02BFEFF
S31508010000054660B201F0C6F828460EF01FFEF1E774
S315080100100220E5E7EC7E0120C185012010B501F03B
S315080100207DFC04F0BBFB0EF016FE0A4A0121D2F84C
S31508010030D83E044623F02003C2F8D83E0222064BD6
S3150801004008469A60054B5B68984720460EF0FEFD08
S31508010050002010BD003000B0001002B8C889012088
S3150801006070B5A6B004461822002108A809F055FE65
S31508010070002104AE1022304601910291039109F044
S315080100804CFE601E444C03287CD8DFE800F044028D
S3150801009030784FF40013E364FFF738F84FF06052F5
S315080100A03E4BDA644FF0C1530422E3643C4BC3F878
S315080100B08C203B4A936F23F0060343F004039367AE
S315080100C04FF48022374B9A644FF0805203F5E033A0
S315080100D01A6504F045FE40B14FF48073324AC2F8FE
S315080100E01431A2F58052C2F8183126B070BD2F4DD1
S315080100F019AC0FCD0FC40FCD0FC40FCD0FC42B688C
S315080101002C2200210EA8236009F007FE07238DF88B
S315080101103830022313E0264D19AC0FCD0FC40FCD8D
S315080101200FC40FCD0FC42B682C2200210EA8236003
S3150801013009F0F3FD07238DF838304FF400734FF4B7
S3150801014000120F93144BDA641A4B08221A930023F0
S31508010150CDE90423ADF866302093069319AB0893CD
S315080101600EAB099301ABCDE90A36FEF7CFFF08A816
S31508010170FEF704FDFEF734FFFEF72AFF99E70E4D59
S3150801018019ACB6E740F6CB120B210020FFF7AEFB00
S315080101904FF40013E364D7E7005001B8006001B8D3
S315080101A0004000B8005000B8002000BA984802087C
S315080101B0CC480208800000BA0049020810B5044676
S315080101C0FEF7A4FF0022114BC3F88C204FF06052B2
S315080101D003F59033DA6402F075FC0D4B1B7813B105
S315080101E006220C4B9A674FF080520B4B1A65D4F8CE
S315080101F0A01094F8270003F08FFC4FF48072074B88
S31508010200C3F81821C3F8142110BD00BF004000B877
S31508010210C3850120006000B8002002B8002000BA9A
S3150801022008B50AF0EAF88022024BC3F89000024B9F
S315080102301A6108BD003F00B0000002B8014B1868FA
S31508010240704700BF307F012037B50EF004FD01234A
S3150801025000220024009300230546194610460194FE
S3150801026005F038FD052002F0BFFD064B21461C604E
S31508010270054B02205B68984728460EF0E7FC2046A6
S3150801028003B030BD387F0120C88901202DE9FF411F
S3150801029002290D4616469846039004D1FFF7D4FF66
S315080102A004B0BDE8F0810EF0D6FC1E4F04463B684B
S315080102B03BB1B34205D00EF0C9FC002321203B60B7
S315080102C0EEE7194B0022C3F800803E6000230126A1
S315080102D04FF00008104619460196009605F0FAFCFB
S315080102E0124B052083F8008002F07EFD43462A461C
S315080102F0052003A902F096FD0D4B039A1A6008B969
S315080103002046D8E70B4D2B689847212804D020466C
S315080103100EF09CFC0020C3E731466B680220984723
S31508010320F5E700BF387F0120347F0120C48501200D
S31508010330307F0120C8890120044B5B6E9B044EBFA8
S315080103400120034B187800F00100704700C001B87E
S31508010350C48501200A78022A11D0101F424242415F
S3150801036052004B781201022B0BD0191F4B424B41FD
S315080103705B000549054842EA8312FFF743BD01229E
S31508010380EFE70123F5E700BFF0FFFF00291A01088F
S315080103900B78022B10D0181F434243415B004A7861
S315080103A0022A0BD0111F4A424A4152000F21044822
S315080103B043EA8202FFF726BD0123F0E70122F5E7AA
S315080103C0551A0108D0F8B03010B5994204460ED036
S315080103D0C0F8B01002F0BCF90649A4F8400101239F
S315080103E0054AD1F8FC1004F5827004F063FB00207D
S315080103F010BD00BF004F00B0A43F00B02DE9F74F74
S3150801040004460F4615461E46FFF794FD38B3A38AE0
S315080104102BB3204609F037FF78B9774BD3F8082F65
S315080104201EB10E2003B0BDE8F08F02F03003102B89
S31508010430F7D002F0C002402AF3D0DFF8E48104F0D5
S31508010440ADF9D8F81430DA07EBD50EF004FC0646F8
S31508010450032002F0D5FD20B130460EF0F7FB02204D
S31508010460E0E7D8F8142012F0060BF5D130460EF065
S31508010470EDFB614B4FF400612046D3F808AFD3F882
S31508010480E09E05F08DFF58B14FF4007801215B4ECF
S315080104905A460846C6F8448009F0ECFDC6F8448079
S315080104A094F825309B0707D5D4F8A0305E0542BFDE
S315080104B04FF40022524B5A6439462046FFF706F993
S315080104C04D4BC3F808AFC3F8E09E0028AAD194F8AB
S315080104D02430980601D4002D4ED0C5F3400004F00F
S315080104E0DDFD022315F4807F1FBF454A00215364B1
S315080104F04FF03A420BBF414A91615364536305F089
S31508010500E9FD4FF4806315F0040F14BF3D4A3E4AD6
S315080105103A4E1365042328467364FFF795FC204673
S315080105200AF002F838B14FF4807315F0010F16BFBF
S31508010530334A73645364A90647D54FF6FF72B4F874
S31508010540423093420FD0314A3149526F100CC2F3EF
S3150801055001120132B3FBF2F308802A4A2A492D48CF
S315080105601B0448675367003D18BF012594F82430DA
S3150801057065F3451384F8243020460AF0BAF9F0B138
S31508010580204609F0D1FFD0B14FF40031204605F0DD
S3150801059007FF431C03229BB21F4801A90AF01DFA53
S315080105A09DF8042002F00703052B9DF8053015D1A7
S315080105B012070DD443F48073184AC2F8E8300020B4
S315080105C003B0BDE8F04F0AF013BA01F0C9F9CAE75A
S315080105D013F0040F09D19DF80630EBE703F030025A
S315080105E0202A05D113F0010FF4E74FF48073E3E7EE
S315080105F09DF80630E0E700BF003000B0002002B8E1
S31508010600001002B8005001B8006001B8004001B8F6
S315080106102A8A01200000FFFF0C0000BA003E00B044
S3150801062000C001B82DE9F3410646884615461F461E
S315080106300EF011FB0446032002F0E2FC38B1204615
S315080106400EF004FB0E24204602B0BDE8F08104201A
S3150801065002F0D6FC0028F2D120460EF0F7FA012363
S315080106602A4641463046FFF7C9FE04460028EAD124
S31508010670DFF8C88077B188F8000039463046FFF7B9
S3150801068011FB00284CD198F80030012B08D104F051
S31508010690C5FBD8E798F80030002BF4D12124D2E71E
S315080106A02022204B01205A641F4BD3F89030B3F512
S315080106B0817F22BF80221D4B1A610AF0B4F90EF020
S315080106C0CAFA1B4B06461B6801935BB902F018FD73
S315080106D015F0800518D1012002F06EFD284604F0B8
S315080106E087FB17E0042002F07FFB00230122042088
S315080106F001A902F097FB0028E8D104F009FD21249D
S3150801070030460EF0A3FA9EE700220A4B01209A67AB
S3150801071002F052FD084B01215B6800209847EFE77C
S31508010720044690E7001002B8003F00B0000002B886
S31508010730247F012000C001B8C8890120C085012095
S31508010740084B10B51A6D986FDC6F012302F01F0272
S3150801075001329340013B1840234048600A7000204B
S315080107608B6010BD004001B82DE9F0410B460646E5
S31508010770154611B92120BDE8F081002AFAD00329CE
S3150801078005D8002201F018FE03460028F2D01C887D
S315080107909A78B4F5804F02F0070180F08480A1F1C0
S315080107A0070C1879DF88DCF1000343EB0C030529F4
S315080107B02B7394BF0023C2F30013C2F3801C6B731F
S315080107C0930985F810C003F00203C2F3C00C43EA8B
S315080107D00C03C2F34012E8746B74AA74D6F8A030FD
S315080107E0AF82D8064BD40639012948D8B6F8128003
S315080107F0F76908F1FF38083C04EA0804395D002066
S3150801080080290CBF6FF07F013239284B18BF49B2D6
S315080108105B6DA973A86096F827300134FF2B04EAAB
S3150801082008040BD13B5D5B0103F47E63FF2B9CBF80
S31508010830DB43D8B2D6F8F83003B19847631CE8739E
S3150801084003EA0803F95C013303EA0803FA5C013396
S3150801085003EA080341EA0221FA5C013303EA0803C1
S31508010860F85C41EA0241002341EA00616A7C3046AC
S3150801087004F084F906232860AB7100207BE7002386
S315080108800020EB730A4BDA69C2F30723120448BF47
S3150801089063F0FF035AB212F1800F1CBF323B5AB202
S315080108A0AA730346E7E7022065E700BF004000B8E0
S315080108B000C000B8F8B507460D4614468BB10AF0D4
S315080108C00AF829463846BE8A01F05EF9B44228BFBD
S315080108D03446A4B222462946044801F021FB2046A3
S315080108E0F8BD09F0E4FE0646F0E700BF0C0000BAC1
S315080108F0082310B1024A53647047024AFBE700BF56
S31508010900001002B8002002B82DE9F743DDF8288067
S315080109100746894616461D460EF09DF904460320EC
S3150801092002F06EFB38B120460EF090F90E242046EF
S3150801093003B0BDE8F083534B20465B6913F0060FFD
S31508010940F2D10EF083F90123324649463846FFF7BC
S3150801095055FD04460028EAD1002D7FD0B8F1000FD5
S315080109607CD0DFF83C91D9F80030002B47DB042214
S315080109704FF43451D9F8000007F014FAD0220021B7
S31508010980D9F8000007F013FA4FF480723D4B41463F
S3150801099038469A65FFF786F904460028C7D13A4BC7
S315080109A01B78012B5AD02022384B01205A64384B28
S315080109B0D3F89030B3F5817F22BF8022354B1A6177
S315080109C00AF031F80EF047F9334A8046136813B333
S315080109D029682C790B4413600193E3B1042002F0D2
S315080109E003FA00232246042001A902F01BFA90B952
S315080109F004F08EFB212440460EF028F997E70121E1
S31508010A003B20F5F75FFB2046F6F774FD0028C9F889
S31508010A100000ACDA8AE702F073FB16F080001FD0FB
S31508010A200022184B9A676879431E58425841FFF7C6
S31508010A305FFF2A792B68012AD7F8141101D18B4255
S31508010A4011D35B1A01930320082301A902F0EAF9DD
S31508010A5058B904F05DFB40460EF0F8F8212466E724
S31508010A6004F0C6F9DFE70023ECE70C4D2B6898473D
S31508010A7021280446BFD1012100206B68984700242C
S31508010A80B9E700BF00C001B8C0850120001002B84F
S31508010A90003F00B0000002B8247F0120C889012068
S31508010AA0D0890120054A12681AB190F82A1119B994
S31508010AB01047084602F08ABF014870471C7F01208B
S31508010AC000FEFFFF394B2DE9F3471C6801F4007955
S31508010AD000F00103174653EA090206460D463FD0C0
S31508010AE04FF000088BB30023002201200021CDF826
S31508010AF00480CDF8008005F0EDF841462046FFF761
S31508010B00D1FF01224FF0FF3A41466086DFF8B080F7
S31508010B10104609F0AFFAD4F8A01094F8270002F0AD
S31508010B20FBFFD8F8000000F06DFAC8F800A0DFF85E
S31508010B309480D8F8000000F073FA94F82430C8F8C5
S31508010B4000A043F0040384F82430B9F1000F07D05C
S31508010B50012120460AF014F825F4007506430D43D1
S31508010B602B4632462046FFF7B7F9FB070FD5104942
S31508010B70104A086800211368116001210E4A117094
S31508010B8003B198470D4B002102205B68984717F07F
S31508010B900E0F08D040F2C7123B21002002B0BDE873
S31508010BA0F047FEF7A3BE02B0BDE8F087EC7E012050
S31508010BB0347F0120387F0120C4850120C88901209E
S31508010BC0D8890120D489012008B558220021064870
S31508010BD009F0A3F81022FF21044809F09EF805F050
S31508010BE0E9FB002008BD00BF0C3F00B0503F00B034
S31508010BF073B5314A3149137809784FF0FF350B43FC
S31508010C0086211370A0F820116F228221C0F80C21C9
S31508010C10C0E944126422C0E9462240F2FF320C239D
S31508010C2082854FF40042002680F83C314FF6FF7367
S31508010C300446A0F84820224A0386026400F15402B9
S31508010C400265204AC3844263C0F8B050458585636E
S31508010C5080F8286004F08EF82046FFF7B5FF0122D8
S31508010C60194B2046C3F8382294F92810FFF798F94A
S31508010C706023164A41F6FF71D3644FF03A42116375
S31508010C801167134A2946D3644022124B20465A64F7
S31508010C90D4F8A02009F009FC0E2300220193009341
S31508010CA040F202231046194605F014F801F0ECFC4F
S31508010CB0304602B070BD00BFC685012098FC010808
S31508010CC00700FFFFFFFF4000005001B8004000B8D1
S31508010CD0005000B8002002B8044BD3F8083F13F0BF
S31508010CE0806F14BF23200020704700BF003000B07A
S31508010CF00246F8B5B0F8404100F58275FFF7ECFFFA
S31508010D000B688E68013304BFD2F80C310B604B684F
S31508010D10013304BFD2F818314B60771C3FD1D2F8A2
S31508010D201431CF688B607E1C40D1D2F810610F69EF
S31508010D30CE60013704BFD2F804710F614F690137DC
S31508010D4004BFD2F808714F618F69013704BFD2F821
S31508010D501C718F618F6987BBC0F1640408688C6157
S31508010D6010B16F2838BF6F20C2F814314B68C2F82A
S31508010D700C01C2F818310B692846C2F804314B69CF
S31508010D801149C2F81061C2F81C41C2F80831D1F8FC
S31508010D90FC1007230D4A03F08DFE0020F8BD04F16F
S31508010DA06F031B1AB34238BF3346BAE704F1860606
S31508010DB0361ABE4238BF3E46B9E76F34241ABC42DA
S31508010DC038BF3C46CAE700BF004F00B0A43F00B099
S31508010DD038B5054C054B417800782568236002F043
S31508010DE071FF00B1256038BD3C7F012088480208A3
S31508010DF038B50DF030FF054600F0F2FD012805D0A3
S31508010E0028460DF023FF0224204638BDFEF72AFFA7
S31508010E100028F1D1044BDC6814F08054ECD1284643
S31508010E200DF014FFF0E700BF000002B80A4B10B539
S31508010E301B68044673B1094B48B10121084A1A6077
S31508010E40022003F0C1FC0020064B1C7010BD0146B0
S31508010E501860F5E70220F9E73C7F0120407F012071
S31508010E6080480208C5850120014B1878704700BFE4
S31508010E70C58501204FF40022034B586C03F5005336
S31508010E805A64C0F3C0407047000002B838B5104B29
S31508010E9004469B68DA050FD409F0BEFD054602F043
S31508010EA067FC01F0FBFE01F06DFF09F0B5FD431B80
S31508010EB09C4208D92C44241A054B5B69DB0704D5E7
S31508010EC0204609F0B0FD002038BD0220FCE700BF2E
S31508010ED000C001B8024B586900F00100704700BF15
S31508010EE000C001B808B50D4B5A69D10710D518B914
S31508010EF0BDE8084001F054BF5B69DA070DD401F07B
S31508010F0041FF0323064A1364A2F58052536404E0A1
S31508010F105B69DB0701D40028F1D108BD00C001B81F
S31508010F2000A0095090F92430002B0CDA4FF08053B9
S31508010F30064A29B19360A2F58052D3600020704712
S31508010F40D3609360FAE70E20704700BF006001B8CE
S31508010F504FF0806310B1024A53617047014AFBE7BB
S31508010F60001002B8002002B8202350B1064AC2F880
S31508010F70F433064B196C11F0010104D1032003F077
S31508010F8023BC034AF3E77047001002B800C002B851
S31508010F90002002B838B5154A154B04461A608186F1
S31508010FA041B90722134BDA600522A3F58053DA60AB
S31508010FB0084638BD4FF6FF7399420F4D0AD10F49BE
S31508010FC009F078FD0E49E860204609F073FD81B203
S31508010FD02962EDE7B1F5805F4FF0070228BF4FF4AC
S31508010FE08051044BDA604B1E2B62E1E7950F01082D
S31508010FF02C7F0120006000B8004000B80C4000B802
S31508011000204000B8431C07D06FF0FF02034B104085
S315080110105A62A3F580535862704700BF00E000B8D2
S31508011020431C06D06FF07E42024BDA63A3F5805368
S31508011030D863704700E000B8014BD3F884007047C5
S31508011040003F00B0024B0020C3F88410704700BF70
S31508011050003F00B003282DE9F74F0C4691467ED88C
S31508011060404B13F800A0404B1E5C404B13F800B0F0
S315080110700DF0F1FD804604F0F7FF074640B1002365
S3150801108000220193009301200023002104F022FE8F
S3150801109004F0F2FF48B100230022019300930020D7
S315080110A000234FF4004104F015FE002E4AD0304BC0
S315080110B0DD6C05F008050AEB06002E4B2330584473
S315080110C0DD64C0B201F0CAFD3146504605F01AF892
S315080110D05A463146504605F083F8274BDD649FB1E1
S315080110E04FF0FF35254B1B68D3F8A01093F827005E
S315080110F002F012FD22490868FFF784FF0D602149B5
S315080111000868FFF78DFF0D60B9F1000F04D01E4B7B
S31508011110002103205B689847B4B14FF400521B4B7A
S315080111201D6F03F50053C5F340351A6740460DF0A8
S315080111308DFD00F055FC012808D15DB9002003B0EA
S31508011140BDE8F08F3546B6E72546EFE7002CF0D126
S315080111500520F4E74FF400520D4B1A67EEE72120FC
S31508011160EDE700BF3C49020838490208344902083C
S31508011170004000B8006000B8005000B8EC7E0120BD
S31508011180D8890120D4890120C889012000C001B865
S3150801119000D001B8054AC002136A00F4FF2023F4FF
S315080111A0FF23184310620020704700BF00C000B833
S315080111B0094B08461A6D91020BD4D3F84021D20780
S315080111C008D4D3F8803013F4706F14BF01200020BF
S315080111D070470120704700BF004001B8F8B50D46B9
S315080111E0144601F00B0323EA0201494A2340D1645C
S315080111F06F07A2F580520646D36410D50121FFF781
S31508011200D7FF60B104F066FF4FF4007314F0040FC2
S3150801121014BF404A404A13650422404B5A64E90602
S3150801122006D514F0100F14BF00221B223C4B5A6539
S315080112302A0618D5230611D54FF40012354BDA6460
S315080112400DF009FD0E210746032002F09DFB40F231
S315080112500122334B3846DA620DF0F8FC214696F83E
S31508011260270002F059FCEF0503D5E00538D502F051
S3150801127023FCA90503D5A20535D502F029FC15F4E9
S315080112808C6F18D014F4806232D096F825309B07FB
S315080112900CD5328EB6F83631934227D0B6F83831A6
S315080112A09F1A7B427B411F4A82F8F4303046D6F8B2
S315080112B0F010FEF7B5FF2B0510D504F00BFF1A4AFF
S315080112C014F4006FD2F8083F14BF43F0006323F00B
S315080112D00063C2F8083F0422104B5A640020F8BD87
S315080112E002F0E4FBC5E702F0EDFBC8E70123DAE704
S315080112F06805DBD596F825309907D7D5094B1146E8
S3150801130083F8F420094B30461B689847CEE700BF9F
S31508011310006000B8005001B8006001B8002002B8AA
S31508011320004000B8003E00B0003000B0487F012000
S3150801133070B5054690F83C010C460C2822D0FF29C9
S3150801134001D1212070BD1AB14FF0FF320F4B1A603F
S3150801135009F051FB064695F83C0101F0EBF9844288
S3150801136028BF0446E4B2B44238BF3446E0B285F831
S315080113702B0001F00BFB064A0346107820B9FF2B18
S31508011380E0D1DEE70220DDE70020DBE7088A01205D
S3150801139098FC01087FB51C4B04461B780E4615467A
S315080113A00BB3D0F8EC306BB302AAB3F91230009242
S315080113B00022F8F707FE02992046C1F3813109F0A8
S315080113C04DFA70B9BDF90C30029902460093C1F382
S315080113D00D0103462046FEF70DFA2946204609F077
S315080113E012FB04B070BD02A908F0E9FE32469DF869
S315080113F00810204608F0E6FA2A4601462046FFF775
S3150801140097FFEEE71846ECE798FC0108F8B50D4694
S3150801141090F83C1104460C29174603D12E4B1B782C
S31508011420002B51D02A462046A4F8485008F0CAFA9B
S31508011430D4F8EC3084F82A00002B41D0274A1678D4
S31508011440D4F8FC204EB1002A40D1B4F94800B3F9CA
S315080114501210884206DC002607E0BABB94F845213B
S31508011460824202D20126B3F91250002229462046A9
S3150801147084F82D70FFF78EFF08BB76B1C4F8EC002F
S31508011480204608F045FE4FF6FF739842014615D0EF
S315080114902046BDE8F840FEF719B9114B1B7813F041
S315080114A0FD0F0BD1204601F053F90E4901230E4ACF
S315080114B0D1F8FC1004F5827003F0FCFA0020F8BD9F
S315080114C0FF2384F82B30F9E70220F8E7B4F9441032
S315080114D0B3F912209142BDE798FC0108C68501209F
S315080114E02C8A0120004F00B0A43F00B0F0B5044695
S315080114F08FB000F0B5FBD4F8A8300546012B00D013
S3150801150010B128460FB0F0BD7549204609F0D2FA48
S31508011510D4F8EC600146258EC4F8F0003EB1336874
S315080115202BB15B681BB11A68032A00F2B5800DF06E
S3150801153092FBD4F8F030002B7BD01A68032A78D9AD
S315080115409F6A7F0E0DF082FBD4F8F010B3898DF8EF
S315080115500E70B0687268EB1A9BB200FB03226148F1
S31508011560ADF80C3003680292994202D02046FEF784
S3150801157057FE5D4D5D4E00F033FA0128FBD12B6C09
S31508011580DB07F8D4736CDF01F5D4D4F8F0102046E4
S315080115900D919DF80E20029908AB02F021FF002853
S315080115A05AD100F01DFA0128FBD1504A4E49536C15
S315080115B0D801FCD40B6CDB07F9D408A901A803F000
S315080115C095F80546002847D1228E494B5A6494F866
S315080115D0243060F3410384F8243000F037FCD4F852
S315080115E0EC305969431E0E68DBB2FD2B049637D8D9
S315080115F04B680128059343D10126DF1C06D901331F
S315080116003C4B5B6859D0DA1C54D80593024604A9A9
S31508011610204600F0B5FB002E7FF473AFD4F8643191
S3150801162099053CD494F8243043F0020384F8243015
S3150801163067E72F4BDB6BC3F3C20213F0380F03F0D6
S31508011640070718BF574313F4E07FC3F382123FF429
S3150801165079AF02FB07F775E7022528460FB0F0BDFB
S31508011660F71C13D9234B01361B6818BF0126DA1C50
S315080116701BD804934B68FF280593BED00020C5E705
S315080116800246204604A900F07BFB3AE74B68FF288F
S315080116900593B1D02A46F4E79F6A7F0E56E720469E
S315080116A04FF4803109F06CFA2BE7FF284B6813D009
S315080116B00593B0E7FF28AED1E0E7DE1C06D802465F
S315080116C0204604A9059300F05BFBA7E7FF28A5D1EF
S315080116D00022204604A9F6E7012005938DE700BFFD
S315080116E0FC4F00B0207F012000C002B8000002B8FC
S315080116F0008001B8108A0120F8B590F848610446BF
S3150801170066B30DF0A8FA1F23154F013E3B651E402F
S31508011710144B05461E65D4F84C21A3F580539A67E8
S31508011720D4F85021DA67D3F84031DB0711D52046C2
S3150801173008F00CFF4FF0FF3318B1C0F120029340B7
S31508011740DB43C7F84431D4F8AC201340054AC2F844
S3150801175044312846BDE8F8400DF078BAF8BD00BF17
S31508011760006001B8005001B80B7810B50C4683B972
S31508011770FEF724FD637883B94FF03A4341F6FF72C9
S315080117801A676022084BDA6403F5E83340225A6483
S3150801179010BD1846FEF764FCECE76022034BDA64D9
S315080117A003F5D833F2E700BF005000B8006000B86F
S315080117B010B504234FF03A4101240A4AD1F8180119
S315080117C0C2F81831C2F814314C634FF40051116351
S315080117D0410742BFC2F81431A2F58052C2F8183146
S315080117E010BD00BF002000BA2DE9F04104460E469F
S315080117F019B990F82430590656D44FF6FF73A18EBD
S31508011800D4F8F070994204D0394B1B680BB12046C5
S315080118109847384D2B68BB4262D0374B1B6833B1AA
S31508011820002F60D0396801B1B968204698474FF052
S315080118300708204600F08CFF002E46D02F4B93F95F
S315080118400030C3F11C0317B197F926209B1A06200D
S315080118502B4994F928600A6A9B1BDB0222F4FF22B2
S3150801186003F4FF2313430B62D4F8F020254B2A60B7
S31508011870986701F027F901250022234B23492046C1
S315080118800D7083F89C2009F037F8214B5B6C5A02DE
S3150801189003D4D4F8A0301B0603D54FF400121D4B10
S315080118A0DA640020BDE8F0814FF6FF71114DD0F8DA
S315080118B0F0702A6866F38613BA42818680F8243066
S315080118C0ABD100F045FF4FF00108134A4346D2F861
S315080118D0FC1004F58270A2F65C7203F0EBF8ADE732
S315080118E04FF00108A5E73946204698479FE700BF0C
S315080118F02C7F0120207F0120287F0120C18501201E
S3150801190000C000B8006000B8003F00B0C3850120E0
S31508011910000002B8005001B8004F00B010B50446E7
S31508011920D0F824210B4B4FF40061C3F8DC2090F862
S315080119302420D20102F4006204F01EFD94F824303A
S3150801194013F0100F4FF4007314BF034A034A53648C
S3150801195010BD00BF003E00B0001002B8002002B85A
S3150801196038B50DF078F94FF6FF710A4A13888B429C
S3150801197003D10DF06BF90E2038BD074C074D1B043A
S315080119806567A4F58054636711800DF05FF900203F
S31508011990F2E700BF2A8A0120006001B80000FFFFB4
S315080119A008B50C4BD3F84C21531C11D012F08042C8
S315080119B00ED1094B1B681BB111460320FFF74AFBE1
S315080119C04FF08062054B1A6501225A6102229A621A
S315080119D008BD00BF0080E00FEC7E0120001002B8B0
S315080119E00F4BDB68C3F30363013B0B2B0FD8DFE80F
S315080119F003F006060C06060606080A080808022069
S31508011A007047042070470520704703207047054B2F
S31508011A105B6913F0060F0CBF01200420704700BF55
S31508011A20000002B800C001B8094AD368C3F30363CA
S31508011A300B2B08D06FF49050184100F0010080F08C
S31508011A40010040007047506C10F48030EDD17047AA
S31508011A50000002B80C490D4ACB68C3F30363062B91
S31508011A6007D8042BD8B20BD8C31E58425841400098
S31508011A707047072B06D1D1F868011040ECD17047A1
S31508011A800220704700207047000002B85FFFF9FF87
S31508011A90094BDB68C3F303639A1E012A8CBF002234
S31508011AA00122012B02701EBF4FF4026222FA03F3D0
S31508011AB003F001030B707047000002B82A4A2B4B4A
S31508011AC012682DE9F3470C461A6009B10B7933B947
S31508011AD00022274B1A70002002B0BDE8F087FDF7F7
S31508011AE0A9FB20B1234B93F88830DB0737D4267935
S31508011AF0062E36D801213A202768F4F7E3FA4FF47F
S31508011B00FC7200251C4BDFF87890DFF878A0C3F843
S31508011B10582507F10108EBB29E4208D894E803005C
S31508011B200122134B1A70154B83E80300D3E717F804
S31508011B30151018F8152041EA024349F825300823FB
S31508011B40AB40CAF858358DF8041004218DF80520E4
S31508011B500DEB0100002205F096FA0135DBE70220BC
S31508011B60BAE72120B8E700BF90FC0108507F0120A1
S31508011B70C7850120003E00B000E00350547F0120D4
S31508011B8068C5035000D0035010B590F82700FF2808
S31508011B9014D0304BD3F8BC2012F0060F01D001281F
S31508011BA00DD94FF470622C4BDA604FF48072A3F5AD
S31508011BB08053DA600022274BC3F8B82010BD02F023
S31508011BC0020412F0040202D00B789B0637D4002CCB
S31508011BD039D00B7803F00F03072B34D14B78022B3E
S31508011BE031D98B7813F03E0F2DD0CC7814F0040F31
S31508011BF029D014F0010F0CBF04230A23A40748BFF8
S31508011C000633CB5CFBB1002A14BF0222012201284C
S31508011C1040F6FF7003F01F0108BF4900013940EA89
S31508011C2001310E4801654FF470600B491202C86014
S31508011C30A1F58051CA60074AC2F8B830BEE7002C40
S31508011C40C7D18B7823B90023044A13650122EAE731
S31508011C500222DCE7003E00B0006000B8004000B890
S31508011C6010B590F82710012903D8174BD3F8B430CB
S31508011C700BB1002010BD028E272A22D8134B144817
S31508011C801B68834219D031241248181A434243412A
S31508011C905B000D48A0F8CE4050246343282404FB7A
S31508011CA001330D491944895CFA31A0F8D4100B495E
S31508011CB00B449A5C0A4B1A70DBE76FF003040123A5
S31508011CC0E7E70E20D6E700BF003E00B0807F01207F
S31508011CD000F04902005A6202304A020840490208E5
S31508011CE0C8850120F8B503780646042B1ED80027B7
S31508011CF00F4D2B702B78FCB2A34203D80123002089
S31508011D006B70F8BD7368013733F81430A73B18B206
S31508011D1008F0FDFD05EB84035860736833F9140078
S31508011D2000F008F805EB84046061E3E72120E8E7A1
S31508011D30E489012007EE900ADFED0D6AF8EEE77AED
S31508011D4087EEA67ADFED0B6AB1EE477AC7EE267AF9
S31508011D509FED097A67EE877A9FED087A67EE877AAB
S31508011D60B0EE677ABEEEED7A17EE100A704700BF3D
S31508011D700000C842180D8F4D000000450024744923
S31508011D8010B5124B0C68C3F87842C3F87C42C8B147
S31508011D90D0F8EC30B3B15B69A3B1501EC0B2FD28CF
S31508011DA012D9013404BF6FF0010008600868FF2AE0
S31508011DB0186007D14A68013202D16FF001024A6000
S31508011DC04A685A60002010BD012AF2E7004001B8AE
S31508011DD0F0B585B06D460E460F4B074614460FCB38
S31508011DE085E80F000D4BD3F848020090D3F84C2232
S31508011DF001923EB1631EDBB2FD2B0AD93060FF2C7E
S31508011E0000D17260224629463846FFF7B9FF05B068
S31508011E10F0BD012CF4E700BF204B02080080E00F5B
S31508011E20FF2818BFC3434FF0180108BF1023064AFD
S31508011E3018BFDB00C2F8FC1318BF03F00803A2F5AC
S31508011E408052C2F8FC337047002002B8024BD3F81F
S31508011E50F807C0F3C0407047000002B84FF03A4394
S31508011E60D3F81421D2031ED54FF480320E49C1F896
S31508011E701421A1F58051C1F818215A6DD1B2C2F3C6
S31508011E800722C3F8A410C3F8A4200422C3F8A42087
S31508011E900022C3F8A420C3F8A420C3F8A420C3F8D9
S31508011EA0A420C3F8A4207047002000BAF0220B4BE7
S31508011EB001219A64A022A3F580539A644FF03A430C
S31508011EC0026DC3F8F410FC21C3F8CC10C3F8D02076
S31508011ED04FF40052C3F8F020704700BF006000B805
S31508011EE0F8B54FF03A440D46174606460CF0B3FED0
S31508011EF0012304226363084BE76026616561C3F821
S31508011F0014214FF00042054BC3F880210CF09EFEC8
S31508011F100DB102236363F8BD002000BA00E100E0B9
S31508011F202DE9F04105460124006800F00700063056
S31508011F3004FA00F3A868EC685E1EA04200F09280DD
S31508011F4000EA06076C6810441E430640D81B07EBD7
S31508011F50040C8242644638D9D31AFA18A0B3431E30
S31508011F60062B74D941EA0C039B0770D14B1CACEBC9
S31508011F700303022B6BD90B4620F0030E8E44ACEB00
S31508011F8001071C68DC5104339E45FAD120F003038E
S31508011F9010F0030F01EB030EA0EB03040CEB030790
S31508011FA000F0888011F80380012C0CF8038000F0FA
S31508011FB081809EF80130022C7B7018BF9EF8023092
S31508011FC0084418BFBB7001466C685AB3531E062BEA
S31508011FD001F101032FD9E01A02282CD941EA04009C
S31508011FE0800728D1234622F0030CA444081F50F881
S31508011FF0047F43F8047B6345F9D122F00303D01A21
S31508012000920701EB030C04EB03070BD0CA5C01280A
S31508012010E25407D09CF8013002287B7002D09CF864
S315080120200230BB700CF017FE0223AE60AB62BDE84E
S31508012030F0410CF00BBE0A4404F1FF3C00E0013309
S3150801204013F8011C93420CF8011FF8D1EAE70B4675
S315080120500844ACEB0107D91913F8014B83420C70FC
S31508012060F9D1B0E7042A0DD90878043AA861487865
S315080120700431A86111F8020CA86111F8010CA861D4
S31508012080A8685DE7013A032A12D8DFE802F00F15BE
S3150801209007020B4613F8012B1946AA610A4612F8DC
S315080120A0013BAB61114611F8013BAB610B78AB61A2
S315080120B0BDE8F081084486E70A46F3E738B50B46DA
S315080120C0154601464FF03A4468B101221048C4F852
S315080120D0F4201A46FFF724FF25B14FF03A430422AC
S315080120E0C3F8F42038BD73B1D4F8D8209A4284BF16
S315080120F00122C4F8F4204FF03A42C2F8D430022340
S31508012100C2F8F430E8E70123C4F8F430E4E700BF85
S31508012110CC0000BA38B504460CF09DFD4FF03A42A2
S315080121200121A38F054651674BB3B3FA83F3C3F174
S315080121301903DBB2A069C2F8B410C2F88C300723C0
S31508012140C2F89000C2F8B0304FF4A02302F500524D
S31508012150C2F81431A2F58052C2F8183100220D4B8B
S315080121601A600D4B5B6C5B0209D54FF480020B4B71
S315080121705A64D4F8A01094F8270001F0CDFC002386
S31508012180E38707232846A4F84030BDE838400CF019
S315080121905DBD00BF5C7F0120000002B8002002B8C7
S315080121A0044B186820B140F001021A6020F00100C2
S315080121B0704700BF5C7F01202DE9F84305460C46B0
S315080121C0B1B1D0F81880878F0CF045FDB5F83EC03F
S315080121D0791E01EA0C0323F00702032C0646DFF8F1
S315080121E000E1424461D1DEF8004024B90CF02EFD2D
S315080121F00E20BDE8F88324F00104DEF8000020F083
S315080122000100A04256D10023CEF80030238894421B
S315080122106FEA43436FEA5343238041D1B5F840300F
S3150801222008EB07091846083880B202F108044C453C
S3150801223028BF4446082804D9B4F800E0BEF5804F03
S3150801224043D263440F431B1A3B409BB2EB87A5F865
S315080122504000947811884FF03A42C1F30C01916518
S31508012260C2F89830C2F8B0004FF48022184B04F037
S315080122700704C3F814214FF00042164BC3F8802116
S31508012280FFF7ECFD042C0BD14FF48002124B5B6C6B
S31508012290124B5A64D5F8A01095F8270001F03CFCBA
S315080122A030460CF0D3FC0020A3E7601E012898BF36
S315080122B01446A2E7B5F840004344E31A48BFDB19C0
S315080122C008389842A2DC304690E72246ABE700BFC1
S315080122D0002000BA00E100E0000002B8002002B8C0
S315080122E05C7F0120164B10B51968B1F84020CB8FD9
S315080122F0888F13440138073B8C69034023F0070391
S315080123001C4402F108034FF03A429BB2A1F840304F
S31508012310C2F8B0304FF480220A4BC3F814214FF0AB
S315080123200042094BC3F88021A07800F00700042871
S3150801233003D1064AD3681B03FCD4054B1C6010BDA8
S31508012340EC7E0120002000BA00E100E0000002B89E
S315080123505C7F012010B5064C216839B1CB0703D43F
S31508012360044B1868FFF728FF0023236010BD00BF40
S315080123705C7F0120EC7E01204FF480320C4B0D4925
S31508012380C3F818214FF03A43C1F81421D3F8AC1019
S31508012390D3F88C20012302F0070206329340C1F3D9
S315080123A00C01083B994201D8FFF758BD704700BF99
S315080123B0002000BA001000BA2DE9F04780460C4605
S315080123C016468769858F0CF046FCB8F83E2005F15C
S315080123D0FF3C02EA0C0323F00701032C8246394429
S315080123E0B8F8400019D14A4C24689CB90244073A06
S315080123F002EA0C0222F00702BC183B44E31A48BF62
S315080124005B19834210DB50460CF020FC0024204661
S31508012410BDE8F08724F00104EFE7012C02D0022C75
S31508012420EBD108380C46E8E7002E3FD08C4241D163
S315080124304FF03A42D2F858904FF03A41D1F8AC20D1
S31508012440B8F81270C2F30C02934247DA2588B5F53B
S31508012450804FD8D2A378C5F30C0503F007037A1E7B
S31508012460A5EB09053A43052B337005EA02052DD874
S315080124702DB2E84340F24F420421C00FFDF736FA68
S315080124807580E3783374D8F81C207B1E03EA0903A8
S31508012490D118B160A9B213FA85F5AF422FBF00234F
S315080124A0FF1AB780F26024BFB180F36050460CF082
S315080124B0CDFBACE7A4F10802974284BFED0802EB15
S315080124C0C502B2F80090C9F30C09B5E7114B5B6D6B
S315080124D0003B18BF0123A5EBC305C9E74B6D7A1E5F
S315080124E0A3EB09033A431A400B4915B2002DCB68F1
S315080124F00BDCC3F30363D81E43424341DB0033704D
S31508012500CB6C72801B0A3374BDE70823F7E700BF5B
S315080125105C7F0120004000B8000002B8054BA822E4
S31508012520D3F84C013121431C0CBF0120C0F3807044
S31508012530FDF7DCB90080E00F10B50F4B1C78ACB97C
S315080125400E4BD3F8F8375B0309D490B10F23441E19
S31508012550B4FBF3F410300444E4B2204610BD40F64F
S3150801256048023F212046FDF7C1F9F6E70001C4B24A
S31508012570F3E71024F1E700BF2C8A0120000002B816
S31508012580014B5880002070472C8A012038B5284D08
S315080125900446297819B92022264807F0BEFB237874
S315080125A0254A264913704FF2F002C1F8C821244A78
S315080125B04BBBA1F50051D1F8F81711F4002F4FF0D4
S315080125C0FF011CBF1F48C0F8DC3011704FF0407383
S315080125D01A4AC2F834311C4BD3F8F83713F480235E
S315080125E00BD14FF47F01C2F830111849C1F83031C7
S315080125F048F2C801164BC3F8F4100723C2F8FC3396
S315080126000122124B0DE000240E48022BC0F8DC40D3
S315080126104FF0FF001070D9D107230422C1F8FC330B
S315080126200A4BC3F8FC23012300202B7038BD00BFD9
S31508012630C9850120E03F00B02C8A0120002002B89C
S31508012640408A0120004001B8000002B8001002B813
S31508012650003F00B010B5044601F08AF8094BD3F8DB
S31508012660F80734B900F44020B0F5402018BF01201E
S3150801267010BD022C0ABF80F400300020C0F3404090
S31508012680F6E700BF000002B82049D1F8FC37FF2B56
S3150801269031D01F48C3F303120270D1F8F81703F0BB
S315080126A00F0309035BBFC2EB02120F3B02F1FF32B4
S315080126B0D2184ABF03EB0213D3B2DBB2154A164945
S315080126C013700978154B1A68E9B1B2F1A06F1AD3DC
S315080126D0D3F85012124A134BB1F1FF3F18BF1346F4
S315080126E0114A136041F66A02104B1B68B3FBF2F3F9
S315080126F00F4A13607047D1F8F83713F4002F0CBF4F
S31508012700B4235A23DAE7074BEAE700BF000002B809
S31508012710418A0120CB8501203F8A01200080E00FF4
S315080127205082E00F304B0208607F0120807F012034
S31508012730647F012020B1022804D1034B1878704721
S31508012740024BFBE700207047418A0120CB85012017
S315080127502DE9F74FD0F8B0404C22022C38BF02249D
S315080127607B49013CCB6CD1F8DC507A49C3F382131F
S31508012770DA400B680646A34290F83C71764BDFF8BF
S3150801278000A2DFF80092DFF8008202F0010216D1FA
S315080127901878904213D19AF80000B8420FD1D6F8AA
S315080127A0B40060B1A8420AD196F82B5099F80000F6
S315080127B0854204D1B8F8040003B0BDE8F08F98F853
S315080127C000001A700C60FFF7B5FF0346002A00F0F7
S315080127D0918004234FF07F41604AC2F8BC30604BB8
S315080127E0C3F8BC1096F82B301B06C2F8BC30002083
S315080127F040F271225B4B19211B68B3FBF2F3634369
S31508012800182BB3FBF1F14FEA004400F29380002C38
S3150801281000F09B80B4FA84F2C2F12002C2F10F03E0
S31508012820012B38BF0123D440A14201D2013B6408E0
S31508012830421C03F01F0152008A40121BDFF838B10F
S315080128409208CBF8B0201A0242EA03121343019305
S3150801285000EB002300EB0325434B40F6C202186840
S315080128602B21003818BF0120FDF740F8FA223E4B0C
S3150801287002FB04F01B6840F6FF72B0FBF3F00A2373
S3150801288058433A4B00F57A74C3F8D820019AA3F550
S315080128908053C3F8D820364AA3F58053C3F8DC50D1
S315080128A0D2F8F827520308D4D3F8DC3003F47F02B0
S315080128B0C3F303531343CBF8FC30C6F8B4502D4D7C
S315080128C000F6B8302C6002F06FF84FF47A722A4B92
S315080128D0C3F8A400C3F8F8002B68B4FBF2F0B3FB05
S315080128E0F2F3A8F8043096F82B308AF8007089F8C4
S315080128F0003061E796F82B00984228BF1846C0B207
S315080129002FB1022F7FF473AFFFF716FE70E7184B4E
S31508012910D3F8F8371903F7D450B10F230138B0FBB0
S31508012920F3F00130154B1B68034413F8010C5FE7FC
S315080129300120F7E7B1FA81F23CB1B4FA84F3D21A6D
S31508012940002A3FF76BAF0F236EE70F2370E700BF2F
S31508012950004001B8088A0120CA850120001002B882
S31508012960002002B8807F0120647F0120006001B841
S31508012970000002B8687F0120003F00B0607F012097
S315080129803E8A01203D8A01202C8A012038B5254B33
S3150801299005461A78244C0C2A02D1FF20207038BD2E
S315080129A0104608F028F801461046FFF7C3FEA8426C
S315080129B028BF2846C0B2884238BF08462378C0B225
S315080129C08342ECD020703ABB184BD3F8F83713F48E
S315080129D0002321D14FF2F001154AC2F8C811C8B136
S315080129E00F230138C0B2B0FBF3F3591CC3EB031331
S315080129F0C01A431C0D4A1B01D2F8C80143EA013328
S31508012A000343C2F8C831D2F8C8210A4BC3F8FC20DF
S31508012A102078C4E70121EDE7074B1868FFF798FE10
S31508012A20F6E700BF2C8A0120408A0120000002B87F
S31508012A30002002B8003F00B0EC7E0120014B18705F
S31508012A40704700BF3F8A012010B50446FCF7F2FB28
S31508012A5078B1154B1B786BB964B1144B1B784BB124
S31508012A60134B1B78013B012B04D84FF40042114B41
S31508012A701A6510BD104B1B6D1B04FAD40CF0EBF84C
S31508012A80044603F027FB4FF400420C4B2046BDE8F1
S31508012A9010401A6502220A4BC3F8D4240422054BB6
S31508012AA05A640CF0D3B800BFCC850120CD8501202E
S31508012AB06C7F0120002002B8000002B8001002B89D
S31508012AC000D00350054BD3F8843013F0030F4FF4AD
S31508012AD0802314BF024A034A93647047004000B832
S31508012AE0005000B8006000B8F7B50646534C00F030
S31508012AF03FFE01213A20F3F7E5FA514B2578514F6C
S31508012B001E7085BB2846FFF79FFF2378013B012BE3
S31508012B1019D8E37B01A88DF80430237C8DF805309C
S31508012B20F1F770FAC7F8D4544FF6FF72464BC3F85B
S31508012B308420F822A3F58053C3F884200022414B50
S31508012B40C3F8D4240DE04FF6FF723F4BC7F8D454AF
S31508012B50C3F88420F822A3F58053C3F88420C7F864
S31508012B60D4543A4B5BE00020FFF76EFF2378013B14
S31508012B70012B08D8E37B01A88DF80430237C8DF856
S31508012B800530F1F73FFA0023C7F8D434002ECBD02D
S31508012B9062685AB32E4B1B6803EB5203B3FBF2F37D
S31508012BA0013B1B0243F0F80326782749022E294ADE
S31508012BB01ED0032E4FF6FF75224826D0012E36D198
S31508012BC043F00203C1F88450C2F884300723C0F8E1
S31508012BD0D434E37B01A88DF80430237C8DF80530C5
S31508012BE0F1F700FA0120FFF72FFF17E0F823DBE7DB
S31508012BF04FF6FF7043F00103C1F88400C2F8843030
S31508012C000622104BC3F8D424E3E743F00503C1F8C1
S31508012C108450C2F884300423C0F8D4340E4B4FF0E4
S31508012C2080421A650020FFF74DFF03B0F0BDC1F8D9
S31508012C308450C2F884300023EEE700BF6C7F012080
S31508012C40CD85012000C00350006000B8002002B8FD
S31508012C50807F0120005000B8001002B8034B1B6D9D
S31508012C60002BBCBF024BC3F888007047000002B8AE
S31508012C70004000B8084B1A6C0A2A0AD95A6D4FF057
S31508012C80FF3302F00F02934098430CBF0120002046
S31508012C9070470120704700BF00C001B82DE9F04711
S31508012CA000F0C0FD4FF47A762D4BB0FBF6F61860AE
S31508012CB04FF4FA73734307462A48190E1B0218186C
S31508012CC0294A4FF0000341F10001F9F7FBFB274BB5
S31508012CD0A0F5807205461A6320B94A222B21FCF712
S31508012CE005FE01254FF47A724FF0000A6A435346EE
S31508012CF050083102F9F7E6FB1C4B1D4AB7F57A7FF6
S31508012D009A601C4B4FEA056819601B4B89460446B5
S31508012D1018604FEA152505D29D222B215046FCF74E
S31508012D20E5FD01264FF47A73A8FB030103FB0511A0
S31508012D307308C01841F1000100233246F9F7C2FBB6
S31508012D400E4B023419600E4B49F10009A4081860AC
S31508012D5044EA8974054B013C9C63BDE8F08700BFD2
S31508012D60807F012020A1070040420F0000C001B862
S31508012D7002110100907F01208C7F0120887F0120AC
S31508012D80847F01200822044BC3F884215A6001225A
S31508012D90024BDA60704700BF00E100E000C001B8ED
S31508012DA00822064BC3F88421C3F88420BFF34F8F4A
S31508012DB0BFF36F8F0422024BDA60704700E100E02F
S31508012DC000C001B810B50446A242A2EB0000A3EB6D
S31508012DD0010104D2034B01399B6B0133184401F0FD
S31508012DE0030110BD00C001B838B501250A4B02011F
S31508012DF09D504FF480730446084A834053660BF08E
S31508012E002AFF074AA540137823EA05031370BDE88C
S31508012E1038400BF01BBF00BF00E101B800E001B864
S31508012E20D78501202DE9F84F164605468A461F46DD
S31508012E300BF011FF022E00F0918080460BF014FF73
S31508012E40604B614AD3F8209092F885405A6EE4B2F5
S31508012E50520744BFD3F82090013404F003040BF061
S31508012E60FEFE4846214600F055FA8446DAF8000087
S31508012E70012E04BF01306044ACEB000C08BFCAF850
S31508012E800000BCF1804F7DD300F056FA8145A1EBD5
S31508012E90040188BF4B4BDFF854C188BF01F1FF31EC
S31508012EA001F0030188BF9B6BA0EB090E0CF8051016
S31508012EB0A1B1F90742BF41F61F72444B5A67BA07D7
S31508012EC042BF424B424A5A677B0742BF00223D4BEB
S31508012ED09A673C0742BF00223A4B9A6511244FF084
S31508012EE0010A384B05F11002120103EB051BCBF859
S31508012EF00C0138499C501A6A0AFA05F4586E0B787F
S31508012F00A2EB0902E4B2234372450B7025D34FF4B1
S31508012F108073AB40034220D11CF80520002A4CD10E
S31508012F200EB32D4AF807536607D541F61F7140F2CD
S31508012F300110264B596750675967B90706D5234BC0
S31508012F40234A254925485A6748675A677A0742BF77
S31508012F500122234B1A613B071AD440460BF076FE31
S31508012F600120BDE8F88F1F4A2D0142F805A042F855
S31508012F709C3C0BF070FE17490B7823EA04030B708F
S31508012F800BF064FE40460BF061FE0020BDE8F88FA9
S31508012F902120FFF763FE4FF480310A4A124BD160B4
S31508012FA01A78002AD9D000222D201A70FFF756FE6A
S31508012FB01022094B40465A66D0E7074A40465366EF
S31508012FC0CCE700BF00C001B8003E00B000E001B880
S31508012FD000001F1FD785012000D001B8000001019C
S31508012FE0000002B800E101B8CE850120CF85012095
S31508012FF0024B1878003818BF01207047D785012081
S31508013000034B10300001185800F00100704700BF4B
S3150801301000C001B870B50646FDF75CFF044608B165
S31508013020FFF7BEFE00230A4D3046AB61EB612B620A
S3150801303000F082F9074BC9B283F8851028622CB1D2
S31508013040FFF7A0FE4FF08062034B5A64002070BD63
S3150801305000C001B8003E00B0002002B82DE9F041D9
S315080130609DF818800D46B8F1000F08BF0022214EC1
S31508013070B5F5803FB168074621F4700141F4A00116
S31508013080B1609DF820409DF81C104FEA042444EADB
S31508013090016444EA031444EA084444EA02044FF08A
S315080130A018014FF436722CBF002001207465FCF715
S315080130B01DFC3564B8F1000F1AD00F4BBC68D3F864
S315080130C0B8306F2C38BF6F245B0606D500F070FC4C
S315080130D018B10A4BB3FBF0F31C44204600F02CF957
S315080130E00130854238BF0022024B34BF5A64586406
S315080130F0BDE8F08100C001B800C000B800093D0074
S31508013100F8B5254F3D6E01F023FE04462846FFF724
S31508013110B1FD7B6C064603B170B310272020FFF77B
S315080131209DFD1E4B9F606CB1002200200821FDF712
S31508013130C9FC80221A4B5F66A3F580531F6703F506
S3150801314040531A6102F082FC1022164BC3F88421FF
S31508013150154AD36803F07063B3F1807FF9D91CB1BE
S3150801316016B10122114B1A700B4B114A1D665A678B
S3150801317041F201429A67F8BD002CF5D00D4B084A79
S315080131805366A2F5805213672846FFF773FD002898
S31508013190EAD03D6EF8E700BF00C001B8001002B8DA
S315080131A000E001B800E100E0000002B8CE85012088
S315080131B0011B01181000002010B504462120FFF755
S315080131C04DFD1CB14FF48032064BDA60064B1A7876
S315080131D03AB100222D201A70FFF740FD1022034B49
S315080131E05A6610BD00C001B8CE85012000D001B8CD
S315080131F0F8B5174D0446EB6BDB0124D500F038FC16
S31508013200A0FB0446E86B070A050C10F0FF0005D180
S3150801321040F227422B21FCF769FB0120EDB2AD01F3
S31508013220B5FBF0F0FBB210EB831005D140F22C424E
S315080132302B21FCF75BFB0120024600232046314681
S31508013240F9F740F9F8BD00F0B3FBA0FB0401F9E773
S3150801325000C000B80246012030B50B4CA0F120038E
S31508013260C0F1200524FA05F504FA03F32B4304FA01
S3150801327000F595428B4100D330BD0F2801D00130AE
S31508013280ECE7FF20F8E700BF40420F0000220B4B96
S3150801329040F010001A700F22094BC3F8B820A3F5A5
S315080132A08053C3F8B800A3F580535B6ADBB2802B61
S315080132B002D0084600F012BC704700BFCE85012037
S315080132C000E000B838B50BF0CFFC084B084A1D6A78
S315080132D092F885405A6EE4B2520744BF1D6A01341A
S315080132E00BF0BDFC284604F0030138BD00C001B847
S315080132F0003E00B00346064A103302EB00111B01DB
S31508013300D1F80C01D158C1F3400107F097BB00BFB2
S3150801331000C001B8064B1B68434303EB8171054B9B
S315080133201B68A3FB003013F1004341EB0000704713
S31508013330887F0120847F01200C4A20F04043014602
S3150801334010B5002014684FF00042E4FB0320084A38
S31508013350890F126802FB0300064B9B6B984204D93E
S3150801336001330131C01A01F0030110BD8C7F012020
S31508013370907F012000C001B8044B01F0F0711030B4
S3150801338041F0030100011950704700BF00C001B8A0
S3150801339008B52220FFF762FC4FF48022014BDA6060
S315080133A008BD00BF00C001B840B1836833B1064902
S315080133B0C268096803F13043032A00D8704743F805
S315080133C0041B043AF8E700BFC47F012070B516460E
S315080133D0054600B3F9B1F2B14268104B00680332F1
S315080133E01B68920800F130409847044688B9EA6894
S315080133F0A86803323146920800F1304007F03EFBD7
S31508013400044630B9286921466A6900F1304006F058
S3150801341084FC204670BD2124FBE700BF0C8A0120ED
S315080134202DE9F04705460E461446DFF88480DFF895
S3150801343084901E4F88B01CB9204608B0BDE8F087B5
S31508013440B4F5006F4FF010024FF000016846A2462E
S3150801345028BF4FF4006A06F060FC08238DF8003097
S315080134600AF1FF339BB2009A1B0143F0036302EA98
S31508013470090203EA08031343102200210DEB020097
S31508013480CDE90036029506F048FC6A46387804A963
S31508013490F3F76AFFA4EB0A0406EB8A0605EB8A052D
S315080134A03878F3F7BDFF0028FAD0C4E7428A01202D
S315080134B0F07F300C0F80CFF370B50C68651C15D002
S315080134C0C4F302669E42C4F3074530D1A4B29442BE
S315080134D02DD804EB8506B24229D2141BA50824F07F
S315080134E003040E59340F04D0012C08D000222124DC
S315080134F002E06B1C51F82320C0E9002470BD0E4C74
S3150801350034F8133042EA03431A686B1C51F8234016
S3150801351001EB83014B6822405E4036F0704404D1CA
S315080135201B0F032B04BF8B681A430024E4E70135FC
S3150801353001EB8501C1E700BF444B020807B501A8A5
S31508013540F4F712F8254B2649D3F86022D2B2FF2A9E
S315080135501DBFD1F87801130243EA0213D1F8783175
S315080135601CBF20F47F621343C1F8F8331C4BD3F810
S31508013570F837190354BF09200C20F3F76FFCC8224A
S31508013580184B42F201015A654FF4C02203F5104364
S31508013590C3F868214FF48032C3F86C21124AC2F885
S315080135A0701202F52042D2F8F827120308D44FF414
S315080135B070610E4AC2F8A0104FF42062C3F8A02029
S315080135C001220B4BC3F8002403F53043D3F86821D5
S315080135D0084B1A6003B05DF804FB00BF0080E00FDA
S315080135E0000002B8008001B8006001B8002002B8E6
S315080135F0005001B84C7F012010B504460BF02BFB97
S31508013600064B074A1C70074BFF2C08BF1346064A90
S3150801361013600BF01BFB002010BD00BF428A01207E
S315080136207DAA0108213401080C8A0120134B1B7855
S31508013630002B20D0124B134A00201A60124B134A52
S315080136401A60134B134A1A60134B1A68134B1A6004
S31508013650134B144A1A60144B144A1A60144B154A30
S315080136601A60154B154A1A60154B164A1A60164BFD
S31508013670164A1A6070470220704700BFD885012094
S31508013680D07F01204C540208C87F0120B04B0208A4
S31508013690CC7F0120D04B0208208A0120C47F01205B
S315080136A0E87F0120984B0208E07F0120544F020869
S315080136B0E47F0120CC4B0208DC7F0120804B020805
S315080136C0D47F0120D44B0208D87F0120C84B0208B9
S315080136D00022012138B51E4B5A649A64DA641D4AE0
S315080136E0516102219162DA68C2F303620D2A01D09F
S315080136F0002AF8D111220124174DDA634FF0FF3061
S315080137002C7006F063F900232B70144D40F2D15248
S3150801371028685421C01A18BF0120FCF7E7F8104B96
S3150801372028681A680F4B1968FFF750FE01F078FAF6
S315080137300D4B1868FFF738FE0C4B1868FFF734FE77
S315080137404FF08062034B5A6103F580535C6138BDC3
S31508013750000002B8001002B8D8850120C87F0120F0
S31508013760CC7F0120D07F0120E87F0120DC7F01206A
S3150801377001230D4A0D49C2F8803291660C4A5360FD
S315080137800C4A53600C4A5360A2F580425360A2F575
S315080137904042536002F5C032536002F580425360DD
S315080137A0A2F500425360704700900050FF0B0016C7
S315080137B000D000B8001000BA005001B810B50324B3
S315080137C0FFF7D6FF114A124B1A65FFF7B7FE114BE1
S315080137D0C3F8104100F06AF900F0E0FF4FF4607297
S315080137E00D4B5A614FF400721A65FEF72FFB002143
S315080137F0FEF716FB4022094B1C64A3F580535C6453
S31508013800074BC3F884215A6010BD00BF0048F00079
S31508013810000002B8005001B8001002B800A0095013
S3150801382000E100E008B507F049FB044B1B6FC3F341
S3150801383000430133B0FBF3F008BD00BF0080005020
S3150801384070B5044698B1B1B13A4A52F8043B83427D
S3150801385013D10023384A116CC907FCD4374800EB49
S31508013860830007F014F9364B106001221A6470BD03
S3150801387001330C2B02D1334D2CE0012352F8041BE2
S31508013880A142F5D1304A32F81330E3E7C2F30163B6
S3150801389035F81300110C93B211F0FE0F43EA0043F9
S315080138A0606820D00434CAB2022A216808D9666839
S315080138B0A068033AC3E9001698600C340C33F3E7A1
S315080138C004D16268C3E90012083403E0012A01D170
S315080138D0043419602268531CD8D10022164B1A6089
S315080138E003F58053C1E7120F072AEDD8DFE802F086
S315080138F00704090D1013181DC04303F5005318607A
S31508013900E2E71A6842401A60DEE703F58053F6E7F4
S3150801391007F089F8D8E7012203F580538240F2E7D8
S31508013920012203F500538240EDE71A6830EA0202E4
S31508013930FBD1C9E7947F012000C002B8404000B01E
S3150801394000D002B8444B0208528001200B4B1B6879
S31508013950D3F8F03023B11A68022A01D9186A7047D8
S31508013960074B9A6E90B238B1064BC2F307421B68F1
S31508013970DB085343B3FBF0F0704700BFEC7E012030
S31508013980004001B8807F0120074BDB68C3F303635E
S31508013990984208D1054AD2F8803023F0F00343EA69
S315080139A00111C2F880107047000002B8003F00B04C
S315080139B0054B1B68D3F8F03013B11A680A2A01D8E7
S315080139C0FFF7C4BF186C7047EC7E01202DE9F74359
S315080139D0064607F021F800248046DFF890900BF0A0
S315080139E03AF90DF1070105460DF10600FEF750F803
S315080139F09DF806308BB9721C29D007F00DF8A0EB9B
S31508013A00080428460BF022F99DF8063013B99DF8EB
S31508013A1007303BB3A642E2D824E0D9F80C3013F4B8
S31508013A20603FE8D0D9F8180007F084F8731C0746F8
S31508013A3003D006F0F1FFA0EB080428460BF006F9BF
S31508013A4017F5007FE0D0384603B0BDE8F083284675
S31508013A500BF0FCF89DF80630002BC0D19DF8073015
S31508013A60002BBCD1004FEEE700FEFFFF00C000B8F7
S31508013A700B4A10B5136F0B4C116F03F00703E35C88
S31508013A80C1F3CD0101FB0333126F0748C2F3454267
S31508013A9002FB033300688001B0FBF3F010BD00BFE1
S31508013AA0004001B83C4B0208807F01200122014BEE
S31508013AB01A657047001002B80122014B1A65704752
S31508013AC0002002B84022014B1A657047002002B84F
S31508013AD04022014B1A657047001002B810F1800F99
S31508013AE004D04D28CEBF7F20323040B2FF22034B8F
S31508013AF0C0B25A62A3F580535862704700E000B815
S31508013B00044BD3F8B03010B1C3F30332027003F09B
S31508013B100F007047000002B8064B01F080015B6C8C
S31508013B2003F480030B4302BF4FF40012024BDA641D
S31508013B30704700BF000002B8006001B84FF60401E3
S31508013B404FF60502044B01201B6C9BB28B4208BF42
S31508013B501346024A136670470080E00F00C001B899
S31508013B602DE9F74F81460F464FF0FF35FFF7AAFBC0
S31508013B70002601908A462C463046DFF8D8B006F171
S31508013B8010031B015BF8033003F00308B8F1010FBA
S31508013B9015D13046FFF7AEFB02460B460198514652
S31508013BA0FFF710F9DBF8643006F10802D340DB07AA
S31508013BB039D5002F40D000252C463E6040460136B7
S31508013BC0082EDCD160B3234A0027D2F808C0916BCE
S31508013BD00CF440330131A4FB0141641941F10001A0
S31508013BE0B3F5003F30D1536B0CF4405C013347F118
S31508013BF00006BCF5805F22D1156B15F5807505FBAE
S31508013C0006F647F1000203FB0266A5FB03323244BE
S31508013C10594304FB0212A3FB04341444C9E90034D2
S31508013C2003B0BDE8F08FA84271EB0403C6D207B111
S31508013C303E6005460C46C1E73D463C46BEE73202B4
S31508013C4042EA13621B02E3E7136B13F5807347F12C
S31508013C500002DDE700C001B8F8B5062006F0FFFE50
S31508013C60044606F0D9FE42F21073041B9C4205462F
S31508013C7018D94FF080624F240B4B5A6441F26F7783
S31508013C800A4E0BE006F0C8FE401BB8424FF4837299
S31508013C9021468CBF00200120FBF728FE736C5B01CF
S31508013CA0F0D5F8BD1A24E9E7002002B8000002B8E9
S31508013CB0034B1A6E596E03F500530A401A6670478C
S31508013CC000800A50FF28F8B506D1FF294FF00700F2
S31508013CD006D0002967D103E0FF2962D10F2862D8EF
S31508013CE00026324C324D84F8800084F88160686978
S31508013CF040F25D124B2100F00100FBF7F7FD11239D
S31508013D001022AB662B4B6E66C3F888219A60012197
S31508013D103B20F2F7D7F994F88110274A94F88030B6
S31508013D200A432649063341F82320254B3E201D68C0
S31508013D30F2F7E2F96F08ED07024633462846394697
S31508013D40F8F7C0FB090241EA1061C0F3C05040EA26
S31508013D5041001C4B2067186B10F5807005D14FF494
S31508013D60D6722B21FBF7C2FD022002460023002052
S31508013D700121F8F7A7FB60673E20F2F7BDF940F687
S31508013D8049435843000DFF2828BFFF20022838BFA2
S31508013D900220002184F88400012000F015FD00208E
S31508013DA0F8BD0F2895D92120FAE700BF003E00B0DB
S31508013DB000800A5000E100E0020D0C00008003506B
S31508013DC0807F012000C001B82DE9F34105460F4661
S31508013DD068461146FFF7C4FE0646B0B1AFB1DDE944
S31508013DE000321B0A43EA0263A5FB0384094B120A44
S31508013DF005FB02441A6812B9FFF714FD02460023AF
S31508013E0040462146F8F75EFB3860304602B0BDE809
S31508013E10F08100BF807F012070B5FFF71DFF0021EB
S31508013E20022000F0D1FC06F0F7FD04460F4D104EB6
S31508013E30D5F8F4331B070BD50AF00DFFBDE8704022
S31508013E4002220C4BDA6001220B4B1A700AF0FEBEF5
S31508013E5006F0E2FD001BB0424FF405724FF0450132
S31508013E608CBF00200120FBF741FDE1E7000002B805
S31508013E703F420F0000C001B8D9850120214910B57C
S31508013E800B78002B3DD001221F4C94F88130013369
S31508013E90DBB202FA03F31D4A5366136608221C4B6A
S31508013EA0C3F8882100230B7003231A4A39211364A6
S31508013EB0A2F580525364184B40F2C322586CC0F3E2
S31508013EC08060FBF713FD4FF48041144A144BC2F886
S31508013ED09410144AA16FD26E914202BFD3F86C2195
S31508013EE0E267D3F86431E06F08BFA4F88630B4F806
S31508013EF0861000F0DDF8BDE810400121022000F02F
S31508013F0063BC10BDD9850120003E00B000A00A504F
S31508013F1000E100E000A00950000002B800E001B885
S31508013F2000C001B800800A5010B504463E20F2F7D9
S31508013F30E3F86043034B00F5F42000F59070B0FBFD
S31508013F40F3F010BD40420F002DE9F74FFFF7ECFFE4
S31508013F500446FFF781FE0AF07EFE00214B4F054617
S31508013F6068463970FFF7FCFD494B80469E69494B07
S31508013F70DB6813F0706F1CD1474B5B6913F0060AB7
S31508013F8017D1E0B1454B611D1868A1FB00B93E2068
S31508013F90F2F7B2F85346024649465846F8F792FAF6
S31508013FA0009B090241EA106100029842019B99416E
S31508013FB005D3284603B0BDE8F04F0AF047BE0021F5
S31508013FC0022000F001FC06F027FD8146DFF8C4B0A7
S31508013FD0DFF8D4A0DBF8F4331B0741D5B8F1000F9D
S31508013FE04DD0DDE900893E20F2F786F84FEA18211F
S31508013FF041EA09614FEA1923A0FB019800FB0388EE
S31508014000264B1A6812B9FFF70DFC024600234846EB
S315080140104146F8F757FA0121214B013493F88130CB
S31508014020DFF86CC001331F4A361BDFF880E0DBB2CC
S3150801403001FA03F30644CEF86030CCF86C60536697
S31508014040DCF81820DCF86C60241A921BA24216D2FE
S31508014050CEF864300220CEF8603000F0B5FBA8E750
S3150801406006F0DAFCA0EB0900504540F26A224FF04F
S3150801407045018CBF00200120FBF738FCAAE7022284
S31508014080054BDA6001233B7093E700BFD985012010
S3150801409000800A50000002B800C001B8807F0120E4
S315080140A0003E00B000900A503F420F0000A00A509F
S315080140B001232DE9F74F9A4F044697F881208A463E
S315080140C09340984A0E46936697F88020964B054684
S315080140D0C3F8D8204FF40032944B4FF0000B1A6105
S315080140E00223DFF85482C8F80C30914B9B6903F11F
S315080140F0FF39A3EB0903002B40F3D4800BF1010B25
S31508014100BBF1020F57D9EC220D210020FBF7EEFB7C
S315080141104FF08053874A884F53664FF40031804BDE
S31508014120C7F86C51C3E91E950025C7F86461A3F861
S31508014130866011617C4AC2F8D85093F88120012320
S315080141409340784A93660AF086FD2A462B464FF431
S31508014150807E3E6AD7F864C002F1100109017958D8
S3150801416001F00301012910D10EFA02F111EA0C0F2F
S315080141700BD107EB0215B442D5F80C5100F2A58014
S31508014180AC4202D2AE4280F0A3800132082AE3D1C2
S315080141906A4D2968012940F29E803BB16049B1F810
S315080141A082201A43A1F88220604A536603B0BDE80B
S315080141B0F04F0AF04BBD012397F881205C4D9340DF
S315080141C0584A93660AF047FD4FF08052594B0190C1
S315080141D05A66AB6903F10109C5F86C90D8F8301035
S315080141E0D8F80830DD036DD5BA6F3E6FA9EB020228
S315080141F0A2FB06267B6F01F58071A6FB03E5A2FBF0
S3150801420003C313EB0E03A1FB03EC45F1000501FB08
S3150801421005CCB2EB0E0266EB0C06120A42EA0662FE
S315080142205244B2EB112F4FEA112603D3013345F15C
S315080142300005921B043E964228BF1646C8F8186028
S3150801424097F88520D8F82010E318D2B245F1000571
S315080142508C42D8F8381084BF02F1FF32D2B2481C1A
S315080142600ED04FF0000E01F1010C99427EEB0500CC
S3150801427008D20132B3EB0C03D2B265F10005F4E7BB
S315080142802A44D2B21D4602F0030287F88520C8F8EF
S315080142902030012397F8812001989340284A936694
S315080142A00AF0D4FC224B9B6900BF00BF00BF00BFC8
S315080142B000BF00BF00BF00BFD8F86420D2007FF559
S315080142C018AF25E756462546E3E7AC42BFF45AAF91
S315080142D019438BB259E71B4A1478142C01BF0024E1
S315080142E0194E14703470147801341470002B3FF48D
S315080142F05DAF0B4EB6F882401C43A6F882400B4CC4
S315080143006366114C23780133DBB2022B23707FF4E9
S315080143104DAF0023013129601370237046E700BFB2
S31508014320003E00B000A00A500080035000D001B83A
S3150801433000800A5000E001B800C001B8187F0120CA
S3150801434000900A50DB850120DA8501204FF00052E2
S31508014350014B1A60704700BF00E100E04FF00052C0
S31508014360034BC3F88020BFF34F8FBFF36F8F70479E
S3150801437000E100E0F8B50B46002213F8044B94421D
S3150801438025D91D68854224D106245A791D79124BEF
S3150801439088181E6804FB0503104F33F8063C7B4357
S315080143A0B3420ED900238A5A7A43964202D804FBAD
S315080143B00300F8BD9D42FAD9013304FB03F2825A80
S315080143C0F2E740F247423D210020FBF78FFA002031
S315080143D0EFE708330132D2E7EC7F012040420F00B4
S315080143E02DE9F04F4FF0000EA2FB016BDFF8F4C286
S315080143F0DFF8F48216EB0C0C1F466BF10003E0455F
S315080144007EEB030383B009D240F23E220E217046A9
S31508014410FBF76CFA022003B0BDE8F08FD7F814A0B9
S315080144200C4615468146BAF1000F04D0DAF8003079
S31508014430032B00F29A809E4B9E4A9B6BD2F8FCA0F6
S31508014440C3F314089C4B1B6F5A074EBF4FF4400326
S315080144509B0503F0E07348EA0308984BD3F8EC3060
S315080144605B0048BF48F0807848EA456806F060FD79
S31508014470012D0246CED10028CCD0914B984200F0AE
S31508014480858003F5122303F5F863984200F09080BE
S315080144908C4B984200F0EB80002501902B460020BA
S315080144A04FF00071F8F70EF82B46019A013006FB1A
S315080144B003F300FB0B33A6FB00600344C8F31300A8
S315080144C0A0FB0221203300FB05119B093B607E4BB3
S315080144D0D20C1C6042EA41317C4B18F4801F08BF9C
S315080144E0494219607A4B0C441C60BAF1000F5BD043
S315080144F00023DAF81C5018F0807F18BF6408BB60E7
S315080145007B60002D46D099F82720073A012A41D920
S31508014510694ED6F83C21D0027FD4DAF80000002C87
S3150801452000F0A980B4FA84F1072900F3A480C1F147
S31508014530080325FA03F304FA01F10133B1FBF3F198
S315080145404B004FEA442C0133E40D01E002330131FB
S31508014550A5FB0362B44574EB0202F7D2C1F30E035D
S315080145601B0343F00063BB6016E0042BDAF82880CE
S315080145707FF47CAF18F0807F14BF4FF4400308F036
S31508014580E07328F0E07848EA03086FE7002351480A
S315080145901D468CE7DAF8000000230628FB603B611C
S315080145A002D9DAF830303BB9002003B0BDE8F08F04
S315080145B0002349481D467AE706F0BAFCDAF83010B6
S315080145C0FFF7D8FE044610B18378002B56D106F0C2
S315080145D06FFCDAF83010FFF7CDFE04460028E3D069
S315080145E08378002BE0D0407940F27352003818BF27
S315080145F001203D21FBF77AF9207940F274520038FF
S315080146004FF03D0118BF0120FBF770F92379627954
S315080146101B0243EA02133B61C6E781EAE172A2EB98
S31508014620E1722E49C8F3815811F808C019464FEAB4
S315080146308C6C6008CCFB02012246F7F743FF034660
S31508014640DAF800000E280ED9194A916BB26CD6F821
S315080146503C61D20607D501F4801106F400163143F0
S3150801466008BFC3F58013C3F313037B6057E7002321
S315080146701B481D461BE72B4621025FE740794FF48D
S31508014680AB62003818BF01203D21FBF72FF92079CD
S3150801469040F25952003818BF01203D21FBF726F98F
S315080146A0237962791B0243EA0213FB608FE700BF95
S315080146B0008001B8004F00B0004001B8000002B800
S315080146C000F04902005A6202F47F0120F07F0120BE
S315080146D0EC7F01200A3BB2DF313641DC4C4B020844
S315080146E0D694BFD6006CCA88807C814A10B5044628
S315080146F086B059B9214B4168D3F8FC30827A2048F3
S31508014700059300686B46FFF76BFE69461D4B0A6801
S315080147105A631A4BD3F8FC3033B34B6843B11A4B7F
S315080147201A4AC3F83C214A68A3F58053C3F83C21C9
S315080147308B6843B1144B164AC3F81C218A68A3F542
S315080147408053C3F81C21134AC868D2F8983123F458
S31508014750EE630343C2F89831D2F89031096923F41C
S31508014760EE630B43C2F89031002022890A4B9A6204
S3150801477003F5A033186406B010BD00BF004F00B0A2
S31508014780EC7E0120008001B8006001B8FFFF0F0030
S3150801479000F0FF0F000002B8004000B8074BD3F83D
S315080147A08022D20707D55B6E002B4FF48043B4BF36
S315080147B0034A044A13650020704700BF0080005071
S315080147C0002002B8001002B8064B1A6C9207FCD4F6
S315080147D0022240EA01205860034B1A640122034B66
S315080147E01A70704700C002B800D002B8DC850120F3
S315080147F02DE9F041364F0646FB68C3F30363022BE6
S3150801480064D106F009F90546DFF8DC80BC6A14F4C0
S31508014810802449D10AF01FFAFB680546C3F30363EE
S31508014820022B3BD1304606F064F828B1294B93F8A0
S31508014830F4200AB183F8F5400022274B83F89C201F
S31508014840234B5B6C98053DD5224BD3F8DC30598850
S315080148509A68C90748BF1821D66848BF927806F4EE
S31508014860000044BF01FB023303F10C021B4B06F0A7
S3150801487008069B6993608022194BDA6038B14FF4B8
S31508014880003203F5A043CF20DA61FEF7E7F9CEB18E
S315080148904FF40072134B5A6402229A6028460AF0B2
S315080148A0D5F92046BDE8F08106F0B6F8401B40452B
S315080148B04FF064024FF047018CBF00200120FBF73F
S315080148C015F8A3E78022024B1A61E7E70224E8E715
S315080148D0000002B8003E00B0003F00B000C000B8BA
S315080148E000C001B8002002B83F420F0010B590B1D0
S315080148F00468012C0FD902696AB11168094B102C99
S31508014900196051685960916888BFD268996094BFE7
S31508014910D960DA6010BD10220021024805F0FDF9C0
S31508014920F8E700BFFC7F01201B4B2DE9F0410D463E
S3150801493016461C6858B34FF47A7343438A68A3F63C
S31508014940AC539B1A4A689B1A144AD8171168144F14
S31508014950A1FB033201FB002213F1807342F100022D
S315080149605B0E43EAC213803B33620E4BD3F8C43065
S3150801497073623B6873B1204605F0BBFF50B13246FE
S3150801498029463B68D4F8E400BDE8F04118474AF6E1
S31508014990C873D9E7BDE8F081EC7E01200C800120BF
S315080149A0F87F0120003F00B0084BC1171A68A2FB27
S315080149B0000302FB013310F1807043F10003400E3E
S315080149C040EAC310803820EAE07070470C80012065
S315080149D00722194B70B51A64184B194A1D68194BE9
S315080149E0EC08E005C0184FEA153141F10001002332
S315080149F0F7F768FD144B154E18601548FFF7D4FFF5
S31508014A004042C6F8DC0049F65800FFF7CDFFC6F864
S31508014A10A8001048FEF790FC024660B1E301500871
S31508014A2018184FEA15714FF0000341F10001F7F725
S31508014A3049FDC6F8B40070BD000002B8807F0120A8
S31508014A4065CD1D00B2E60E000C800120003F00B0C6
S31508014A507011010040420F0048B14FF47A72054BBC
S31508014A60DB6802FB0030A0F5FA50FFF79DBF47F25D
S31508014A703050FAE7FC7F012010B5044698B10B4B7C
S31508014A80D3F8FC00FFF732FF4FF47A7303FB04F007
S31508014A90074BA0F6AC50DA689B681044C01ABDE80B
S31508014AA01040FFF781BF4AF6C870F8E7004F00B01B
S31508014AB0FC7F0120F8B50446084615461E46FFF751
S31508014AC015FF3CB306F0020716F0040623D10FB30F
S31508014AD0204600F095F828636069FFF7BDFFE86294
S31508014AE0C6B1A068002843D04FF47A735843A0F59D
S31508014AF0FA50FFF759FF68614FF47A7023685843F3
S31508014B002BB11D4B1B6803F51C5310331844FFF7D3
S31508014B104BFFA861F8BD206920B34FF47A73584357
S31508014B20154BA0F6AC509B68C01AFFF73DFFA8626B
S31508014B30A08BD0B14FF47A7358430F4BA0F6AC5003
S31508014B409B68C01AFFF730FFE8612A460A49E06800
S31508014B50FFF7EAFE0021A069FFF78EFF6863002FC1
S31508014B60BFD0B5E74AF6C870DFE74AF6C870E9E785
S31508014B7047F23050BDE700BFFC7F012070B50646FD
S31508014B8008461C4605F072FF0546D6F8F00000F007
S31508014B9029F84368054A002BA8BF4FF4FA721A444C
S31508014BA0034B601992FBF3F2104470BD0CFEFFFF34
S31508014BB018FCFFFF10B50446084BD3F8FC00FFF7B5
S31508014BC095FE204605F052FF4FF47A72044BDB68D6
S31508014BD003F5FA7393FBF2F3184410BD004F00B0C6
S31508014BE0FC7F012040B10368012B05D90069034BFD
S31508014BF0002808BF1846704700487047544B0208FA
S31508014C0043684FF47A7058432BB1044B1B6803F57C
S31508014C101C5310331844FFF7C7BE00BFFC7F0120A1
S31508014C2070B588B06D46184C0FCC0FC594E80F00C7
S31508014C3085E80F00FC220021144805F06EF894223D
S31508014C400021134805F069F820220021114805F0D2
S31508014C5064F805F085FF104B1B783BB16D460A4E8B
S31508014C600FCD0FC695E80F0084E80F000C220B49FB
S31508014C700B4805F05DF80B4B0B4AD3F87831C3F3B3
S31508014C808243D36708B070BDE03F00B0703E00B004
S31508014C906C3F00B0E04F00B0C9850120644B0208A3
S31508014CA0C83E00B0000002B8003F00B0064BD3F87A
S31508014CB0080F064B9B6C1A0103D4054B9B6E1B040C
S31508014CC001D500F580707047003000B0000002B8C9
S31508014CD0004000B810B509F0BEFF0E2104460320B6
S31508014CE0FEF752FE40F20122034B2046BDE8104072
S31508014CF0DA6209F0ABBF00BF004000B8064B0020DE
S31508014D001B6893F82430DB0902BF0322034BC3F85F
S31508014D105022FBF731B900BFEC7E0120006001B8D3
S31508014D20012370B5074C2370074B1E68074B3240A9
S31508014D30D3E9005319402840FBF7C4FE002323702A
S31508014D4070BD00BFE185012014800120B84B002009
S31508014D50024B5868C0F3C000704700BFB84B00202B
S31508014D60034B1B6813F4C06F14BF01200020704762
S31508014D70B84B002010B50446FEF720FD00F03AFFB7
S31508014D802046FDF793F8FEF7A3FCFDF787FFFDF72D
S31508014D90F9FFFFF71DFE13490723134AD1F8FC1043
S31508014DA004F58270FFF786FE4FF080710020FEF74A
S31508014DB0E3FA4FF000720D4B4FF400110120C3F8CE
S31508014DC00021FEF7D9FAFEF7B9FE20B940F22312FF
S31508014DD01421FAF78BFD05F0C1FEBDE8104001204C
S31508014DE0FDF782BE004F00B0A43F00B000D001B865
S31508014DF08023074A5364082340B15364054AD2F80D
S31508014E00D83E23F02003C2F8D83E7047024AF4E799
S31508014E10001002B8003000B0002002B810B509F041
S31508014E201AFF012104460020FFF7E2FF044B19612E
S31508014E30044B5B6898472046BDE8104009F006BF59
S31508014E40000002B8C8890120F0B583B014460646A9
S31508014E50FFF7A4FCFCF73EF8002800F0A980594B9F
S31508014E605D6915F0060540F0A38009F0F4FE237983
S31508014E700095022B054647D1237B022B33D003200D
S31508014E80FEF7BEF820B9504BDB685B0440F192800F
S31508014E90A37B277B003B18BF0123A2684B49012F3F
S31508014EA001920B706FD000F097FE0420FDF79CFF6E
S31508014EB00420444E0223716F3A4621F0F85121F439
S31508014EC0F81141F0506141F4803171670DEB000131
S31508014ED0FDF7A8FF0446002860D0012030223C498E
S31508014EE03C4B08701A653C4E33689847212804469E
S31508014EF004D101210020736898470024284609F047
S31508014F00A5FE204603B0F0BD0320FEF779F8002878
S31508014F1050D12279D6F80C31012A226830D0D01A1C
S31508014F2000900020274B2D4A2D495A679867637BC5
S31508014F302C4A23F040000028C3F380130B700CBFE2
S31508014F40012300231370284B274AD3F8D83E4FF084
S31508014F5003000CBF43F0200323F02003C2F8D83E18
S31508014F60FDF742FF174B214A03205A676946012379
S31508014F702279FDF757FFF8B101221D4B1A707BE71D
S31508014F809A42CDD3CBE72379022B8CD0009BD6F856
S31508014F900C1100270B441344019384E70320FDF702
S31508014FA023FF28460D4A124B72671C7009F04EFE04
S31508014FB00E24A6E72846F9E7284609F047FE2124E4
S31508014FC09FE700BF00C001B8000002B8E6850120CE
S31508014FD0E3850120001002B8C889012000000101FB
S31508014FE0E4850120E5850120003000B0010C0100AF
S31508014FF0E08501202DE9F3410D460024074609F015
S315080150002AFE214B06462046DFF88C801C70FFF7E6
S31508015010EFFE1E4BC8F87430C8F878406879431E0D
S3150801502058425841FBF764FC40F60143C8F878300A
S315080150302A792968012AD7F8143101D1994200D36E
S31508015040CC1A042303200DEB03010194FDF7EAFEB4
S3150801505050B988220E4B30465A6409F0F7FD2124CF
S31508015060204602B0BDE8F0810A4D2B6898472128F1
S31508015070044604D1012100206B6898470024304674
S3150801508009F0E4FDECE700BFE0850120000001011D
S31508015090002002B8C889012000C001B8F8B5194C2A
S315080150A00546207840F27D22B0FA80F03E2140097B
S315080150B0FAF71CFC55B9607840F27D22BDE8F84044
S315080150C0B0FA80F03E214009FAF710BC4FF4406669
S315080150D00D4F0E4DD7F8083140F27D22C3F38123D7
S315080150E02370C5F8086160783E21B0FA80F040095E
S315080150F0FAF7FCFBD7F80C31C3F381236370C5F8C3
S315080151000C61F8BDDD850120004000B8006000B8DB
S31508015110A82238B51C4B5D6C03F500535A6410225E
S315080151209A60A3F5804302F100521A675A6600F0A5
S31508015130ABFF164B1B7813B90320FDF755FE002468
S31508015140134B9C6700F0C6FF124A134BD2F8081F8F
S315080151500B40C2F8083F0422104B5A64104BAA06AA
S31508015160C3F8E04009D503F58073D3F89030B3F559
S31508015170817F22BF8022044B1A61FCF7F1FB0022D2
S31508015180084B1A7038BD00BF000002B8E08501203F
S3150801519000C001B8003000B0DF0000FF002002B8EF
S315080151A0003E00B0DF8501200D4A10B5D2F8A030C7
S315080151B0D2F8A4100B40B3F1804F0CD34FF0404006
S315080151C00849094CC1F8A400D467C1F8A0004FF4F6
S315080151D08021064AD161034AC2F8A03010BD00BF3A
S315080151E000400050006000500000FF01001002B8A6
S315080151F09E4B2DE9F04F9A6EDB6E85B002EA0308E5
S315080152009B4BC3F868804FF03A43D3F81461D3F83F
S3150801521018311E40974BC3F81461974B9A68DB689F
S3150801522002EA030A954BC3F808A003F52043DA6995
S315080152301B6A02EA0309924B09F47702DA61914B78
S31508015240D3F80422110706D4D3F804311A07C3F395
S31508015250C00740F1E98009F0FEFC8B4B5A695F6E85
S315080152601B6F12F0060F07EA0307884A27F0007337
S3150801527023F4006314BF4FF0010B4FF0000B536684
S315080152807B0706D5824A92F885300133DBB282F86C
S31508015290853009F0DBFCB8F1000F00F0E38018F463
S315080152A000442BD009F0D7FC0146FFF7FFFC044662
S315080152B0784B1D682A682B689A42FCD02A689A425C
S315080152C0FCD0FFF7F3FCA04240F0B080084609F095
S315080152D0BDFC714B1C60714B5D6C15F4E05240F0DE
S315080152E0A78024F07F4424F0DF040CB9FFF710FFF0
S315080152F06B4B01201B6898474FF0807418F0020F1A
S315080153004FF0000514D0654B5D495B6C03F46042B0
S315080153104A64002A00F0A0801D0400F1A08013F45D
S31508015320005F0CBF4FF000534FF0006300251C438C
S31508015330C8F340384FEA48085A4B3340002B4BD044
S3150801534016F4206F0AD040F2BC5206210020FAF763
S31508015350CDFA002000F01CFF26F48026F00506D5BC
S31508015360FF22474B44F4C0649A60FFF7B3FC16F07A
S31508015370090F0BD040F2D15208210020FAF7B6FAEC
S3150801538000F0FAFE4FF03A4301225A6316F0106F05
S315080153900CD040F2DA5209210020FAF7A7FA00F0F8
S315080153A0EBFE002211461046FCF788FE16F4202F64
S315080153B00AD040F2E25207210020FAF797FA0020B4
S315080153C000F0E6FE26F48026F10301D5FCF7D4FFAA
S315080153D0002EB8BF48F0080872070ED54FF03A43B9
S315080153E01B6B13F4005F4FF4005317BF214A2E4A73
S315080153F0136344F4000408BF1363730548BF44F0FC
S31508015400040416F48023019300F0B780FCF76AFFC1
S31508015410013806284AD8DFE810F03E0141013E016D
S31508015420440147014A014A01BB4634E7044641E7BC
S315080154300192FFF76DFE124B019A5A6415F48053D7
S3150801544007D115F4806F0CBF4FF080544FF080647C
S3150801545054E74FF0804451E74FF0007366E74FF089
S31508015460004363E74446454666E700BF004000B887
S31508015470006000B8002000BA004001B8006001B819
S31508015480002002B800E100E000C001B800E001B860
S31508015490003E00B09448020810800120000002B8BE
S315080154A0E0890120090B0B89001000BA40F213624A
S315080154B003210020FAF71AFA4FF03A420121D2F8ED
S315080154C08C30D2F8AC0003F00703063301FA03F374
S315080154D0C0F30C001B1A9BB2072B12D97E4B5B6CCF
S315080154E058020ED47D48D36CD26E406D58B103F084
S315080154F0070306339940C2F30C03C91A89B207296F
S3150801550001D844F40074764B1B78002B35D04FF044
S315080155103A43D3F8143113F4A02F2ED1714B724AA2
S315080155201B7893B9FB0410D4137873B1E3086F4958
S3150801553043EA457383F00103D1F8081F03F0010319
S315080155405B0021FA03F3980717D10420FDF74CFCF9
S31508015550674B6849596700F03FFB634A137843B9BB
S31508015560654B1B782BB1654B654A1B682340134273
S3150801557001D144F4804427F48057BAF1000F27D0AB
S315080155801AF4805F18BF44F480241AF4807F18BF88
S3150801559044F400241AF4005F18BF44F010041AF406
S315080155A0007F18BF44F020041AF4806F18BF44F036
S315080155B040041AF4006F18BF44F080041AF0805FA3
S315080155C006D0504B0021186845F48055FBF7AAFC14
S315080155D0B9F1000F3ED019F4802F18BF45F40075B4
S315080155E019F4803F05D0484B03201B6844F48054C6
S315080155F0984719F4801F18BF44F4003419F4001FA2
S3150801560018BF44F0020419F4003F18BF44F480148B
S3150801561019F4800F18BF45F0100519F4002F19D099
S31508015620324BD3F8D83E13F0C00F13D02A4AD368A9
S31508015630C3F30363032B01D0072B05D1936CD9065A
S3150801564002D4D36C1B0739D54FF400222F4B29F40A
S315080156500029DA61002F00F02381380540F18E8098
S315080156602B49234A91F803A02A4BBAF1000F57D0C8
S315080156704FF400600AF1FF3A58665FFA8AF3CB7075
S3150801568033B9254B1B78E3B140F60142234B5A67E0
S315080156900023002270E044F480340DE744F40064EA
S315080156A00AE744F4806407E744F4807404E7164B78
S315080156B002201B6844F008049847FDE644F40014E8
S315080156C0C8E7936F13F4A05F15BF4FF4807340F6D4
S315080156D0014393659367DBE7000002B8004000B811
S315080156E0E3850120E2850120E5850120003000B02F
S315080156F000C001B800000101E4850120B84B002073
S31508015700088D0100EC7E0120E0890120002002B805
S31508015710CF85012000E001B8E085012000D001B85D
S315080157200320FDF761FBA54AA54B526912F0060F46
S3150801573076D05046FDF740FD4FF40061A04B9F4AD5
S31508015740596653699F4813F0060308BF9367B0F873
S3150801575082309D4913F4006266D023F40063A0F8F1
S3150801576082300B7803F0FF0A002B61D1FDF710FE9A
S31508015770FFF7CEFC534620221C431543B90009D531
S315080157802E20FDF76BFA4FF000528D4B45F00805B8
S315080157901A675A66FA0608D52B20FDF75FFA102212
S315080157A0874B45F400151A675A6617F0306F05D10D
S315080157B0FB0469D5BBF1000F00F0BF80380115D590
S315080157C02920FDF74BFA814B8149DB6803F48042B6
S315080157D0C3F380330B70FFF7BBFA28B17D4B7849C9
S315080157E07D484B66036732BB45F0040517F0007B1D
S315080157F02ED00420FDF7F8FA2720FDF72FFAFFF738
S3150801580087FC4FF000726E4B5A66744BD3F8082F1B
S3150801581052067AD40222724B9A6045F002052EE0AE
S3150801582041F61F725A6787E70B784FF40053A3E7CF
S315080158304FF400432DE70B6720204B66FDF70EFA60
S3150801584045F400152D2045F00C05FDF707FACDE7BF
S3150801585017F0807FDFF864A142D00420FDF7C4FA6F
S315080158602820FDF7FBF9DAF87830002B35D1FFF758
S315080158704FFC534B574A45F001051A675A66FFF71D
S315080158803DFA00224D4B9A65BB0409D5554A537911
S31508015890002B00F0CC80013B5371002348EA030832
S315080158A0424620462946FFF73BFA019B0BB1FCF716
S315080158B051FD4FF000424C4B06F00436C3F8146113
S315080158C04A4B19F4002FC3F880211EBF4FF400225A
S315080158D0434BDA6105B0BDE8F08FCAF878B0C8E77E
S315080158E0F904CED50420FDF77FFA414BCAF8743086
S315080158F0FDF74EFDDAF8643013F0407FC1D12A2056
S31508015900FDF7ACF9FFF704FC7FE7D3F8D83E9B0611
S3150801591083D40222374B9A60374B1B6893F825309C
S3150801592098077FF57AAF274B93F8F430002B3FF4AD
S3150801593074AF8022254B1A616FE72A4A13794BB156
S31508015940013BDBB2137113B9234B2C4A5A67002367
S315080159501C4399E70420FDF747FA0320FDF744FAAB
S31508015960164B234A5A6709F076F982460DF10F005C
S31508015970FEF7C6F8224B83461B780BB1FFF7AAF947
S31508015980BBF1030F0ED1DFF844B00020FEF7B8F8DB
S31508015990032807D1DBF82830D907F6D4DBF84830D5
S315080159A0DA03F2D49DF80F30032B2DD10122154BC2
S315080159B050461A7009F04AF9C9E700BF00C001B894
S315080159C000E001B8003E00B0E0850120000002B801
S315080159D0DF8501201000002000D001B8003000B09A
S315080159E0002002B8CF850120002000BA00E100E0BE
S315080159F000000101001002B8EC7E01200000010D33
S31508015A00E6850120E28501204FF03A43D3F81431A7
S31508015A1013F4A02FCAD100F0DFF8504609F016F9A1
S31508015A20054B03201B6898474FF4804390E70520F0
S31508015A30FDF7DAF9012331E7E08901200122024B5A
S31508015A401A62DA61704700BF002002B8094A08B530
S31508015A50D369116A0B40084923F47F00DB07C86143
S31508015A6006D5D1684FF0FF30C1F3036105F081F81F
S31508015A7008BD00BF000002B8002002B80C4A08B5EC
S31508015A80936CD26C13400B4A9364DB070FD50A4B10
S31508015A9040F66D021878122100F00100F9F726FF89
S31508015AA0BDE80840002201200021FFF739B908BDE9
S31508015AB000C000B800E000B8B84B002070B5154D1D
S31508015AC02C6C6B6C1C40144B24F002021A64E2071E
S31508015AD005D540F6D40200202968F9F707FFA30780
S31508015AE016D502220C4B1A640C4A6B6814687CB1F1
S31508015AF0DBB2042B07D100220121094B1868234682
S31508015B00BDE870401847052B02D100221146F4E77B
S31508015B1070BD00BF0080095000A00950487F0120D0
S31508015B20EC7E012038B50B4C0B4DD4F88430DB07DD
S31508015B3006D4A36FD4F884201340084A936738BD66
S31508015B40D5F804315A06F0D5FFF7B8FF4023C5F852
S31508015B508431EAE7008001B800E100E000A001B85D
S31508015B6008B509F078F80E4B1A78A2B90D4A1268E9
S31508015B7012F4843F0FD10C4A102111651B7863B9C1
S31508015B80084B1B68DB0508D4074B20221A65BDE8BC
S31508015B90084009F05BB8054AEEE7044BF5E700BF94
S31508015BA0E3850120B84B0020002002B8001002B896
S31508015BB010B509F050F80E2104460320FDF7E4FE5E
S31508015BC040F20122034B2046BDE81040DA6209F093
S31508015BD03DB800BF004000B80022044B1A70044BC0
S31508015BE0197811B11A70FFF7BBBF7047E28501201A
S31508015BF0E385012038B509F02EF84FF08043244C8F
S31508015C000546C4F88030BFF34F8FBFF36F8F4FF04F
S31508015C100043C4F88030BFF34F8FBFF36F8F012362
S31508015C20C4F88430BFF34F8FBFF36F8F0223C4F8D4
S31508015C308430BFF34F8FBFF36F8F0423C4F88430CA
S31508015C40BFF34F8FBFF36F8FFEF788FB0823C4F8A6
S31508015C508430BFF34F8FBFF36F8F1023C4F884309E
S31508015C60BFF34F8FBFF36F8F2023C4F88430BFF380
S31508015C704F8FBFF36F8F8023C4F88430BFF34F8FE4
S31508015C80BFF36F8F2846BDE8384008F0DFBF00BF75
S31508015C9000E100E038B508F0DEFF05464FF0804325
S31508015CA00B4C23604FF000432360022363600423F7
S31508015CB06360FEF74BFB08236360102363602023B0
S31508015CC06360802363602846BDE8384008F0BEBF9C
S31508015CD000E100E02DE9F047DDF820A003EA01081C
S31508015CE0099B06460D4602EA000703EA0A09BAF1C4
S31508015CF0000F40F04F81031F0B4300F00F81052869
S31508015D0071F1000380F0E58050EA010300F0758126
S31508015D10431E0B4300F02581FFF76CFFB84AD2E911
S31508015D20004323EA050324EA06043C4343EA080739
S31508015D30B44BC2E900471E6826EA0A0646EA09067E
S31508015D401E60FFF70DFF14F02A4F14BF48F2020335
S31508015D504FF40043AC4AB007D26EAC4848BF43F48F
S31508015D60005383EA020122EA0302C266A84A0B40EB
S31508015D708166D366C4F380421203210348BF42F405
S31508015D808072E30648BF42F40052A24BA50648BFFB
S31508015D9042F40072600648BF42F480622106D9685F
S31508015DA048BF42F4006282EA010323F080539A480D
S31508015DB019401A40C1608360984B17F4007FDA6076
S31508015DC0974B07F4007200F0048101224FF48025F5
S31508015DD083F8A020E30448BF45F48035A00348BFF3
S31508015DE045F48015A10748BF45F4001514F4001FB2
S31508015DF0DFF8688206D0D8F8000004F0D6FE08B9A4
S31508015E0045F40025E20248BF45F40035FB06854BFB
S31508015E1048BF45F480051A6A834985EA020323F0D7
S31508015E2001031A400A621D40CB61804B16F0010F2F
S31508015E301D627F4B7F4A18BF1A467F4B7D071B6F32
S31508015E4048BF42F000627D4882EA030123EA020361
S31508015E5003677B4B0A4041661A677A4A04F00103D5
S31508015E60D16CA0F5803081EA030221EA0301C164FD
S31508015E7082641A40744B2002DA64D8F8002048BFBD
S31508015E80724B92F8022158BF714B610748BF43F420
S31508015E90806322B114F4C06F18BF43F480733207CC
S31508015EA04FF03A42BDE8F047D2F8181148BF43F01F
S31508015EB0004383EA010222F4A02266481140C0F891
S31508015EC018111340C0F81421634AC2F81831FFF7B4
S31508015ED0E1BEA0F580630B4306D020F48063A3F5E9
S31508015EE000730B437FF418AF08F0B5FE4449D1E9B6
S31508015EF0003223EA060322EA050242EA08023B4384
S31508015F00C1E90032554A126892F80211514A09B399
S31508015F1013F4C06F1ED04FF4807311E008F09BFE96
S31508015F20374AD2E9003123F004033B4341EA080129
S31508015F3057EA0807C2E900314FF48063454A0BD096
S31508015F40C2F81431A2F58052C2F81831BDE8F047FB
S31508015F5008F07CBE4FF48073C2F81831C2F81431C8
S31508015F60F4E708F078FE264AD2E9003123F0010366
S31508015F703B4341EA0801C2E900310123384A57EA9D
S31508015F8008071BBF9364A2F58052D364D36408BF84
S31508015F909364DBE750EA01037FF4BEAEBAF1010F61
S31508015FA07FF4BAAE08F057FE164A136823F00103C8
S31508015FB043EA090313604FF40053204AB9F1000F6D
S31508015FC004D05366A2F580521367BFE71367536679
S31508015FD0BCE793F8A01071B183F8A020214BD3F840
S31508015FE0A41003F50053C3F8A410C3F8A0104FF08A
S31508015FF05023C3F8A4200025ECE6BDE8F08700BFCE
S31508016000B84B002014800120004000B8006000B899
S31508016010005000B8004001B8006001B8005001B84E
S31508016020003F00B0000002B8002002B8001002B814
S31508016030043800030418000300C001B800E001B8E1
S3150801604000D001B800C000B800D000B80D0A0A098E
S31508016050090A0A09002000BA001000BAEC7E0120DC
S3150801606000E000B800400050024B186800F001003B
S31508016070704700BFB84B0020024B5868C0F3C030C8
S31508016080704700BFB84B00200A4B197801F0FF0290
S3150801609029B10021197008499202C1F808215978D5
S315080160A001F0FF0229B1002159709302024AC2F890
S315080160B00C317047DD850120005000B84FF40062AD
S315080160C0034B5A644FF40042A3F5E0339A667047CE
S315080160D0001002B8F8B5084C084D636C0423084F44
S315080160E06B64636C5B0300D4F8BD042602207E64EE
S315080160F004F099FC6E64F4E7000002B8001002B8D7
S31508016100002002B838B5044679B948B1164BDB68A0
S315080161101B0E13F00E0F04D04FF4C062134B9A6591
S3150801612038BD134B1B6CD907F6D4FFF741FD0E4D4D
S315080161300020FDF7E5FC032801D0092805D1AB6A43
S31508016140DA07F5D4AB6CDB03F2D4FFF7C3FF012200
S31508016150084B5A6102229A62042203F580535A6453
S31508016160002CDDD0D8E700BF000002B8006001B8F6
S3150801617000C002B8001002B808B503210920FDF7CE
S3150801618003FC2022014B1A6108BD00BF000002B8BA
S3150801619038B5054608F05FFD0E4B04461868FBF74F
S315080161A0B9FF35B1FFF718FD2046BDE8384008F0BC
S315080161B04DBD094B1B78002BF6D0084B1D78002DD9
S315080161C0F2D1FFF709FD2A464FF480400021FEF778
S315080161D0A7FDE9E7EC7E0120E2850120E1850120A2
S315080161E02DE9F84F574B06460D4614465B6C002AB7
S315080161F040F0A48013F0A00F14BF4FF001094FF02F
S315080162000009FBF7ADFBA0234FF0000ADFF84C812C
S315080162100320C8F84430FCF7E7FD0420FCF7E4FD49
S31508016220494FFFF7D9FC494B4FF0040B7B67C7F879
S3150801623078A0FFF74FFF464B4FF48071D3F8D82E5D
S3150801624042F02002C3F8D82EFF22C8F808203D4A9A
S315080162501161D3F8082F3F491140C3F8081FC8F840
S3150801626044B0C3F8E0AE7B6913F0060F04D0FDF71E
S315080162708FF85846FCF7B8FDB9F1000F01D0FFF7C2
S315080162801DFF66B1344BDB6C180701D4FFF790FC90
S31508016290FFF772FF0420FCF7A7FDFFF7F5FE294B70
S315080162A05A69D10748D5DA6812F0706FFBD12B4BC2
S315080162B02B4A5A642B4AD2F8803023F0F003C2F8ED
S315080162C0803015B12046FFF763FF274BD3F84C31D1
S315080162D05A1C01D05B0002D50122204B5A615CB3DE
S315080162E01D4BDA6E03F500539A6603F5D0331B6A24
S315080162F01A4A23F00103D3611C4BD96803F50053ED
S31508016300996003F50053D3F8841003F50053996790
S315080163104FF03A43D3F8181103F50053C3F8141193
S31508016320134BD96C03F500539964124903F580336D
S3150801633059664FF608435364BDE8F88F4FF00009D4
S315080163405FE700BF000002B800C001B80000010104
S31508016350003000B0DF0000FF004000B8002002B89E
S3150801636010003000003F00B00080E00F004001B887
S3150801637000C000B85000002F38B514460D4608F085
S315080163806AFC064BD3F8D82E54402C405440C3F827
S31508016390D84EBDE8384008F059BC00BF003000B0FF
S315080163A0034BD3F8D83E99430CBF01200020704710
S315080163B0003000B0174BD3F8D82E12F0010312D0D3
S315080163C0154B93F86430154A43F08073C2F8D03000
S315080163D04FF4801302F50052C2F8B430A2F5805288
S315080163E0C2F8B83070471106EDD40B4B93F8631019
S315080163F021B1D20602D593F86030E4E74FF4801252
S315080164000020074B0549C3F8B820C1F8D000C3F8E6
S31508016410B4207047003000B0003F00B0004000B81B
S31508016420006000B870B5164E032804460D46337849
S315080164301ED023FA04F202F00102AA421DD053B17A
S315080164400122A240A54023EA02032B43DBB23370A3
S315080164504BB1012070BD2DB10A4B01201B6898472D
S315080164603378EDE73570074B00201B689847F0E74E
S315080164709A07DED003F0FC03E9E7002070BD00BFF0
S31508016480E885012050800120F8B505460C4608F03C
S31508016490E2FB104F06463B7833B1012D04D01CB9F7
S315080164A00D4806F033FD3C7021462846FFF7BAFF32
S315080164B00A4B04461B783BB93B782BB904F0B9F96A
S315080164C010B1074B1B689847304608F0BFFB2046BA
S315080164D0F8BD00BFE985012028800120E885012053
S315080164E0C8890120054A0B46117831B1002111707E
S315080164F0034A01215268187810477047E985012037
S31508016500C889012038B5074D04462B78834207D040
S31508016510FAF72AFD20462C70BDE83840F3F750B843
S3150801652038BD00BFE78501201B4B022910B518703D
S3150801653002D0032904D010BD184B1B78002BFAD1C1
S31508016540F8F778FE0028F6D04FF00052144BC3F83E
S315080165508020BFF34F8FBFF36F8FFAF7BBFC00287C
S31508016560E9D0FAF745FC0028E5D10E4B1C6834B191
S3150801657023689847BDE810400020FAF7E9BC03F004
S3150801658097FE094B186008F02AFC084B186020464C
S31508016590FAF7A8FCEEE700BF448A0120E785012047
S315080165A000E100E0407F01204C8001204880012065
S315080165B038B504460D46F8F73DFE80B14FF0005256
S315080165C0124B1A60FAF786FC48B9012D07D8012043
S315080165D0FAF7BEFC0E4B1B6823B15B6898470D4B57
S315080165E01C7038BD08F0FBFB0B4B1A68801A186043
S315080165F006F010FD4FF47A72084B1B6802FB003057
S3150801660003F058FE0120FAF76DFCE8E700E100E027
S31508016610407F0120448A0120488001204C800120C6
S31508016620F0B585B008F017FB344D04462B7823B135
S31508016630334806F06BFC002852D106F0E5FC02AAA5
S3150801664003A904F0E0F80346002838D004F0EFF86F
S31508016650029B98421CD100202A4B03991B682A4E9B
S315080166609942307020D90027C91A012324482B7072
S31508016670264A33460197009708F08DFB002837D143
S31508016680234A1378D90701D53178F9B1204611E0A3
S3150801669004F0CBF8029B984228D0002318461949E2
S315080166A0194A0968137003910121FFF7BBFE0023FC
S315080166B020462B7008F0CAFA002005B0F0BD204626
S315080166C02B7008F0C3FA212005B0F0BD03F0FE03D4
S315080166D01370002BDAD10F4B1B6898472046E9E760
S315080166E0204608F0B3FA0E2005B0F0BD0220B3E744
S315080166F0032320462F703370F3E700BFE985012095
S3150801670028800120187F0120438A0120E5640108B9
S31508016710E885012050800120114B10B55B6F0024DC
S3150801672003F44073B3F5007F04BF02220D4B0E49F3
S3150801673008BF1A600D4B0E4A1C700E4B0E481A60A4
S315080167400E4A5A60F2F7DEFE0D490E48F2F7DAFEF6
S315080167500D4B0E4A1A60F3F745F8204610BD00BFE7
S3150801676000400050187F0120704B0208E98501207E
S3150801677021660108C8890120188001208964010859
S31508016780784B020820800120508001200565010808
S315080167904FEA4102B2F1E04324BFB3F5001CDCF134
S315080167A0FE5C0DD901F0004C4FEAC0024CEA50706C
S315080167B0B2F1004F40EB830008BF20F0010070479B
S315080167C011F0804F21D113F13872BCBF01F000409E
S315080167D0704741F480114FEA5252C2F11802C2F1D0
S315080167E0200C10FA0CF320FA02F018BF40F0010051
S315080167F04FEAC1234FEAD32303FA0CFC40EA0C0003
S3150801680023FA02F34FEA4303CCE77FEA625307D13F
S3150801681050EA01331EBF4FF0FE4040F44000704776
S3150801682001F0004040F0FE4040F40000704700BF10
S3150801683080F0004002E000BF81F0004142001FBF26
S315080168405FEA410392EA030F7FEA226C7FEA236C2F
S315080168506AD04FEA1262D2EB1363C1BFD218414024
S3150801686048404140B8BF5B42192B88BF704710F0BA
S31508016870004F40F4000020F07F4018BF404211F05D
S31508016880004F41F4000121F07F4118BF494292EAC5
S31508016890030F3FD0A2F1010241FA03FC10EB0C00F1
S315080168A0C3F1200301FA03F100F0004302D549427E
S315080168B060EB4000B0F5000F13D3B0F1807F06D32B
S315080168C040084FEA310102F10102FE2A51D2B1F123
S315080168D0004F40EBC25008BF20F0010040EA030018
S315080168E07047490040EB0000013A28BFB0F5000F98
S315080168F0EDD2B0FA80FCACF1080CB2EB0C0200FA4E
S315080169000CF0AABF00EBC25052421843BCBFD0409C
S315080169101843704792F0000F81F4000106BF80F416
S3150801692000000132013BB5E74FEA41037FEA226CD9
S3150801693018BF7FEA236C21D092EA030F04D092F0A4
S31508016940000F08BF0846704790EA010F1CBF0020D8
S31508016950704712F07F4F04D1400028BF40F0004035
S31508016960704712F100723CBF00F50000704700F055
S31508016970004343F0FE4040F4000070477FEA22627C
S3150801698016BF08467FEA23630146420206BF5FEA4D
S31508016990412390EA010F40F4800070474FF000034D
S315080169A004E000BF10F0004348BF40425FEA000C14
S315080169B008BF704743F0964301464FF000001CE0BC
S315080169C050EA010208BF70474FF000030AE000BF12
S315080169D050EA010208BF704711F0004302D5404250
S315080169E061EB41015FEA010C02BF844601460020C2
S315080169F043F0B64308BFA3F18053A3F50003BCFADD
S31508016A008CF2083AA3EBC25310DB01FA02FC634489
S31508016A1000FA02FCC2F12002BCF1004F20FA02F290
S31508016A2043EB020008BF20F00100704702F1200283
S31508016A3001FA02FCC2F1200250EA4C0021FA02F2E4
S31508016A4043EB020008BF20EADC707047D0B5F5F7C2
S31508016A50AFF900220B4B06460F46F5F701FAF5F793
S31508016A60C1FC0446F5F782F90022074BF5F7F8F958
S31508016A7002460B4630463946F5F73AF8F5F7B2FCC1
S31508016A802146D0BD0000F03D0000F04108B52DEDCE
S31508016A90028BB0EE408A00F049F9B4EE488AF1EE6D
S31508016AA010FA06D6DFED098AB4EEE88AF1EE10FA95
S31508016AB002D4BDEC028B08BDF6F714F988EEA80AD4
S31508016AC021230360BDEC028B08BD00BF0000000056
S31508016AD038B555EC104B2DED028B00F02DF82246FA
S31508016AE02B4620462946B0EE408AF0EE608A00F031
S31508016AF021F930B90022002320462946F5F722FC60
S31508016B0030B9B0EE480AF0EE680ABDEC028B38BD22
S31508016B10F6F7E8F8002200232121016010461946FC
S31508016B20F5F7C8FA41EC180BB0EE480AF0EE680A18
S31508016B30BDEC028B38BD00BF78482DE9F84F55ECFE
S31508016B40104BA84322462B4600F0A780002D21466C
S31508016B5062DD2C1500F0D180C3F31303E207A4F21A
S31508016B60FF3743F4801303D4CA0F490002EB4303EA
S31508016B705B0000264A00162403EBD173B6467F1044
S31508016B804FF400110EEB0100984203DC1B1A01EBCE
S31508016B90000E0E445B00013C4FEA510103EBD27330
S31508016BA04FEA4202EED120254FF00040A04615E0FB
S31508016BB0944548D89E4546D1BCF1000F0CEB000818
S31508016BC043DB0021A2EB0C02044401EBD271013D27
S31508016BD04FEA50004FEA42020B463AD09E4508EB6F
S31508016BE0000CE5DABCF1000F0CEB000808DB944554
S31508016BF0F146A3EB0E010CD90139CE464900E1E76E
S31508016C00B8F1000FF3DB94450EF10109A3EB0E0170
S31508016C10F2D84900CE46D5E725F0004020433AD0C0
S31508016C20002D5FD1CA0A153B4905002AFAD0D602BA
S31508016C301C460846134661D520254FF0FF32E84029
S31508016C40A41A034388E75900BFE7B8F1000FDADA57
S31508016C50B7E7114312D0DFF8CCA0DFF8CCB0DAE9F8
S31508016C600001DBE90023DAE90089F4F741FF02466E
S31508016C700B4640464946F5F76FFBD0B96508F30759
S31508016C80274948BF45F0004501EB66012A4601EB55
S31508016C90075343EC102BBDE8F88F20462946F5F734
S31508016CA0DFF822462B46F4F725FF41EC100BBDE829
S31508016CB0F88FB4F1FF3FDAE90001DBE9002328D0B8
S31508016CC0F4F718FF02460B46DAE9008940464946B9
S31508016CD0F5F738FBF8B1A21C04F1020508BF013625
S31508016CE06D08CCE720462946F4F702FF02460B4613
S31508016CF0F5F7E0F941EC100BCDE7104600215B00F2
S31508016D000A460131DD02FAD5C1F1200500FA01F181
S31508016D1095E70136B3E70134B0E700BF0000F07F1D
S31508016D200000E03FA087012098870120B1EEC00A44
S31508016D30704700BF4FEA410C7FEA6C5C02D150EA0A
S31508016D40013C0AD14FEA430C7FEA6C5C02D152EA54
S31508016D50033C02D14FF0000070474FF00100704725
S31508016D600F20704710B5144604F0B2FD20600020CC
S31508016D7010BD08B504F0A0FD002008BDFEE70023FC
S31508016D809A4200D1704710B550F8234041F8234084
S31508016D9001339A42F8D110BD70470023036070474A
S31508016DA003680B6001607047036813B90B600160E3
S31508016DB070471846F8E70346006818B102681A6072
S31508016DC0002303607047036803B970478B4204D1F7
S31508016DD00B68036000230B6070471846F3E710B58C
S31508016DE038B132B129B100230139D45C14B9002371
S31508016DF0037010BD8B42FAD200F8014B0133F4E758
S31508016E00034638B10020814204D01A5C02B97047A2
S31508016E100130F8E770474FF0FF31FFF7F1BF70B562
S31508016E200C461646054660B15AB151B1FFF7F3FF54
S31508016E30844206D9211A32462844BDE87040FFF734
S31508016E40CEBF70BD7047704770B5002506462C4603
S31508016E50052C20D8DFE804F003070B0F13175B2175
S31508016E600820EDF757F80C210820EDF753F8D12142
S31508016E700820EDF74FF880210820EDF74BF800219F
S31508016E800820EDF747F86C1C2946E4B20820254688
S31508016E90EDF740F80624A4F10E03012B05D85A2173
S31508016EA00820EDF737F80134D2E7102C05D1BDE8F3
S31508016EB070405D210820EDF72DB8B31F195DEFE786
S31508016EC008B5082000F0C8F8BDE80840082000F019
S31508016ED0CEB8012307B520F07F4040EA81700190C2
S31508016EE068460093FFF7B0FF03B05DF804FB38B5B9
S31508016EF003680446B3B107F0B7FE22680546137A5C
S31508016F00013BDBB213723BB95368D06898472068D6
S31508016F10037C0BB902F04CF8284607F0A0FE0020C6
S31508016F20206038BD2120FCE72DE9F04385B089466C
S31508016F301F4605460192002859D0002957D0002B33
S31508016F4055D0164607F090FE80464EB1019B1B7A36
S31508016F508BB107F084FE0324204605B0BDE8F08313
S31508016F602B7D002B41D02B7B002B2ED13846AB68CD
S31508016F709847002431E02B7D002B36D02B7B002B44
S31508016F80F4D0003E18BF0126019C2B792370AB680B
S31508016F90E76063602B7B02942372267400242D69B3
S31508016FA0DDB1029B03936B6819EA030F19D000231D
S31508016FB0A8681A4602A907F030F8033003D103A8D6
S31508016FC0FFF795FF1C242D68EAE70121142001AA81
S31508016FD0F2F770FA04460028D3D0404607F03FFE80
S31508016FE0BAE703A8FFF783FFEDE72D24F5E7212488
S31508016FF0B2E70022FFF798BF10B500220C4604211C
S3150801700006F0CBFF2060B0FA80F0400910BD38B514
S315080170100246054600211820F2F74CFA044628B91B
S315080170202868047304751030FFF7B7FE204638BD8B
S3150801703070B5044607F018FE064625693DB930467F
S3150801704007F00DFE2046BDE8704001F0B1BF2846A5
S3150801705001F0AEFF2D68F1E74FF060420123D2F847
S31508017060001E83400B430020C2F8003E70474FF0D4
S3150801707060410122D1F8003E824023EA0203002042
S31508017080C1F8003E7047F8B50E461746044660B18A
S3150801709007F0EAFD05463A4631462046F0F780FBF9
S315080170A0284607F0DCFD0020F8BD2220FCE738B5AC
S315080170B00D46044698B191B107F0D6FD30222378E2
S315080170C0534303F1A04303F570331B6C6278D34035
S315080170D003F001032B7007F0C2FD002038BD222002
S315080170E0FCE7D0E900031847836800681847C368B6
S315080170F00068184703690068184707B503788DF8CB
S31508017100043043788DF80530837801A823B9ECF764
S3150801711079FF03B05DF804FBECF764FFF9E707B5FF
S3150801712003788DF8043043788DF80530837801A803
S3150801713023B9ECF757FF03B05DF804FBECF762FFE0
S31508017140F9E707B503788DF80430437801A88DF877
S31508017150053005F091F903B05DF804FB13B5044653
S3150801716003780DF103018DF80430437801A88DF8F1
S315080171700530FFF79CFFA3789DF803000BB980F053
S31508017180010002B010BD10B588B004460E980092F1
S3150801719007900D98224606909DF8300005900B98A9
S315080171A004909DF8280003900020CDE901300B4694
S315080171B00121ECF771FF08B010BD416C436910B5A8
S315080171C0DA1CA1F11404B2FBF4F203EBC20003309A
S315080171D0B0FBF4F0B1F5805F00F1010002D101289E
S315080171E028BF0120013010BD38B505460C46FFF70A
S315080171F0E4FF6B6CA3F11402B3F5805F02FB00F0A8
S3150801720005D140F6E8736969994288BFCC30E31D18
S31508017210B3FBF2F3013304EBC304204438BD38B59C
S31508017220054644692146FFF7DFFF6A6CE31D143AF8
S31508017230B3FBF2F3013304EBC304204438BD73B541
S3150801724006460D460024F36B01225B6901A928193C
S315080172509847019B013309D1736C043462196A405A
S315080172605B421A42EFD0204602B070BD0024FAE70D
S3150801727070B505460C46EEF72DFBEB6B2046BDE8CF
S315080172807040DB68184770B50025044686B005626C
S31508017290E369AB4202D8206A06B070BD666C206805
S315080172A0E36B05225B6901A906FB0500984701A85E
S315080172B000F07CFC00F09FFC10B1236A01332362C5
S315080172C00135E5E738B50446456C006804F1400325
S315080172D005FB0101E06B00F09BFC05462046FFF724
S315080172E0D2FF284638BD2DE9F04700254FF0FF3873
S315080172F04FF6FF730446C1462F46C0E9085386B0C8
S31508017300E369BB420DD8A5EB0805012D06D94FF651
S31508017310FF7300256362E369AB4226D806B0BDE870
S31508017320F0872368E26B606C566900FB073005221B
S3150801733001A9B04701A800F039FC824601A800F06E
S315080173400CFC0646504600F056FC60B1B14588BFB4
S315080173506762B04528BFB046B54238BF3546B14623
S31508017360236A013323620137CAE7666C2068E36B37
S31508017370052206FB05005B6901A9984701A800F0EB
S31508017380ECFB0135C7E7F0B50546002687B0EC6981
S31508017390013CB44203D80C46204607B0F0BD01B102
S315080173A04C1E6F6C2868EB6B05225B6901A907FB0C
S315080173B00400984701A800F0F9FB00F01CFC00281E
S315080173C0EAD121460136E2E7F0B504460D46466C98
S315080173D0E36B006887B005225B6901A906FB050016
S315080173E0984701A800F0E2FB00F005FC20B101A8CE
S315080173F000F0B3FB07B0F0BD29462046FFF7C3FFEF
S315080174000646676C2068E36B05225B6901A907FBE1
S315080174100600984701A800F0A0FB431CEAD0B54234
S3150801742038BF0130E6E72DE9F0434FF6FF79D0F88A
S31508017430248004460E46C84514BF45460025002744
S3150801744087B0E369BB4202D807B0BDE8F083E26BB7
S315080174502368606CD2F814C000FB0530052201A927
S31508017460E04701A800F0A2FB022806D0C8450CD1C6
S31508017470721C29462046FFF725FFE3690135B5FB4E
S31508017480F3F2013703FB1255DBE729462046FFF7DE
S315080174909BFFB0F1FF3F14BF024632460132E8E7CF
S315080174A00368F0B5CC1A436C0646B4FBF3F4002521
S315080174B087B0F36937685A1E9542706C08D3706CA9
S315080174C0336800FB043007B0BDE8F04000F09EBB0E
S315080174D00134B4FBF3F203FB1244F36B05225B6937
S315080174E001A900FB0470984701A800F05FFB00F0B2
S315080174F082FB0028E3D10135DBE710B423F003044E
S3150801750022449B070A44436C18BF04325B4282EA51
S315080175100104234203D05DF8044BFFF7C1BF1046AF
S315080175205DF8044B70472DE9F041D0E90A369E42D1
S31508017530044686B028D11422C369456802FB13554F
S31508017540284606B0BDE8F0812068676C331AB3FB9C
S31508017550F7F3E26B07FB0300D2F8148001A90522B1
S31508017560C04701A800F022FB012804D0636C1D4422
S31508017570013B3340ED1A31462046FFF791FF064697
S31508017580A36AB342E0D1DBE70025F9E708B508307D
S315080175901346D1E90012EEF723F9012008BD13B508
S315080175A00C46002121760093616813462246ECF7C2
S315080175B07DFF18B1E37D03B1A07EA075A07D02B061
S315080175C010BD73B5164600F108050C46284609682C
S315080175D00DF1070200F0A1F9032E06D16368834273
S315080175E003D12846216800F07FF9012002B070BD59
S315080175F0D01E009B42424241187E824211D11A682E
S315080176008A420ED85A688A420BD35A6901325A619C
S31508017610D3E9030282423FBF986840F8221001323B
S315080176201A610120704710B5032A029C07D1A26A84
S315080176305340626C5242134201D100F055F90120C0
S3150801764010BD08B5C36800209847BDE80840EEF7A5
S3150801765049B9012814BF0420022070B50024424309
S315080176601C70CC7D101D02F002024CB91AB1012220
S3150801767020F003001A7000F108034868184470BD29
S315080176801AB1012220F003001A7000230C7E01F1C1
S315080176902005DAB2944201D80020F0E735F8332004
S315080176A05E1C824206D901EBC30300F10802D869C0
S315080176B01044E4E73346801AEBE773B5054690F8BC
S315080176C042601C4630460DF10303FFF7C2FFEB6B20
S315080176D0012E5B690DD1324601A998479DF8033001
S315080176E013B1BDF806300193BDF80430236002B02A
S315080176F070BD0122214602B0BDE870401847F0B5B9
S31508017700054600244868EB6B87B00E4601225B6983
S31508017710029402A908309847274695F84230012B6A
S3150801772040F08480632C02D9029807B0F0BD612C21
S3150801773008D805AB224631462846FFF7BEFF9DF815
S3150801774014301BB305AB2246314628468DF8107016
S31508017750FFF7B3FF95F84230012B059B55D14FF63C
S31508017760FF72934200F09680082205A904A800F04A
S3150801777069FA059B9DF81010C3F30722914240F060
S315080177808980DBB2029A1A44029283E095F8423064
S31508017790012B30D122463146284603ABFFF78DFF30
S315080177A03146284604AB621CFFF787FF3146284657
S315080177B005ABA21CFFF781FF102208230DEB02017E
S315080177C00DF107008DF8073000F03CFA102205A9E3
S315080177D00DF1070000F036FA039BDAB2002A52D1FE
S315080177E09DF80720B2EB132F4DD1DDE9043203EBE7
S315080177F00243029347E0302C2BD944E09DF8072039
S31508017800B2EB134F3FD1049BF3E7013342D0102269
S3150801781005A90DEB020000F015FA059B9DF810105D
S31508017820C3F30742914235D19BB2ABE7312C3FF600
S315080178307BAF87D005AB224631462846FFF73DFF89
S31508017840BDF81430002B7FF47DAF95F84230012B3B
S31508017850A0D022463146284603ABFFF72EFF314614
S31508017860284604AB621CFFF728FF102320220DEBE4
S3150801787003010DF107008DF8073000F0E3F9039BCA
S315080178809AB2002ABAD095F84230012B14BF0123C7
S3150801789002231C44013440E713B500240194049CD7
S315080178A00094EDF7A3FA02B010BD13B501240194B3
S315080178B0049C0094EDF79AFA02B010BD00234FF02C
S315080178C0FF3230B544689C4202D10023037230BDB1
S315080178D0016801EBC30541F833206A600133F2E719
S315080178E0C0E90012FFF7EABF0023F0B545689D42DB
S315080178F010D00468DF0054F8332004EBC306B2F154
S31508017900FF3F08D0C2F31302914204D14FF0FF336F
S31508017910E3517360F0BD0133E9E70023F0B545682B
S315080179209D4202D14FF0FF300EE00468DE0054F8A4
S315080179303340671C09D0C4F31307B94205D1240D96
S315080179401470036833445868F0BD0133E8E770479B
S3150801795070B59400224605460E4607F0BDFA431C4B
S315080179600AD058B922463146284602F0ACF9002811
S3150801797014BF3D20002070BD6E20FCE77120FAE798
S3150801798013B5044601A8EFF7EFFD9DF806302380ED
S315080179904FF480736380EFF7FFFD6060002002B04B
S315080179A010BDEFF77DBD08B5EFF76AFD002008BDEC
S315080179B010B5044644EA010313F00303084609D146
S315080179C0934201D1002010BD54F8231040F823102A
S315080179D00133F5E72146920002F0AAF9F2E710B55C
S315080179E0044607F07DFA431C10D088B9EFF7D4FD99
S315080179F0234620F003002044984201D1002010BDFF
S31508017A0053F8042B0132F7D03E20F8E76E20F6E74B
S31508017A107120F4E7704713B50023044601461B227B
S31508017A200DF107008DF8073000F00CF922689DF872
S31508017A300730B3EBD26F0CBF0120002002B010BD96
S31508017A4013B500230446014620220DF107008DF8DF
S31508017A50073000F0F7F80DF107001A22211D00F092
S31508017A60F1F862689DF80730B3EB926F0CBF0120FD
S31508017A70002002B010BD0068431C584258417047A7
S31508017A80006810F07E0F0CBFC0F3C160002070477C
S31508017A900068C0F3D3107047006800F07F00012822
S31508017AA08CBF002001207047036813F07E0F14BFB6
S31508017AB0042008207047036813F07E0F03D140683D
S31508017AC020F07C40704713F078001CBF03F07F0359
S31508017AD0D81F7047006800F07F007047032809D057
S31508017AE0022803D1C1F10201C8B2704700290CBFAF
S31508017AF007200020704737B5054601F10C04436994
S31508017B006946012220469847BDF8003001220193B3
S31508017B102046AB6901A9984703B030BD37B501F1D5
S31508017B200C044369012269460546204698474FF6E3
S31508017B30FF72009B99B291420DD11B0C1B0443F4B1
S31508017B40254343F0A503019301222046AB6901A908
S31508017B50984703B030BD0020FBE737B5044600253A
S31508017B601B22011D0DF107008DF8075000F06AF878
S31508017B7060689DF80720B2EBD06F03D120F07840FA
S31508017B8003B030BD0DF107001B2204F108018DF881
S31508017B90075000F057F8A0689DF80730B3EBD06F8F
S31508017BA001D1C043EAE74FF0FF30E9E74BF29A22E9
S31508017BB0036810B5B2EB134F044613D19BB2012BE0
S31508017BC013D1FFF7CAFF01300CD04FF6FF72E068F8
S31508017BD0B2EB104F4FEA104309D180B2C01A18BF51
S31508017BE0012010BD2368013303D00420F9E70220E0
S31508017BF0F7E70320F5E701288CBF0020012070472D
S31508017C00033801288CBF00200120704714307047C3
S31508017C102DE9F04105469846036908460E4617467A
S31508017C209847044638B943463A4631462846EDF759
S31508017C30C9FE044618B131462846FFF75CFF2046BF
S31508017C40BDE8F0811F2A0B689EBF4FF0FF319140B6
S31508017C508B43590801F055315B1A03F033319B0800
S31508017C6003F033330B44017803EB13130A444FF043
S31508017C70013103F00F334B43A2EB136202707047D5
S31508017C8070B5054614460E4606F0E5FF2B685C40BE
S31508017C9034405C402C60BDE8704006F0D7BF08B59B
S31508017CA003F03EF9BDE808400021EEF7DFB90029E7
S31508017CB0CCBF01210021EEF7D9B902214FF420707A
S31508017CC0EEF7A0BD70477047704770477047436D20
S31508017CD00B42FCD1704708B54368DA0714D58368A7
S31508017CE0DB0702D50369D90707D50A235021836320
S31508017CF0FFF7EDFF836C9A07FCD1012200F50053CB
S31508017D005A6043689B07FCD408BD38B50A46044641
S31508017D1019B9BDE83840FFF7DEBF012100F58053E8
S31508017D20596002F00F0540F6FF71FFF7D0FF782181
S31508017D308563FFF7CCFF02F00103520748BF43F002
S31508017D400203A26C02F003029A42FAD138BD836C8F
S31508017D505B06FCD54164704700231A46EFF74AB91A
S31508017D60FFF7FABF70B5054614460E4606F073FFCF
S31508017D702B685C4034405C402C60BDE8704006F0DE
S31508017D8065BF0346142B084604D00AD8012B08D030
S31508017D90122B06D1022803D0032808BF01207047F9
S31508017DA0002070470A4392B20021EFF7BFBB3AB1F0
S31508017DB022F0030202F1A04202F5603209B910600D
S31508017DC070470002FBE74368DB0702D5436D0B42A8
S31508017DD0F9D1704708B540F6FF71FFF7F4FF0123A3
S31508017DE000F58052536008BD4368012B04BF00F5B6
S31508017DF000504360704743689B07FCD4704708B539
S31508017E0040F6FF71FFF7DFFF012300F58052936308
S31508017E1008BD08B540F6FF71FFF7D5FF022300F547
S31508017E208052936308BD08B540F6FF71FFF7CBFF93
S31508017E30042300F58052936308BD08B540F6FF7127
S31508017E40FFF7C1FF082300F58052936308BD836CD1
S31508017E50836C1B0600D47047C36BF9E74FF4807235
S31508017E60836C00F580539A63836C9B01FCD470473D
S31508017E70836C5A06FCD54164836C1B06FCD5C06B22
S31508017E8080B27047B0FBF1F00138704770B505460E
S31508017E9014460E4606F0DFFE2B685C4034405C4013
S31508017EA02C60BDE8704006F0D1BE3AB122F003025B
S31508017EB002F1A04202F5603209B91060704700026A
S31508017EC0FBE7704770470020704700207047012381
S31508017ED010B580F888300378044653B100F04AFAA1
S31508017EE021462046EFF71EFD2046BDE8104000F06A
S31508017EF036BA10BD10B50446D0F8B002F0F700FD49
S31508017F00D4F8B40205F0EFFE2046EFF72FFD00285E
S31508017F10FAD0D4F8B802F5E70A7801382D2A0ABF4B
S31508017F20012200228918EFF7B1BD07281BD8DFE81F
S31508017F3000F0060A0D1013150417012070470022D8
S31508017F400820EFF7A3BD00221020FAE7002220201F
S31508017F50F7E70820FFF7E0BF1020FBE72020F9E745
S31508017F600846EFF7F5BD002070472DE9F7430728C6
S31508017F700C46DDE90A7690461D4608D801380628DA
S31508017F800AD8DFE800F01D27303A44574A0021286D
S31508017F9050D003B0BDE8F083002220461146F4F71D
S31508017FA085FE3368C0B205EB83013A6845F82300BC
S31508017FB0013348F8221033603B6801333B60E8E738
S31508017FC0002220461146F4F771FE336880B205EBAC
S31508017FD08301EAE7002220461146F4F767FE336873
S31508017FE005EB8301E1E7002220461146F4F7E2FD9D
S31508017FF0336840B205EB8301D7E7002220461146D4
S31508018000F4F7D8FD336800B205EB8301CDE700220A
S3150801801020461146F4F7CEFDE1E7002389461E46C0
S315080180201D468DF8063019F8013F7D2B06D12570BE
S315080180302D0A65703B6848F82340BDE7202BF2D02E
S3150801804006F00102013612B98DF80430EBE7102269
S31508018050002101A88DF80530F4F7ACFD6319013547
S315080180609870ADB2DFE72DE9F04F9B46002385B046
S315080180708B45814688469246CDE902336BDC1A4622
S315080180801E4619F80340FF2C08D15B4496B1013B03
S31508018090434516DD2B2005B0BDE8F08F172C04D813
S315080180A0102C28BF01220133EBE7203C012C98BF95
S315080180B00126F8E762B1013B4345EBDC3546374615
S315080180C002E000252F462E46454504DB0020E2E75F
S315080180D09845F3D0DEE75D453BDB19F80730202BE1
S315080180E018D109EB07035B78FF2BD3D1CEB920460C
S315080180F05AF82510FFF719FF78B303AB019302ABC2
S3150801810000932046DDE90E235AF82510FFF72DFFC7
S315080181100135D9E7212B0ED109EB07035B78FF2B34
S31508018120B8D1029B5AF825200E99012641F8232039
S3150801813001330293ECE7A3F11004072C02D91C467C
S315080181400137D3E709EB07035B78FF2BA2D1E4B22A
S31508018150CCE70624CAE721209DE726209BE72DE9DF
S31508018160F04F07460E4615469846044685B0DDF893
S315080181704490DDE90FAB206808B3DAF80020D8F897
S3150801818000108A421BDA0E9B53F82210EBF714FDF6
S3150801819048BBDAF800200132CAF800206268117B70
S315080181A0FE291BD10E9B1068012100932A464346DE
S315080181B0CDE902B9CDF804A0FFF7D1FF04462B7823
S315080181C043B999F800302BB97EB101233C4689F8A9
S315080181D000302B70204605B0BDE8F08F01238BF8DF
S315080181E000302B70EBE70C34C5E73446F2E710B5DF
S315080181F00446236803B910BD237A13B92046EFF75D
S31508018200DDFC0C34F5E77047704710B541B10A79C2
S3150801821032B901249C300C71FEF7C2FD204610BD0F
S315080182200020FCE72DE9F041A2B005460AAA084656
S3150801823003A900F05FF90446B0B90DF10A030193E9
S315080182400DF10B038DF80A0000930AAA284604AB20
S3150801825003A9EFF779FE9DF80A20B2B19DF80B2024
S3150801826048B12AB1EFF7AAFC204622B0BDE8F08151
S31508018270FFF7BDFFF8E7D5F89C50002DF4D0A868A4
S3150801828008B1FFF7B4FF2D68F7E700B3466812ABEC
S3150801829006F10C081AAF01934046049B039900970F
S315080182A00AAAFFF7E0FE04460028DDD1039B05A8CC
S315080182B0CDE90637049B0595CDE90838FFF7A3FFF5
S315080182C005A83368984705A8FFF79EFFCCE72D2434
S315080182D0CAE710B50446AC3001F037FD04F1AB032B
S315080182E01A180020934200D110BD13F8011F002966
S315080182F0FAD00A2908BF0130F4E70023F0B50B606C
S3150801830013600646D0F8AC0278B196F8AC0060B1B5
S31508018310012406F1AC07D6F8AC02844210D306F163
S31508018320AC00B3F5007F10D30120F0BD0D6801350F
S315080183300D60156801351560F85C01330A2802D00D
S31508018340B3F5007FF2D30134E5E7C15C0A29EBD026
S315080183500029E9D01168013301311160E1E710B54F
S315080183600021D0F88C20044601F0D7FC0023C4E98B
S31508018370243310BD73B5044600F1AC0580212046AF
S31508018380FEF73EFD4FF4007106462846FEF738FD16
S315080183900136C0F50070864220461FD801F0D5FC8B
S315080183A00646284601F0D1FC01362946421CA81981
S315080183B001F099FC204601F0C8FC214602462846F0
S315080183C001F0B6FC204601F0C0FC0A23204480F8DF
S315080183D0AC300023C4F8AC3202B070BDFFF779FFA8
S315080183E001AAC4F8AC0269462046FFF786FF0022B7
S315080183F0009B234483F8AC20C0E773B50D460446B9
S31508018400FFF767FF6B1C1FD1D4F8AC3213B1013BE0
S31508018410C4F8AC320025204601F097FCA8421BD8C7
S315080184202046FFF79CFFD4F8AC325BB1694620467B
S3150801843001AAFFF762FF28B1009D04F1AC06019B72
S31508018440AB4214D802B070BD012DFBD1D4F8AC32C1
S315080184508342F7D20133DBE7082000F01DF820201C
S3150801846000F01AF8082000F017F80135D3E7715D16
S315080184702046EFF79BFE0135E1E707B500200DF130
S31508018480070100F0F0F820B99DF8070003B05DF880
S3150801849004FB4FF0FF30F9E710B5C1B204460020DE
S315080184A000F0D1F800280CBF20464FF0FF3010BD70
S315080184B00FB407B504AA52F8041B00200192F0F77D
S315080184C079FA002003B05DF804EB04B0704710B5E3
S315080184D04C1C0B460119045D222C03D07B2C01D0C0
S315080184E05C2C05D1D21A184401F0FDFB012010BD00
S315080184F00020FCE72DE9F04705469146884601F03C
S3150801850024FC2A4606461346197801322029FAD050
S31508018510C9F800305C1B01236FF0404AC8F80030E7
S31508018520A64201D8002014E02F5D29197B2F12D00D
S31508018530222F2ED1D8F80030621C53442A4449F818
S315080185402320012C09D911F8013C13F0DF0F04D0BF
S315080185502120BDE8F0877D27F3E701342B5DBB4277
S3150801856009D12B195B7813F0DF03F1D1222F00D142
S315080185702B550134D4E75C2B07D1324621462846D0
S31508018580FFF7A5FF0028E3D0013E0134A642E5D84E
S31508018590DEE75C2F08D1324621462846FFF797FFCA
S315080185A00028D5D0013EE4E7202FE2D10022631C42
S315080185B0B3420A70DDD2EA18EB5C202BD9D0D8F881
S315080185C00030072B05DC49F823200133C8F80030B1
S315080185D0CFE71E20BDE700F000B800207047EFF78F
S315080185E0CFBEF0F7B3B8F0F7EDB8EBF70FBB40B273
S315080185F0F0F71AB970B50C46154610B9F0F7AAF98D
S3150801860038B143682BB12A462146BDE87040006857
S315080186101847232070BDF7B50D4616461C4648B1C6
S3150801862003B901ACC7685FB12346324629460068DB
S31508018630B84706E0F0F78EF904B901AC0028F1D184
S31508018640232003B0F0BD07B501228DF807100DF1FF
S315080186500701FFF7CFFF03B05DF804FB0B460146A0
S315080186601846FFF7F0BF00230122FFF7D4BF0EB467
S3150801867003B503AA52F8041B0192F0F79BF902B05D
S315080186805DF804EB03B07047D0F870311B689A6C3B
S31508018690120643BFDB6B00200B701B207047D0F816
S315080186A0703101221B6819B103F580531A657047A9
S315080186B003F500531A65DA64704708B5D0F87031C6
S315080186C01868FFF744FB002008BD0068D0F8703130
S315080186D01B68DA6CD20708D5012103F50052D1646B
S315080186E09B6C9B0601D500F00EBA704700207047B7
S315080186F0FEE74FF4005300204B6070470020704797
S3150801870007B5002001AB0190FFF785FF0198002806
S3150801871008BF4FF0FF3003B05DF804FB10B51446EF
S315080187200020FFF767FF204610BD80F899107047B3
S3150801873090F89900704790F89600704790F8A10054
S31508018740704710B50446F0F7F7FA38B1236DD4E946
S3150801875012020244934218BF184610BD3022237DE7
S31508018760534303F1A04303F58023DB6EEFE738B5E6
S315080187700446007DEBF720FE2046F0F7FBFA054696
S31508018780207DEBF739FE284638BD0023506910B520
S31508018790903000F8043C1446FEF70DFB08B1F0F7DB
S315080187A033FB63681BB100212046A2689847002065
S315080187B010BD90F8943070B505460C46C3B10B69E7
S315080187C0B3F5006F16D806F04FFA95F88C300646C1
S315080187D065614BB1214605F19000FEF7E5FA304691
S315080187E006F03DFA002070BD2046F0F70DFBF6E7CE
S315080187F00E20F8E72120F6E792F8543037B51446EB
S3150801880033B1936D0BB1D06D9847002384F854307A
S3150801881094F89A301BB32046F0F78EFAF8B1236E16
S31508018820132120465B6898471025236E20461B684E
S315080188300DF10701984778B99DF8073003F0FD0255
S31508018840112A05D1A3F111025342534184F8A030EC
S31508018850013D15F0FF05E8D12046F0F703FB00239B
S3150801886084F8543094F8A1304BB102F0DBFB02389E
S31508018870012804D80121D4F8F80005F058FA002097
S3150801888003B030BD90F894302DE9F04704460D4603
S315080188901646002B40F09D8002F0C4FB02280746CD
S315080188A013D094F8998006F0DFF994F895300746C5
S315080188B0ABB9384606F0D3F92E44B54221D1236E19
S315080188C0012120469B68984768E04FF0FF31D4F8AC
S315080188D01C0105F003FB0028E3D0384667E094F84D
S315080188E09830002BE5D0002384F8953006F0B3F9CB
S315080188F001218146084603F055FF484606F0A6F9C8
S31508018900D7E794F89A30B3B32046FFF730FF90BB08
S3150801891006F0AAF90746207DEBF74EFD2046FFF73C
S3150801892010FFA26C00F1FF39914538BFE36C94F84A
S3150801893054A038BF03F1FF33207D38BF02EB03098A
S31508018940EBF75AFDBAF1000F12D14B46D4F89C1039
S3150801895099420BD013F80129112A01D0132A28D1DB
S31508018960A2F111035A425A4184F8A020C4F89C90F6
S31508018970384606F074F994F8A030002B9DD0236E82
S315080189802F462A785B68B8F1000F1AD1236E204664
S315080189905B6839780135984700288ED002F042FB8A
S315080189A0022803D1D4F81C0105F0BDFA0020BDE860
S315080189B0F087A26C9A4282BFE36C03F1FF339B18DE
S315080189C0C6E70A2AE2D10D21204698470028DDD0BC
S315080189D0E4E70E20EBE7F8B504460D4606F044F940
S315080189E094F896300646ADB17BB994F8983063B1E0
S315080189F006F031F901210546084603F0D3FE28465B
S31508018A0006F024F9012384F896303046BDE8F8408B
S31508018A1006F025B9002BF8D006F01DF907462946B8
S31508018A20012003F0BFFE384606F010F984F8965087
S31508018A30EBE738B548B10024056806F015F9C5E92C
S31508018A40164406F00CF9204638BD2220FCE770B51D
S31508018A500468054694F89430002B4FD1FFF7E9FFD7
S31508018A6002F0E0FA02280BD14FF0FF31D4F81C01CD
S31508018A7005F034FA4FF0FF31D4F8A40005F02EFAC8
S31508018A80EFF768FF854202D10020EFF787FF236ED3
S31508018A9093F91000EFF726FF236E93F91000EFF70D
S31508018AA0F3FE236E93F91100EFF71CFF236E93F97A
S31508018AB01100EFF7E9FE94F8A1301BB1D4F8F800DC
S31508018AC005F0BDF9D4F8A40005F04FFAD4F81C0155
S31508018AD005F04BFA207D03F0DFFC207DEBF7ECFB7C
S31508018AE0EBF7C8FB0023C5E90033C5E90533EB609D
S31508018AF0236E2046BDE87040DB6818470F2070BD1D
S31508018B000068F0F7AFB9F8B5044606F0ADF894F881
S31508018B109530054603F0FF078BB90126236E3946C2
S31508018B2020469B68984784F8956006F094F80446B1
S31508018B303946304603F036FE204606F087F82846C1
S31508018B40BDE8F84006F08BB8F8B50C468D18073520
S31508018B5052421540A5F108070646384600F080FC42
S31508018B60A0883B1B618800EBE30080B2A1EBE3011F
S31508018B7025F8040C25F8061CA188DA10D1B1A4EB56
S31508018B80C101B1F802C0C88002EB0C004880E18837
S31508018B90B9B18A1A92B204EBC10125F8022C8A806E
S31508018BA0A2888AB9B2681344F268B360934288BF4F
S31508018BB0F3600EE015F8081C41F0020105F8081CDF
S31508018BC0E5E725F8021CEBE7A4EBC2042278D207F5
S31508018BD0E8D43846F8BD2DE9F04F17464FF000089E
S31508018BE087B07A1C109A054614BF3C460824CDF86E
S31508018BF01480002A00F0CB80C2F80080002900F01A
S31508018C00C88042688A4240F2C480073103F00109EC
S31508018C1021F0070606F028F805AACDE90082824662
S31508018C203A464B463146284600F01EFC059F8346C8
S31508018C3007B130B9504606F012F8192007B0BDE859
S31508018C40F08FB7F8028029694FEAC802C0EBC80855
S31508018C500139B8F1270F29617ED9B9F1000F55D12C
S31508018C60864206F108084CD0224639462846FFF7BF
S31508018C706BFF04460590059B9844404600F0F0FBBF
S31508018C80059906F10F004A88C308A2EBD002A8F895
S31508018C900220CA88A8F80430002A34D0D31A9BB215
S31508018CA001EBC202A8F8063093808B88F608A380E8
S31508018CB0B8F804303A46E3804146002328466680E0
S31508018CC000F03FFCAB68EA6808339342AB6088BFA3
S31508018CD0EB60237843F0010323702B6901332B6181
S31508018CE06288AB68504603EBC203EA68AB609342FD
S31508018CF088BFEB6005F0B3FF109B083400201C60A9
S31508018D009CE73C46B7E7A8F80620CEE707EB080438
S31508018D102046039200F0A4FB0BF10703DB08059933
S31508018D20638008F10703DB08A380CB8893B1DB00D6
S31508018D30039AD81D821A5A44C2F3CF020B44E28021
S31508018D409A80A38808F1FF384FEAD808A1F802806B
S31508018D50CB80B7E7E380F4E7B9F1000F1BD007F141
S31508018D600803B3FBF4F204FB1233B3B122463946C6
S31508018D702846FFF7E9FE044623783A4643F00103FD
S31508018D80237021460123284600F0DBFBA8E72220B1
S31508018D9054E7212052E78642E8D13C46ECE707B57D
S31508018DA000224FF0FF3101AB0192F0F775FB0198F4
S31508018DB003B05DF804FB07B5009313464FF0FF3285
S31508018DC0FFF709FF03B05DF804FB2DE9F04F0C46E8
S31508018DD085B0002900F0EA80084603F04DFC0546F7
S31508018DE0D0E9056805F040FF14F808EC34F806CC1C
S31508018DF01EF0010F019002D0BCF1000F06D10198B7
S31508018E0005F02DFF012005B0BDE8F08FA968D5F85A
S31508018E1010B034F8049CA1EBCC010BF10103A4F1C9
S31508018E2008070CF10102A9602B61B9F1000F43D0C3
S31508018E304FEAC9030293A7EBC903D888B3F802A07E
S31508018E40039018780EF0020EC00725D4BEF1000F64
S31508018E5025D10398A0EB0A0EBEF1010F2CD10CF116
S31508018E60020208395244C5F810B0A96034F802EC78
S31508018E70BEF1000F22D114F8081C24F806EC6EF393
S31508018E80000104F8081C013A5A801A786EF30002A8
S31508018E901A700022DA8045E0BEF1000F0CD0029864
S31508018EA04A44091AA96014F8081C6FF3410104F829
S31508018EB0081C00219980D9E73B46D7E707EBCE0A7C
S31508018EC0D5E9001001EB0009CA450ED314F8081CB0
S31508018ED0013A6FF3000104F8081C002124F8061C66
S31508018EE05A801A7861F30002D2E717F83E705146A4
S31508018EF017F001072FD014F8087C013A6FF3000721
S31508018F0004F8087C002792B224F8067C5A801A785D
S31508018F1067F300021A70C3F107020A44C2F3CF02CB
S31508018F20DA808A80002E3FD0B3423DD37288002A68
S31508018F3008BF1E46B8F1000F06D0434504D8B8F855
S31508018F400220002A18BF43460198C5E9056305F0C2
S31508018F5086FE002057E7AEEB0C0EBEF1010FCAD113
S31508018F60BAF802C0AAF802709444BAF80620CAB13F
S31508018F700AEBC20100272A69013A2A61AA68083A56
S31508018F80AA6014F8082C24F8067C6FF3000204F88A
S31508018F90082C1A78A3F802C067F300021A70002990
S31508018FA0B9D176E71146E5E71E46C3E722202AE747
S31508018FB001460020FFF709BFFFF7FABF2DE9F74F72
S31508018FC006460D4614469B46002B00F040810023B9
S31508018FD0CBF800304368934240F23B8149B9002AF5
S31508018FE000F037815A46204603B0BDE8F04FF0F746
S31508018FF061BA2AB9084603B0BDE8F04FFFF7D8BFF2
S3150801900005F032FE35F8067C07344FEAC70924F025
S315080190100704A1458046A5F1080180F0968035F838
S31508019020023C002B70D0DA1B012A6DD101EBC30A71
S3150801903011F83330D80767D4BAF80220A9EB04032C
S3150801904013EBC20360D41F2B3CDD2F19C4F3CF04E5
S3150801905025F8064C0134384625F8024C009300F0F1
S31508019060FFF935F8022C009BBA80BAF80620DB080E
S315080190707B802AB3BAF80210511A11FA83F39BB20C
S315080190800AEBC202FB8093805246002339463046DA
S3150801909000F057FA504600F0E3F9002235F8061CAD
S315080190A0B368CBF8005003EBC103F168A3EB0903DE
S315080190B08B42B36047D8002A40D0083BB3603DE0F5
S315080190C0FA80E1E733690137013B3361BAF80630C3
S315080190D0174425F8067CA3B1BAF802209A1A12FA9F
S315080190E087F7BFB20AEBC30325F8027C9F80524675
S315080190F00123304600F025FA504600F0B1F9012265
S31508019100CCE725F8023CF2E720465A460021F0F75B
S31508019110D1F9044630B1404605F0A1FD204603B019
S31508019120BDE8F08F4A462946DBF8000000F000FE4C
S315080191302846FFF73DFF04460028ECD1404605F0D6
S315080191408EFD0024EAE7F360B5E77DD935F8022CF0
S31508019150A9EB040A531EDB1B002A37D001EBC20711
S3150801916011F83220D20732D48BBBC4F3CF032919A5
S3150801917025F8063C0133084625F8023C009100F023
S315080191806FF9009935F8022C7B888A80FA8803EBF7
S31508019190DA034B80BAB17888101A10FA83F39BB2B6
S315080191A007EBC202CB80938000233A46304600F093
S315080191B0C8F9384600F054F9B368CBF8005023448F
S315080191C0A3EB09037AE70023CB80EDE71746BAF14B
S315080191D0270F39D9C4F3CF02291925F8062C0132EC
S315080191E0084625F8022C009101930AF1FF3A00F08E
S315080191F037F9009935F8022C4FEADA0AA1F802A0E4
S315080192008A80FFB1019B013313FA8AFA1FFA8AFA97
S31508019210A1F806A0A7F804A03369304601333361E3
S3150801922000231A4600F08DF9B368CBF80050E2180E
S315080192300832F368A2EB09029A42B2607FF67EAF62
S31508019240F2607BE7CF80E7E7CBF8005076E7222488
S3150801925064E7212462E7002307B501AA0193F0F721
S3150801926031F9019803B05DF804FB2DE9F04F80460A
S315080192700C4685B0002950D000264FF0FF35D0F8AE
S3150801928000902F4605F0F0FCB34631463246B24609
S3150801929099F800C0B9F802301CF0010F4FEAC30370
S315080192A02DD1994238BF19469F4228BF1F469A4475
S315080192B06B1C08BF00250BF1010BB9F806304BBB37
S315080192C0CDE90213019205F0CAFCD8F8000002990B
S315080192D02060D8F80400019A039BE060D8F80800DA
S315080192E0C4E90517C4E9010AC4E90726C4E90A332A
S315080192F0C4F810B06562184605B0BDE8F08F9E4205
S3150801930038BF1E469D4228BF1D467B1C08BF002745
S315080193100132D2E709EBC309BAE72223EBE7F8B52D
S315080193200D46064690B189B100240C6005F09CFCF7
S3150801933077687B1C03D105F092FC1B20F8BD3B68BE
S31508019340736005F08CFC20462F60F7E72220F5E7CD
S3150801935070B50D46044668B361B303688B4201D9FB
S31508019360212070BDD0E9021201FB02339D42F7D2DA
S3150801937005F07AFC2B68591C0ED021688B420ED356
S31508019380D4E9026206FB0216B34208D25B1AB3FBA2
S31508019390F2F102FB113313B963685A1C06D16368EB
S315080193A02B60656005F05BFC0020DAE79D4203D07F
S315080193B01B68F2E72220D4E705F051FCD0E710B587
S315080193C0044638B105F050FC636800245A1C03D1E1
S315080193D005F045FC204610BD1B680134F6E710B5BB
S315080193E0044658B103684BB1FFF7E9FFA368834206
S315080193F006D12068BDE81040FFF7DABD222010BD6E
S315080194000220FCE737B5154600221C460192FBB13E
S315080194104B4203F003031944C4E9025101AB694302
S31508019420FFF7C9FC60B903460199013DC4E900117A
S315080194309AB2954203F1010304D84FF0FF330B604A
S3150801944003B030BDE2680A440A60E2681144EFE7F6
S315080194502220F5E70846FFF7A2BC0846FFF7ACBD90
S315080194600023036043607047F0B5D0E90540551CF9
S3150801947008BF0822002B4FF0000518BF0446DDF887
S3150801948018C0CCF80050002C37D09DF814706588A8
S31508019490FF0007EBC505C2F1000E2078C00708D505
S315080194A01BBBE088A0B104EBC004658807EBC505C2
S315080194B0F3E78D42F4D363B904F10806B6FBF2F07B
S315080194C002FB106670180EB1A842EAD8CCF8004023
S315080194D0F0BD082A0FD06088013004EBC000461A97
S315080194E006EA0E06801B8542F0D2A0880028EFD036
S315080194F0A4EBC004D9E70846E8E72046E8E70346AF
S3150801950010461A69DAB108B921B918680378DB0770
S3150801951002D470479869F9E739B9C3887BB100EB7A
S31508019520C3000378DA07F8D47047012907D183887D
S315080195302BB1A0EBC3000378DB07F8D470470020F2
S3150801954070472DE9F041D0E9054507468846164694
S31508019550F3B194420FD042B1954215D14246012149
S315080195603846FFF7CCFF05460EE00A463146FFF7B7
S31508019570C6FF0446F2E70A460021FFF7C0FFB542D7
S315080195800446EBD0002EE9D0C7E90545BDE8F081D0
S31508019590944208D08C4228BF0C46B54205D04545B1
S315080195A038BF4546F0E70C46F7E74546ECE738B5D8
S315080195B01C46C3E900010023C4E90500C4E90233D6
S315080195C0236122776362FFF74BFF23690139C908D3
S315080195D0013341802361A368E268083393424FF05F
S315080195E00000A36088BFE36038BD002307B568465D
S315080195F000938DF80430EDF707FB03B05DF804FB23
S3150801960010B505F028FB044603F06EF82046BDE8C0
S31508019610104005F01BBB4FF4C870EFF7F9BF08B54A
S3150801962000F016F800F03EF8FEE7704770477047FD
S31508019630704708B500F09CFA00F0ACFA00F0B5FAEC
S31508019640FFF7F5FF00F0C0FABDE8084000F0D1BA0F
S3150801965008B5EFF709FFFEF734FCFFF7E6FFEFF76A
S31508019660F7F8EEF7B5FFFEF7BAFFF0F7E7F8EFF709
S3150801967071FFFFF7DBFF01F0BFFC00F007F800F010
S3150801968086FABDE80840F0F7BFB8704708B500F09C
S315080196906AFA00F069FA00F068FA00F068FAFFF76A
S315080196A0F4FF08BD00F074BA0020704770472DE931
S315080196B0F84F9846DDE90B490D9B15469A0706466C
S315080196C00F4623D02A460A9B03EB040A1444A242F6
S315080196D020D10D9B9B0705D5A2EB050AD14505EBC4
S315080196E00A0420D82046BDE8F88F4346394620208B
S315080196F0B0470AF1010ACA450AEB0B02F5D3A9EBF1
S3150801970004024C4588BF00222A44DCE7A246A5EBA1
S31508019710040BF0E702F1010B434639461AF8010D2D
S31508019720B0475A46D3E74346224639462020B04732
S315080197300AF1010AD2E72DE9F0479E46DDE90D3C1B
S31508019740DDE90874DDE90B651CF0020F9DF8288038
S315080197501FD10CF001094BB1B9F1000F06D0B8F1D0
S31508019760000F02D11CF00C0F00D0013B4FF0300A5C
S3150801977002E007F804A00134A54201D9202CF8D14A
S31508019780B9F1000F05D04FF03009A34201D9202CB9
S315080197901BD11CF0100F15D01CF4806F32D1C4B147
S315080197A0AC4201D09C422DD1651E12D0102E3FD15C
S315080197B01CF0200FA4F1020456D178263E55302616
S315080197C06C1C7E55202C29D00DE007F80490013435
S315080197D0DBE7102E10D11CF0200F2FD178243C7016
S315080197E030247C700224B8F1000F31D02D253D5567
S315080197F0013414E06224F2E7022EFBD030243C70D7
S315080198000124F0E7102E1BD11CF0200F2AD1202CA1
S3150801981004D07826651C3E55202DD0D12024CDE9CB
S315080198200A3CCDE908747346BDE8F047FFF73FBF28
S31508019830022EC4D162247C550135EDE75824CEE7C2
S31508019840022E03D1202CE9D02546F3E72546E3E786
S315080198501CF0040F01D02B25C9E71CF0080FDED038
S315080198602025C4E7202CD9D05826651CD3E72DE935
S31508019870F04391B0189D1A9F1D9E2DB926F010042C
S3150801988016F4806F264622D116F0200F14BF4FF02A
S31508019890410E4FF0610EAC4600250DF12008AEF1E0
S315080198A00A0EBCFBF7F907FB19C95FFA89F4B9F186
S315080198B0090F94BF30347444E4B2BC4508F8014B2F
S315080198C005F10105BCFBF7F401D3202D10D11C9C31
S315080198D0069605941B9CCDE903749DF86440CDE971
S315080198E0015408AC0094FFF726FF11B0BDE8F083D8
S315080198F0A446D6E72DE9F04F95B0CDE90A23DDE96F
S315080199001E76DDE9229B57EA0603CDE90801269C66
S3150801991005D124F0100314F4806F1C4637D114F0D6
S31508019920200F14BF4123612300250DF1300AA3F14D
S315080199300A0831464A465B463846F2F7C3FDD2B2B3
S31508019940092A94BF303242444F45D2B276EB0B0610
S3150801995005F101050AF8012B01D3202D14D1259B08
S3150801996006940593249BDDE90801CDE903939DF847
S315080199708030CDE901530CAB0093DDE90A23FFF7EB
S31508019980DAFE15B0BDE8F08F07460E46D1E7002589
S31508019990E5E708B100F006B8704710B1D1E9003122
S315080199A01847704701460020FEF74DBE10B504461C
S315080199B00A2100F0E6FB40F6E441204600F0E3FB0D
S315080199C0002010BDFF207047F6F734B900F00ABD34
S315080199D00369C26893429CBF81685B18013B981A68
S315080199E070472DE9F041D0E902840546A8EB040643
S315080199F04068964220440F46144404D900F098F969
S31508019A00EC60BDE8F0813246A4EB080400F090F959
S31508019A1022466868B919F1E72DE9F84306468946E9
S31508019A2017464FF00008C5683369B4689D4228BFD8
S31508019A301B19641BBC4228BF3C46013B5B1B9C426D
S31508019A4028BF1C46706849462844224600F070F92A
S31508019A50B3682544AB4208BF00253F1BA044A14477
S31508019A60F560E1D14046BDE8F883826810B5044641
S31508019A704068531C834205D820688154A360E36873
S31508019A800133E360D4E901329A420BD12168206996
S31508019A90F0F76AFBA368984215BF4FF0FF3300231E
S31508019AA0E360A36010BD0EB403B503AB53F8041B02
S31508019AB001AA0193F0F70AFC02B05DF804EB03B0C2
S31508019AC07047D0E9023253F8223093ED000AB8EE16
S31508019AD0400AF3F7B1BE002307B501A80193F3F7CE
S31508019AE047FF03B05DF804FBD0E9023253F8223090
S31508019AF01868F3F75DBF002307B501A80193F3F7CB
S31508019B0091FF03B05DF804FB07B50DF10700F3F704
S31508019B10A5FF03B05DF804FB0020F3F7D1BFD0E938
S31508019B20023253F822301868F3F7E8BF002307B565
S31508019B3001A80193F4F716F803B05DF804FB0023B6
S31508019B4007B501A80193F4F733F803B05DF804FBF0
S31508019B50F4F746B8F4F77AB8F4F7AEB8F4F7E2B81A
S31508019B60F4F704B9704770477047E9F783B8704747
S31508019B7008B5E9F73DFFFEF72EFDFEF732FDE9F7D9
S31508019B802BFFEAF755F8BDE80840EBF799BE704791
S31508019B9001F058BA08B5EAF757F9EAF707FAF1F7FB
S31508019BA011FDBDE80840FDF78BB908B5FDF7D8F8F2
S31508019BB0EEF724FDEFF7B6F8F1F7F0FCF1F778FCCC
S31508019BC0BDE80840F1F73EBC08B5F0F7CBF9F0F768
S31508019BD0B3F9F0F7CFF9F0F74FFAFFF7F5FEE9F722
S31508019BE0ABFAF1F75FFBF3F741FCBDE80840F1F783
S31508019BF0F7BB08B5EAF702F8BDE80840F1F7B0BBCC
S31508019C00F1F7DABC08B5FFF714FDF1F7B9FDFFF76F
S31508019C104BFD00B908BDFFF70BFDF8E72DE9F84341
S31508019C200746884614460026D4E90195B9F1010983
S31508019C3005D52468002CF7D13046BDE8F883AB89F1
S31508019C40012B07D9B5F90E30013303D02946384619
S31508019C50C04706436835E9E770B50C46B1F90E10F9
S31508019C6096B0154600291E460CDAA389002113F081
S31508019C70800F14BF40234FF48063002031602B60AE
S31508019C8016B070BD6A46F3F71BF80028EDDB01999B
S31508019C9001F47041A1F50053594259414FF48063CB
S31508019CA0EBE710B56AB10139841810F8012B11F8E0
S31508019CB0013F9A4203D1A04201D0002AF5D1D01A18
S31508019CC010BD1046FCE70139024410B5904201D196
S31508019CD0002005E0037811F8014FA34201D0181BB3
S31508019CE010BD0130F2E7884210B501EB020402D932
S31508019CF08442234607D8431EA14208D011F8012BF6
S31508019D0003F8012FF8E7024401468A4200D110BD43
S31508019D1013F8014D02F8014DF7E702440346934251
S31508019D2000D1704703F8011BF9E770477047704780
S31508019D300A44431E914200D1704710B511F8014BF0
S31508019D40914203F8014FF9D110BD034613F8012BCF
S31508019D50002AFBD1181A0138704710F8012B11F89F
S31508019D60013B012A28BF9A42F7D0D01A7047B1F9A8
S31508019D700C202DE9F041170705460C4656D44B68C9
S31508019D80002B02DC0B6C002B3DDDE66A002E3AD077
S31508019D90002312F480522F68216A2B6025D0626D48
S31508019DA0A389580705D56368D21A636B0BB1236C6F
S31508019DB0D21A216A0023E66A2846B047411C24D0F4
S31508019DC00023636023692360A389DA0400D56065EB
S31508019DD0616B2F60B9B104F14403994202D0284658
S31508019DE0FFF73BFB002363630DE001232846B047D9
S31508019DF0461C0246D4D12B68002BD1D01D2B01D08D
S31508019E00162B2AD12F6000202EE02A68B4F90C30CF
S31508019E1042B11D2A01D0162A21D100236360236984
S31508019E202360D5E7626022692260CEE70F69002FB9
S31508019E30E9D093070E680F600CBF4B690023A6EBA8
S31508019E4007088B60B8F1000FDDDD43463A46216A03
S31508019E502846A66AB047002808DCB4F90C3043F056
S31508019E6040034FF0FF30A381BDE8F0810744A8EB1A
S31508019E700008E7E738B50B6905460C4613B900250E
S31508019E80284638BD18B1036A0BB9F2F7FDFDB4F9D6
S31508019E900C30002BF3D0626ED00704D4990502D496
S31508019EA0A06DFFF743FF28462146FFF760FF636E63
S31508019EB00546DA07E4D4A3899B05E1D4A06DFFF72B
S31508019EC036FFDDE710B50C46B1F90E10F2F7FCFFC7
S31508019ED00028ABBF636DA3891B1823F48053ACBF5D
S31508019EE06365A38110BD2DE9F0411F468B8905469F
S31508019EF00C46DB05164605D502230022B1F90E10DC
S31508019F00F2F7D0FFA3893246B4F90E10284623F496
S31508019F108053A3813B46BDE8F041F2F7E7BF10B590
S31508019F200C46B1F90E10F2F7BDFF431CA38915BF04
S31508019F30606523F4805343F48053A38118BFA3813A
S31508019F4010BDB1F90E10F2F79DBF90ED007AD1ED73
S31508019F50007AB4EEE77AF1EE10FA03D4CCBF012009
S31508019F60002070474FF0FF307047072894BF002044
S31508019F70012070470221F4F7E1BD0121F4F7DEBDA6
S31508019F800020F5F76BB80120F5F768B8022070478D
S31508019F900220704700207047012070470020704753
S31508019FA008461146012200F065B800F0C1BAF6F775
S31508019FB039BBF6F7A9BC00F0AFB800F0C0B870B568
S31508019FC004460D4616464FF4881100F008F9324644
S31508019FD029462046BDE87040F7F7FABE431E012B15
S31508019FE003D9031F584258417047012070474FF45F
S31508019FF0E0720021FFF791BE0846F9F7FDBA70B580
S3150801A0000446F6F7F5FD0546A8B9A169F1B1238A13
S3150801A010D3B1204604F1100200F0CDFB38BBE1694B
S3150801A02019B3638AA3B1204604F1120200F098FB22
S3150801A03078B1054603E00023A3612361E3610023A8
S3150801A04028466361236270BDA061E8E72082E6E7DE
S3150801A050E361216A0029F2D0A28A002AEFD02046BC
S3150801A060E38ABDE8704000F037BB6182F1E765829B
S3150801A070E561DEE7F6F7EEBF0A7838B5054610461C
S3150801A080FFF7ACFF60B14C782046FFF7A7FF38B160
S3150801A0902243530704D42846BDE83840F6F75AB98F
S3150801A0A0212038BDFFF7E8BF10B504460878FFF749
S3150801A0B095FF58B14A781046FFF790FF30B1042A48
S3150801A0C004D02046BDE81040F6F762B9212010BD3C
S3150801A0D0FFF7EABFF6F75EBF00F0AAB9704711B9F4
S3150801A0E0D0F8E81021B1CB6813B18B68D8897047CD
S3150801A0F04FF6FF70704710B5F5F71CF9044608B915
S3150801A10000F078FC204610BDF5F7F8BE00F0DCB982
S3150801A110008E704700F0C9B938B504460D4600F0FF
S3150801A120B2F850B129462046F5F7D0FA30B9294692
S3150801A1302046BDE83840F5F771BF0E2038BD70B529
S3150801A14004460D46164600F09EF858B129462046A3
S3150801A150F5F7BCFA38B9324629462046BDE87040BB
S3150801A160FAF772BE0E2070BD08B5F5F763F818B197
S3150801A170BDE80840FAF712BB08BD00F062BB00F063
S3150801A1805EBBF6F71FB900F0BBB900207047084659
S3150801A190F5F770BE00F04AB90846F8F74FBCF6F76E
S3150801A1A0CFBA38B504460D4600F011F928B9294643
S3150801A1B02046BDE8384000F0D6B9022038BD00F087
S3150801A1C043BB38B504460D4604F045FD0023C4F8E3
S3150801A1D09C50C4F89830BDE8384004F037BD38B50E
S3150801A1E004460D4604F037FDD4F89C301D40D4F8DA
S3150801A1F0983023EA0505C4F8985004F027FD284647
S3150801A20038BD00F0D9B900F0F7B9F6F753BB70B508
S3150801A210BDF81060054606B16BB1334428469BB2BA
S3150801A22000F05AFA044620B91EB13146284600F014
S3150801A23094FA204670BD2124FBE700F0BCBA00F071
S3150801A2408FBAFFF7FCBFF8F7B7B8F6F78DBAF7F785
S3150801A250A7BFF7F7B1BF00F0F2B900F012BA0B4683
S3150801A26010B514461846A1689288FFF761FDE168A2
S3150801A270034631B1A0886288121A92B21844FFF7D0
S3150801A28057FD002010BD0346408A18B1188A0038C8
S3150801A29018BF0120704710B5044600F075F820B9BB
S3150801A2A02046BDE81040F5F7FDBB10BD00F0B4BB74
S3150801A2B000F0B2BBF8F7AEBE0846F6F7E7BD2DE9E2
S3150801A2C0FF41984604460E46174604F0CDFC05465E
S3150801A2D02046FFF7E0FF0A9B3A46029300233146E0
S3150801A2E001932046CDF80080F5F72AFC0446284656
S3150801A2F004F0B5FC204604B0BDE8F08138B5044643
S3150801A30004F0B2FC05462046FFF7C5FF2046F5F7DF
S3150801A310F5FB0446284604F0A2FC204638BD38B5AC
S3150801A320044604F0A1FC05462046FFF7B4FF204683
S3150801A33000F039F80446284604F091FC204638BD59
S3150801A34038B5044604F090FC05462046FFF7A3FFFE
S3150801A350204600F02EF80446284604F080FC2046E4
S3150801A36038BD70B504460E4604F07EFC0546204607
S3150801A370FFF791FF31462046F5F72EFC044628469D
S3150801A38004F06DFC204670BDF5F7C6BA10B504F0A9
S3150801A3906BFC044600F015F8F5F7E4FA2046BDE82B
S3150801A3A0104004F05CBC024608B5F5F7B5FA507DD5
S3150801A3B008BD024608B5F5F7AFFA507D80F00100F1
S3150801A3C008BD00F029BBF5F73FBF00F07AB890F851
S3150801A3D02700FF3818BF01207047F7F76FBB0846FB
S3150801A3E0F7F780BC013001D1F9F720B92120704770
S3150801A3F000207047002070477047D0F8A03003F05E
S3150801A4006003402B0DD0602B03D0203B58425841A6
S3150801A410704749B10B68012B06D9486940F001001C
S3150801A420704740F2011070470020704700207047BE
S3150801A430F7B504461046D4E958C7DDE908268CEA7B
S3150801A440020587EA06010540194085EA0C057940A7
S3150801A450C4E95851002523F4004106EA010320F016
S3150801A460010043F40073024043F00203019500958D
S3150801A470FBF730FC94F824309A0713D5D4F86431E5
S3150801A4809B050FD54FF48811204600F079FB94F807
S3150801A4902430024665F3410384F8243020460B46EE
S3150801A4A0F5F71AFD002003B0F0BD30B4D0F8A0309E
S3150801A4B00A4023EA01031343C0F8A03030BCF6F77B
S3150801A4C08DBE0520F8F79CBDD0F8F02008B57AB105
S3150801A4D01368022B0CD9536A13F47F4FC3F3072170
S3150801A4E006D0126ADBB253438B42B3FBF1F006D2B4
S3150801A4F000204FF435624C21F5F7F8F9002008BD24
S3150801A5000346B3F83E2108468A4203D0A3F83E1112
S3150801A510F8F736B80020704790F83C310C2B14BF79
S3150801A52090F82B00FF2070474FF48071FBF738BF76
S3150801A53038B51D4600230446F5F760FF28B92946B4
S3150801A5402046BDE83840FAF755BD38BDD0F8F000C9
S3150801A55040B10368122B04D9006D202828BF20209A
S3150801A560704700207047F8B504460D46F7F738FAE4
S3150801A570012803461CD12F78BA1E1E2A1AD895E837
S3150801A580070004F5A47686E8070003FA07F2D4F86B
S3150801A5904C312046013A1A40FFF7D8FF92FAA2F247
S3150801A5A0C240C4F8AC202046F7F7A6F80020F8BD4B
S3150801A5B00220FCE72120FAE738B54A780546012A40
S3150801A5C00C4617D80B78012B14D890F82510C90713
S3150801A5D000D56AB9012B0DD00222214605F58070F6
S3150801A5E0FFF7A6FB2846214600F06BF9002038BD87
S3150801A5F00E20FCE72120FAE738B54A780546012AF4
S3150801A6000C4618D80B78052B15D843B1012A12D157
S3150801A610052B10D04FF03A43DB6E9B070DD1022272
S3150801A620214605F58170FFF783FB28462146F7F792
S3150801A6309BF8002038BD2120FCE70220FAE710B577
S3150801A6400446808A29B188424FF6FF730AD2994295
S3150801A6500BD14FF03A4341F6FF724FF6FF701A637A
S3150801A660208710BD9942F4D008464FF03A410A6B4B
S3150801A670431E22F4FF5222F01F029BB213430B63BF
S3150801A680EEE70246538A08468B424FF03A419BBF92
S3150801A69041F6FF734FF6FF700B6F0B6781BF23F40B
S3150801A6A0FF5323F01F0303430B675087704738B5E1
S3150801A6B04FF03A430546DC6A808AC4F30C04A0428B
S3150801A6C034BF0020012041F265420821F5F70EF951
S3150801A6D0A88A001B80B238BD2DE9F041884618F0DA
S3150801A6E0030706461546194633D1B2F5805F30D8B9
S3150801A6F09A422ED33F2A28D9B2FA82F4012201209E
S3150801A700C4F11F03DBB29A4092B2AA422CBFC4F12C
S3150801A7101904C4F11A04E2B2931DDBB2984080B25F
S3150801A720A84214D096F80131ABB9012096F8253024
S3150801A73060F3000386F825304046F7F7D1FBC6F8E3
S3150801A7402080B5823846BDE8F0813A46EAE700201E
S3150801A750ECE72127F6E70E27F4E7084600F02DB9BE
S3150801A760F8B511F0030607460D46144621D102B382
S3150801A77013883F2B1DD9B3FA83F3C3F11901C9B263
S3150801A780062901D8192B12D0062928BF062101232B
S3150801A7908A1DD2B293402846238000F014F92388F3
S3150801A7A03846FD617B82F7F7B5FC3046F8BD314680
S3150801A7B0EDE72126F9E738B5148811F003054FEAC4
S3150801A7C0C4041ED13F2C1CD9B4FA84F4C4F119036C
S3150801A7D0DBB2052B01D8192C11D0052B28BF05236F
S3150801A7E001240633DBB204FA03F3C3F3CF0414805E
S3150801A7F0816104828387F7F78DFC284638BD2B468D
S3150801A800EEE72125F9E7F8B504460E46174604F0A2
S3150801A81022FA3A46054631462046F9F7D5FA04465C
S3150801A820284604F013FA2046F8BD05207047032090
S3150801A8307047F8F7DDBB08B190F92600704700208C
S3150801A840704790F82D00704708B50B46062200F5AB
S3150801A8509E711846FFF76CFA002008BD0429F8B561
S3150801A86005460C460AD10026F7B23846F7F7F2FE36
S3150801A87008B13C4602E00136042EF5D12046F7F729
S3150801A880E9FE58B195F83C31A34209D085F83C4117
S3150801A89005F59E70BDE8F840F7F778BE2120F8BDAA
S3150801A8A00020FCE70022F6F7B1BDA0F84C30BDF94F
S3150801A8B00030C0F89410A0F84A20A0F84E300020C5
S3150801A8C070474B782BB94FF03A4341F6FF721A633A
S3150801A8D07047F6F76DBFF6F76BBF10B51446084615
S3150801A8E00121F8F7ADFF2046BDE810400121F8F730
S3150801A8F0A7BF8021FBF754BD10B50446F6F79CFBAC
S3150801A90001462046BDE81040F6F79CBB70470F2369
S3150801A91090FBF3F07047D0F8EC30C3B15869B0B189
S3150801A920531EDBB2FD2B09D8012A05D143689A1CAF
S3150801A93001D14FF0FF334B6000207047036813F1D4
S3150801A940020F08BF4FF0FF33FF2A0B60EDE7212006
S3150801A95070472DE9F74F01251C469DF8303006460C
S3150801A96001930368174603F0070306339D4005F173
S3150801A970FF380B46A1B1416804EA080BA5EB0B0A9F
S3150801A98041F00059524509EB0B0114D952461846B4
S3150801A990FFF7CEF949467A1B5A445044FFF7C8F9DE
S3150801A9A0019B2BB13C4448EA050804EA0804F46013
S3150801A9B003B0BDE8F08F1846F0E74FF03A4302229C
S3150801A9C098615A6370474FF03A4301225A6741F634
S3150801A9D0FF72D96418651A67704737B5002514469A
S3150801A9E00095FFF7B6FF204603B030BDF6F7D8BF8E
S3150801A9F000207047704710F0FD0F14BF4FF0FF306D
S3150801AA000020C0B270470A4690F89410A52901D8CB
S3150801AA10F6F78EBC2120704708B5F8F753FCBDE858
S3150801AA200840F8F777BC38B50446FFF7F5FF054641
S3150801AA30FFF7F2FF431BA342FAD338BD38B50D46DB
S3150801AA400446F8F73FFC35B1844200D9013920465E
S3150801AA5001F0030138BD844238BF0131F7E708B573
S3150801AA60F8F748FCBDE80840F8F754BC08B50121D9
S3150801AA70FFF7E4FFBDE80840F8F74CBC08B521B17B
S3150801AA809200FFF755F9002008BD2120FCE700F0E8
S3150801AA906F43B3F1804F02D0B3F1204F02D120F0BA
S3150801AAA07040704700F06043B3F1204F08BF20F0B3
S3150801AAB0805070470B0C23F48053B3F5284FF7B534
S3150801AAC00D468FB2064699B216D04AF60103994247
S3150801AAD014D04AF60203994212D0B1F5204F14BF99
S3150801AAE004240324D6F8EC300BB1196851B9D6F809
S3150801AAF0E83093B928680EE00024F3E70124F1E76A
S3150801AB000224EFE7234668463A46F8F7D5FCDDE91D
S3150801AB100003002BEBD103B0F0BD19680029E9D079
S3150801AB20234668463A46F8F7C7FCDDE90003002BD9
S3150801AB30E0D1F0E70204C0F3891307D56FEA83531E
S3150801AB406FEA935313F5007F18B206D0A3F1C80034
S3150801AB506FF4FF739842B8BF184670470E207047C6
S3150801AB607047FAF745BBFAF743BBFAF741BBFAF761
S3150801AB703FBB08B50846FAF761FF08BDFAF738BBC7
S3150801AB8038B505460C4604F066F8D5F89C301C40E5
S3150801AB90D5F898302343C5F8983004F057F8211EA4
S3150801ABA018BF01210020490238BD00207047022B39
S3150801ABB010B50AD09208013A03680C68002A40F8D1
S3150801ABC0044B41F8043BF6DC10BD024403780C78CB
S3150801ABD000F8014B01F8013B131A002BF6DCF3E7E9
S3150801ABE0F8B50F46164604461D46984700283146CD
S3150801ABF038460CDAA847002802DA3C462046F8BD52
S3150801AC0031462046A8470028F8DA3446F6E7A84729
S3150801AC100028F2DC31462046A8470028F5DAEDE798
S3150801AC202DE9F04F95B006461446009340EA020313
S3150801AC309B0719D1B2F1040818BF4FF00108002388
S3150801AC40019304FB01F7062906EB040B06EB070340
S3150801AC50029328D8029B9B4510D3019B002B40F0F9
S3150801AC60178115B0BDE8F08F4FF00208E7E74346B4
S3150801AC70224639462846FFF79AFF0FE05D460EE061
S3150801AC802F1B2946009B38469847002809DDB8F14D
S3150801AC90000FECD12B683A682A603B603D46AE420C
S3150801ACA0EED3A344D6E74FEA51093F1B072904FB14
S3150801ACB00969374421D0282944D9CD08009B304653
S3150801ACC0654306EB45027119FFF78AFF494609EB09
S3150801ACD00502009B8246481BFFF782FF3A468146DA
S3150801ACE0009B791BA7EB4500FFF77AFF0246494609
S3150801ACF0009B5046FFF774FF8146B8F1000F24D137
S3150801AD003368D9F800203260C9F80030D946BA4606
S3150801AD105D460023B94557D803933146009B4846FB
S3150801AD2098470028039B2CDC0AD1B8F1000F13D1F0
S3150801AD302B68D9F800202A60C9F800302544012378
S3150801AD40A144E7E73A46B246D1E743462246494691
S3150801AD503046FFF72CFFD9E743462246494628469F
S3150801AD60FFF725FFEAE70BD1B8F1000F1ED13B68C3
S3150801AD70DAF800203A60CAF80030AAEB040A01237F
S3150801AD803F1BB94520D803933146009B384698475F
S3150801AD900028039BE7DAB8F1000F0ED1D9F8003085
S3150801ADA03A68C9F800203B603F1BC8E7434622467C
S3150801ADB051463846FFF7FBFEDFE74346224639464A
S3150801ADC04846FFF7F4FEEFE7FBB9029B9B45BFF444
S3150801ADD044AF5D4615E04346224639462846FFF705
S3150801ADE0E6FE0DE02F1B2946009B384698470028AA
S3150801ADF009DDB8F1000FEED12B683A682A603B608D
S3150801AE003D46AE42EED3A344DFE7A9EB050BAA1BE9
S3150801AE105A45A8BF5A462AB14346A9EB020130460C
S3150801AE20FFF7C5FE029BAAEB0705A3EB0A02121B55
S3150801AE30AA4228BF2A462AB1029943464846891A90
S3150801AE40FFF7B5FE029B5D455F46A3EB050004D9F6
S3150801AE5033462F4606465D461846A54221D9019B2B
S3150801AE60072BB5FBF4F10DD814AAB7FBF4F702EBDF
S3150801AE70C30343F8406C43F83C7C019B01330193BF
S3150801AE800646DEE6009B2246FFF7CAFEA7420BD816
S3150801AE90019B14AA013B019302EBC30353E9100179
S3150801AEA0EEE7A7427FF6D9AE3046B7FBF4F1E7E7FE
S3150801AEB0014B1868704700BFAC8701200A4B1B6F0E
S3150801AEC003F00703013B032B03D8DFE803F00A036A
S3150801AED00608FEE7054B18687047054BFBE705486A
S3150801AEE070470548704700BF00800050AC870120B5
S3150801AEF0B487012080D54302002D310108B5FFF73B
S3150801AF00DDFF054B1B6FC3F303330133B0FBF3F0CE
S3150801AF10024B186008BD00BF00800050A8870120B9
S3150801AF200048704700B4C40400487047002D310139
S3150801AF30014B1868704700BFB48701200048704765
S3150801AF4080D543024FF400221B4B5A664FF0B44397
S3150801AF509868C0F304400C280AD8DFE800F00B070C
S3150801AF6009092709191B1D1F2123250013487047A5
S3150801AF70002070479B6803F04073B3F1807F17D0B8
S3150801AF80B3F1007F16D00E4A002B08BF1046704752
S3150801AF900C4870470C4870470C4870470C48704776
S3150801AFA00C4870470C4870470C4870470C48704766
S3150801AFB00C4870470C48704700900050404B4C00B5
S3150801AFC000093D00405DC6000024F400C0EA2101E5
S3150801AFD0002D310180BA8C010048E801005A62024D
S3150801AFE08096980080841E0040420F00014B186825
S3150801AFF0704700BFB087012008B502F0E3FD48B9E4
S3150801B00000F05EFF0128034607D1054A106820B9FA
S3150801B010136008BD6FF00500FBE74FF0FF30F8E756
S3150801B0209851002008B500F04BFF38B1022804D02A
S3150801B030034B1868431E5842584108BD0320FCE7D4
S3150801B0409851002010B502F0BDFD044668B900F01C
S3150801B05037FF01280CD1084B1A68012A08D10222A8
S3150801B0601A6000F0D1FB204610BD6FF00500FBE722
S3150801B0704FF0FF30F8E700BF98510020034B0360FB
S3150801B080034B0B60A0231360704700BF38510020A3
S3150801B090B84E0020034B0360034B0B60A0231360DB
S3150801B0A0704700BF584E0020D84B00200A4600239F
S3150801B0B00146014801F0A2B911E2010813460A4600
S3150801B0C00146014801F09AB971E2010810B54FF03D
S3150801B0D0807440E90224184A4FF0123440F80C2CC7
S3150801B0E04FF003324FF0023C40E905244FF001329C
S3150801B0F040F8203C40E9072C4FF010334FF011324D
S3150801B1004FF0093440E90A324FF008334FF0073C53
S3150801B11040E90C344FF006334FF0053240E90E3C56
S3150801B1204FF0043340E910326FF0020340F8443C13
S3150801B13040F8481D10BD00BF313B0008002313B578
S3150801B1404FF07F4201934FF0E023C3F81C2DD3F84B
S3150801B1501C3D1B0E8DF803309DF803309DF8033016
S3150801B1609DF8033013F0800F019B29D1082B0CBFE2
S3150801B1700023019B174A18BFC3F107031B0203F4F7
S3150801B180E06313604FF0E0230024D3F8202D42F446
S3150801B1907F02C3F8202DD3F8202D42F07F42C3F851
S3150801B1A0202DC3F81C4DE8F7E1FC0B4B1C6000F0A1
S3150801B1B045F800F023FEE8F7BBFC204602B010BDB7
S3150801B1C0013301939DF803305B00DBB28DF8033040
S3150801B1D0C6E700BF9C510020B887012008B503F0D7
S3150801B1E0DAF8044A136801331360BFF34F8FBFF3CC
S3150801B1F06F8F08BDB8870120044B1A681A68013A8F
S3150801B2001A60186808B903F0D1B87047B8870120E1
S3150801B210094A1168086806C881F30B88022181F377
S3150801B2201488203080F30988BFF36F8F4FF0000030
S3150801B23080F311881047000020570020064800684F
S3150801B240006880F3088862B661B6BFF34F8FBFF313
S3150801B2506F8F66DF00BF000008ED00E0EFF309809D
S3150801B2601EF0100F08BF20ED108AEFF30B8273460C
S3150801B27020E9FC0F0F4A116808604FF0300080F38F
S3150801B2801188BFF34F8FBFF36F8F00F0B7FD4FF0F3
S3150801B290000080F31188074A11680868B0E8FC0FB6
S3150801B2A013F0100F08BFB0EC108A82F30B8880F3F5
S3150801B2B009881847205700201EF0040F0CBFEFF32A
S3150801B2C00880EFF309800149084700006BE301088C
S3150801B2D013B5044603F083FD0D4B0E4A1B6811682E
S3150801B2E09C4228BF1C460C4B421A1B6863439A4270
S3150801B2F038BFC9184FF0000334BF091A0121CDE937
S3150801B3000033064A064803F046FD02B010BD00BFE9
S3150801B310C8510020CC510020D051002025B3010886
S3150801B320A05100202DE9F04103F059FD064603F02E
S3150801B33032F8124B05461C7874B9114FDFF8448070
S3150801B3403B68D8F80020F31A93420AD20CB102F0EE
S3150801B350EFFF0120FFF7BCFF2846BDE8F04103F0E7
S3150801B36025B800F0C3FA3B68D8F8002020431344F7
S3150801B37014BF012400243B60E2E700BF6E80012070
S3150801B380CC510020D051002070B503F028FD144A95
S3150801B390144913680968C41AB4FBF1F404FB0133B0
S3150801B3A0114D124E13602B6830681A1982420AD25F
S3150801B3B0204600F04FFE2B681C4433682C609C42E3
S3150801B3C007D3002070BDC01A00F044FE33682B6015
S3150801B3D0F7E700F061FE003818BF0120F2E700BF69
S3150801B3E0CC510020D0510020C0510020C45100206A
S3150801B3F0F8B5044601250E4E0E4F30463D7001F054
S3150801B40085FD2046FFF764FF204602F0EFFF0A4B51
S3150801B4101C600024094B1C6001F01CFA30463C7084
S3150801B42001F074FD2846BDE8F840FFF751BF00BF9B
S3150801B430A05100206E800120C4510020C051002077
S3150801B44070B5B9B100230C4A1C46154656688642A2
S3150801B45004D105EBC403C3E900100BE01BB9166858
S3150801B460002E08BF134601340A2C02F10802EDD159
S3150801B470002BF0D170BD00BFD4510020002310B5B8
S3150801B480084A52F83310DC00814206D10021064AE7
S3150801B49042F833102244516010BD01330A2BF0D112
S3150801B4A0FAE700BFD8510020D451002000222DE927
S3150801B4B0F84306461E4B1F4C1D681F4B0F46D3F813
S3150801B4C000801E4BD3F800902368206883F85E201D
S3150801B4D0043002F01EFF731C14D19FB1184B21686A
S3150801B4E05A688A6090682168C86021680431416099
S3150801B4F0216804319160226853611A6801321A6021
S3150801B500BDE8F88323682168AD195D6001F104017E
S3150801B51004D34846BDE8F84302F0D9BE404602F0D6
S3150801B520D6FE084B1A68AA4288BF1D60E8E700BF25
S3150801B53048520020205700209452002090520020A3
S3150801B540505200202C5200200A4B0B4A1B6863B943
S3150801B5501268D06A60B9094B1B68012B09D8084BD8
S3150801B5601868084B1B68C01A704700201368704793
S3150801B570184670474452002020570020C052002028
S3150801B5802C52002048520020064A13681968064BB7
S3150801B59019B94FF0FF321A6070471268D2681268FB
S3150801B5A0F9E700BF945200202C520020F8B50C4C44
S3150801B5B00C4F0D4D236803B9F8BDFFF70FFEFB6865
S3150801B5C0DE68301D02F0A5FE2B68013B2B6023685F
S3150801B5D0013B2360FFF710FE304603F078FAE9E7EE
S3150801B5E064520020685200204C5200202DE9F04197
S3150801B5F00446FFF7F3FD304B304E1A68304F0132DF
S3150801B6001A603568002D4AD134601B68012B1FD199
S3150801B610B8464046013502F04CFE382D08F11408AB
S3150801B620F7D1DFF8C480274D404602F042FE28468E
S3150801B63002F03FFE244802F03CFE244802F039FE9F
S3150801B640234802F036FE234BC3F80080224B1D60C7
S3150801B650224A201D136801331360214A23641168A5
S3150801B660E36A8B4288BF136014225343F9184A6868
S3150801B6709568A260E56068609060FA586161013278
S3150801B680FA50FFF7B9FD174B1B689BB13368DA6AA5
S3150801B690E36A9A420ED2BDE8F04102F049BE114B67
S3150801B6A01A68E36A002AD3D13268D26A9A4298BFE5
S3150801B6B03460CDE7BDE8F0814C52002020570020C8
S3150801B6C0C0520020985200207C5200206852002067
S3150801B6D050520020945200209052002030520020EF
S3150801B6E04452002040520020AC520020F8B50446CE
S3150801B6F01D4DFFF773FD04B92C68271D384602F066
S3150801B70008FEA36A1BB104F1180002F002FE174AEB
S3150801B710174E1368013313602B68A342336800D1AF
S3150801B7205BB9144A1368013B1360FFF72DFFFFF756
S3150801B73063FD204603F0CBF909E039460E4802F0CD
S3150801B740DDFD0E4A136801331360FFF755FD3368B3
S3150801B75043B12B68A34205D1094B1B68BDE8F840E4
S3150801B76002F0E6BDF8BD00BF205700203052002088
S3150801B770405200204C52002068520020645200209A
S3150801B780245200201A4B2DE9F0411B6804468342D6
S3150801B79026D0FFF723FD174BD4F828801F68164BD0
S3150801B7A065691E68FFF728FD144B98451AD0BD42F6
S3150801B7B01AD0B54218D0124B9D4209D1A36A9BB93A
S3150801B7C094F85C30012B14BF03200220BDE8F081F8
S3150801B7D00C4B9D420AD0002D14BF01200420F5E729
S3150801B7E00020F3E70120F1E70220EFE70420EDE767
S3150801B7F02057002094520020905200207C520020AD
S3150801B800505200206852002030B58BB007AB1D4658
S3150801B810184A12F8014B03F8014B002CF9D106AA74
S3150801B82005A904A8CDE90444FFF728FC049B294689
S3150801B8300293059B069ACDE900430F48234603F078
S3150801B840C5F90E4B186080B100F0ECFD01280546DC
S3150801B8500BD102F0A0FD4FF0FF32094B1A60094BDC
S3150801B8601D60094B1C60FFF769FC084B1B680BB090
S3150801B87030BD00BF12EF0108B9BB010828520020EC
S3150801B8802C5200204052002048520020BC8701203B
S3150801B890024A136801331360704700BF245200201F
S3150801B8A0014B1868704700BF48520020014B1868C1
S3150801B8B0704700BF4C520020012905D808B9034B2F
S3150801B8C01868143140F82120704700BF205700201E
S3150801B8D0012906D808B9044B1868143150F8210013
S3150801B8E070470020704700BF205700202DE9F84F08
S3150801B8F04E4B1B68002B40F092804D4B1C6801345F
S3150801B9001C6064B94B4B1A684B4A19681068186071
S3150801B91011604A4A136801331360FFF735FE484D33
S3150801B92000202B68474AA342DFF824B10FD9142116
S3150801B930DBF80030DB6A4B43D358022B424B28BF56
S3150801B94001201B68002B18BF0120BDE8F88F0746A8
S3150801B950DFF800C1374B1B681B681BB94FF0FF3373
S3150801B9602B60E4E7334B1B68DB68DB6859688C425C
S3150801B97001D22960DBE7D3F81480D3E90219C1F8AB
S3150801B9800890C9F80410D8F8041003F1040E71459B
S3150801B990D8F8001008BFC8F8049001395F61C8F8E3
S3150801B9A00010D3F82880B8F1000F13D0D3E907198E
S3150801B9B0C1F80890C9F80410D8F8041003F1180A58
S3150801B9C05145D8F8001008BFC8F8049001399F629C
S3150801B9D0C8F800101426D96ADCF80080414506FB30
S3150801B9E001F802EB080ADAF8049088BFCCF80010CF
S3150801B9F0D9F80860C3F80890DE60C6F804E0C9F80B
S3150801BA0008E0C3F814A052F80830013342F80830A8
S3150801BA10DBF80030DB6A994288BF01209AE70B4AB6
S3150801BA2000201368013313608FE700BF24520020FA
S3150801BA30485200209452002090520020345200208F
S3150801BA402C520020C0520020385200203C520020BF
S3150801BA5020570020445200202DE9F84FFFF7BEFB7E
S3150801BA60434B1A681A68013A1A601B682BB10024FD
S3150801BA70FFF7C2FB2046BDE8F88F3E4A1268002A46
S3150801BA80F5D014254FF0010C3B483C4C3C4A3D4E41
S3150801BA903D4F51E0C368DB68D3F828E0D3E90718BE
S3150801BAA0C1F80880C8F80410DEF8041003F1180973
S3150801BAB049454FF0000108BFCEF804809962DEF8C7
S3150801BAC000100139CEF80010D3F814E0D3E90218B2
S3150801BAD0C1F80880C8F80410DEF8041003F1040957
S3150801BAE04945DEF8001008BFCEF804800139CEF8C2
S3150801BAF00010D3F82CE0216805FB0EF802EB080AC2
S3150801BB008E45DAF8041088BFC4F800E0D1F808B009
S3150801BB109960C3F80CB0CBF80490C1F8089052F8B4
S3150801BB200810C3F814A0013142F808103168C96A2F
S3150801BB308E4501D9C7F800C001680029AAD10BB101
S3150801BB40FFF722FD114D2C6844B101270E4EFFF770
S3150801BB50CDFE00B13760013CF9D12C600A4B1B6858
S3150801BB60002B84D0074B01241B6802F0E1FB7FE719
S3150801BB70245200204C5200207C52002044520020BE
S3150801BB80C052002020570020385200203C52002085
S3150801BB9008B518B9BDE8084002F0CABBFFF778FE38
S3150801BBA0044B00211B68FFF781FCFFF755FF0028AE
S3150801BBB0F0D008BD2452002070B50D4C0D4D0E4E27
S3150801BBC0FFF7F4FC2368012B01D902F0B1FBFFF75B
S3150801BBD0BBFC0128F4D9FFF75BFE2B683368FFF736
S3150801BBE0B3FC012801D9FFF703FCFFF735FFE7E7A7
S3150801BBF0C05200202C5200204852002010B50C4695
S3150801BC00054B1968183102F062FB2046BDE8104061
S3150801BC100121FFF74BBC00BF20570020034670B433
S3150801BC200E480F4C0068206841F00041816159684F
S3150801BC3020688E68C16120682568066218357560B6
S3150801BC402568104618358D60216870BC8B621968A5
S3150801BC50013119600121FFF729BC00BF24520020D8
S3150801BC60205700200F4B70B444681D68A668EC6124
S3150801BC701D68002A2E621D6805F1180575601D6884
S3150801BC801B6805F11805A5609862036870BC03F185
S3150801BC90010303600CBF08464FF0FF301146FFF75A
S3150801BCA005BC00BF20570020C36870B5D868836AF1
S3150801BCB0D0E907125C688A60516000F118018C426C
S3150801BCC008BF5A60002282621A68013A1A601F4B3D
S3150801BCD01B68002B2ED1D0E9021243698A60516094
S3150801BCE05968041DA14208BF5A601A68013A1A60C8
S3150801BCF0174AC36A11688B424FF0140188BF136053
S3150801BD004B43144AD51869688E688160C6607460A9
S3150801BD108C60D15845610131D150FFF735FC0E4B86
S3150801BD20C26A1B68DB6A9A4285BF01200B4B002059
S3150801BD30186070BD0A4B5A689468C26104626160F2
S3150801BD4091601A68836201321A60E8E7245200207A
S3150801BD5044520020C05200202057002038520020AB
S3150801BD607C520020F8B5204B41F0004101601B6868
S3150801BD70D0E90112D0E903438A6051605968251D4B
S3150801BD80814208BF5A60002202611A68013A1A60A4
S3150801BD90FFF7FAFBD4E9021263698A6051605968B0
S3150801BDA0A94208BF5A601A68013A1A600F4BE26A3B
S3150801BDB019688A4288BF1A60142353430C49CE185E
S3150801BDC070688768A060E7607D608560C8586661AD
S3150801BDD00130C850074B1B68DB6A9A4282BF0122B1
S3150801BDE0054B1A60F8BD00BF2452002044520020BA
S3150801BDF0C05200202057002038520020F8B51F4BAA
S3150801BE001A681F4B12B101221A60F8BD1D4C1A603F
S3150801BE1023681B6B1A68B2F1A53F0BD15A68B2F1B8
S3150801BE20A53F07D19A68B2F1A53F03D1DB68B3F103
S3150801BE30A53F04D0216820683431FAF7ADFF1427ED
S3150801BE40114D124A296807FB01F3D658981896B17D
S3150801BE5046680833766813449E4208BFC36846603D
S3150801BE6008BF4360142303FB01225368DB68236080
S3150801BE7029602368C9E70139E5E700BF2452002094
S3150801BE80385200202057002044520020C05200207A
S3150801BE90044B1A68196890691A68CB6AC3F13803A2
S3150801BEA09361704720570020014B1868704700BFFF
S3150801BEB0205700200122014B1A6070473852002092
S3150801BEC0054B1B6833B1054B1868B0FA80F0400979
S3150801BED0400070470120704740520020245200203C
S3150801BEE0F8B5044600282ED01D4DC36A2A68D26AC1
S3150801BEF093422DD282691B4E002AA1BF2A68D26AB3
S3150801BF00C2F138028261142202FB036342699A4232
S3150801BF101AD1071D384602F0FCF92B68124ADB6A6A
S3150801BF201168E3628B4288BF136014225343F118E8
S3150801BF304A689068A260E06047609760F25861615C
S3150801BF400132F2500120F8BD2B68DB6AC362F9E7BA
S3150801BF502B68806CDB6A98422CBF00200120F2E72F
S3150801BF6020570020C05200204452002070B50446D4
S3150801BF7008B9002070BD154BC16A1B68826CC36C79
S3150801BF80914203F1FF33C364F3D0002BF1D1051DB0
S3150801BF90284602F0BEF9A36CC3F13802A2610C4A25
S3150801BFA0E36211688B424FF0140188BF13604B435B
S3150801BFB0084AD01841688E68A160E66075608D6090
S3150801BFC0D158606101310120D150D3E720570020B3
S3150801BFD044520020C052002070B50446002831D0D2
S3150801BFE0836C994238BF1946C36A8B422AD0C26C00
S3150801BFF0012A27D1144A154D12688269C162002A9D
S3150801C0004FF0140202FB03534269A4BFC1F1380180
S3150801C01081619A4216D1061D304602F07AF90C4A18
S3150801C020E36A11688B4288BF136014225343E918E7
S3150801C0304A689068A260E06046609660EA58616165
S3150801C0400132EA5070BD00BF20570020C0520020BF
S3150801C0504452002038B50C4D0C4A2B6811681268F9
S3150801C06003449A4204460AD1094B013C1B68FFF76F
S3150801C070B5F8084A136801331360FFF7BDF82B6852
S3150801C08023442B6038BD00BF485200202C520020A3
S3150801C090245200203C5200200B4B1B687BB90B4AEB
S3150801C0A0106870B90A4B1B6863B90A4B0A4A1B68C0
S3150801C0B01068013B98420CBF0220012070470020FE
S3150801C0C070471846704700BF7C520020385200203E
S3150801C0D03C5200204C52002050520020034B186855
S3150801C0E010B1C36C0133C364704700BF20570020E9
S3150801C0F0034B1B680360034B1B684360704700BF13
S3150801C100345200204852002070B504460D46FFF708
S3150801C11065F8144B62681968134B186890F85E0045
S3150801C12040B100221B6883F85E200124FFF764F8FA
S3150801C130204670BD2B68581C12D00C48266800682A
S3150801C140864204D08A4202D800232B60EDE7881A7A
S3150801C1508342F9D95B1A134420462B60FFF7C8FFBF
S3150801C1600024E3E7485200202057002034520020DB
S3150801C170914208B5416000610AD8D21A83699A4288
S3150801C1800DD2084B011D186802F0A1F8002008BD60
S3150801C1909A4201D2994202D2034B011DF3E70120CB
S3150801C1A0F5E700BF80570020845700200E4B70B575
S3150801C1B01B680546DB680E46DC68201D02F0A9F8F7
S3150801C1C094F828305A0709D532462946204602F0FE
S3150801C1D02AFD2046236ABDE87040184723F001036B
S3150801C1E084F82830F5E700BF84570020F8B50546DE
S3150801C1F0FFF756FB0D4E04463368834209D90C4FA7
S3150801C2003B681A6852B90B4A1168136039600123F1
S3150801C21000E0002320462B603460F8BDDB684FF050
S3150801C220FF311868FFF7C2FFEAE700BF245700206D
S3150801C2308457002080570020F7B5114CFEF7CEFF32
S3150801C2402568BDB90F4F104E384602F032F8304610
S3150801C25002F02FF80D4B10211F600D4B0A201E60AE
S3150801C2600C4A0D4B009502F0FCFB206010B10B49FE
S3150801C270FFF7E6F803B0BDE8F040FEF7BDBF00BF23
S3150801C2807C5700209C57002088570020845700209F
S3150801C290805700206F8001202857002017EF0108DA
S3150801C2A02DE9F041524F534E86B03B68D3F80080D2
S3150801C2B0B8F1000F37D00024DB68D3F80080FFF708
S3150801C2C0E7FA02A8FFF792FF029B0546002B3FD12A
S3150801C2D05CBB40452FD3FFF7BFFB29464046FFF716
S3150801C2E065FF1022002102A8FDF717FD002230681C
S3150801C2F002A902F099F90028D7D0029B0498002BCD
S3150801C30029DB049C63696BBB01A8FFF76FFF029BDE
S3150801C3100546013B082BE9D8DFE803F028284B52EC
S3150801C3206128284B52000124C9E7334B1B681C6856
S3150801C330B4FA84F4640922463068A8EB050102F0D0
S3150801C34003FBFFF789FB0028CBD101F0F1FFC8E712
S3150801C350FFF782FBC5E7039B05999847029B002BCC
S3150801C360C4DBCEE7201D01F0D4FFCDE794F82830D1
S3150801C370A16943F0010384F82830039B0246194456
S3150801C3802046FFF7F5FE0028B0D094F82830590763
S3150801C3900AD5A36903992A462046194402F043FCA3
S3150801C3A02046236A9847A1E723F0010384F8283039
S3150801C3B0F6E794F8283023F0010384F8283095E746
S3150801C3C094F82830024643F0010384F8283003998B
S3150801C3D00346A16101442046FFF7CAFE86E794F8A1
S3150801C3E028309A07E7D4204601F0F3FF7EE700BF1D
S3150801C3F0845700207C570020805700201FB514461B
S3150801C4001A466FF00103CDE900300548CDE902145B
S3150801C41000236946006802F074F904B010BD00BF34
S3150801C4207C57002010B588B0FFF706FF0E4B002495
S3150801C4301868B8B107AA06A905A8CDE90544FEF703
S3150801C44029FE059B079A0293069B0849019328230F
S3150801C45007480093234602F0B9FB064B1860001BF8
S3150801C46018BF012008B010BD7C5700201CEF010839
S3150801C470A1C201087857002048B101224378017802
S3150801C4809A4030235943034B00205A5070472220C3
S3150801C490704700BF40F003500A4A08B5127852B1F6
S3150801C4A007280AD8084A02EB00131B7B3BB1EAF7B7
S3150801C4B0A5FF002008BD0548FCE70548FAE7054839
S3150801C4C0F8E700BF0F810120A8590020028000F07B
S3150801C4D0018000F0078000F00B4A10B512780C466F
S3150801C4E062B107280CD859B1084A02EB00131B7B25
S3150801C4F043B1EAF795FF2070002010BD0448FCE718
S3150801C5000448FAE70448F8E70F810120A8590020F2
S3150801C510028000F0018000F0078000F00B4A10B598
S3150801C52012780C4662B107280CD859B1084A02EBB1
S3150801C53000131B7B43B1EAF78BFF2060002010BD77
S3150801C5400448FCE70448FAE70448F8E70F810120A4
S3150801C550A8590020028000F0018000F0078000F051
S3150801C5600122437801789A4030235943014B5A50A6
S3150801C570704700BF40D00350034B5A68D20702D513
S3150801C580DA69002AF9D1704700800A5030B9044B9C
S3150801C5905A68D20702D59A6D002AF9D1704700BFA9
S3150801C5A000800A5008B9014B5964704700900A5037
S3150801C5B008B9014B5964704700A00A5008B9014BE4
S3150801C5C01964704700A00A5010B9024B186C7047DD
S3150801C5D00020704700800A5010B5FFF7D7FF10B941
S3150801C5E019B1012904D0002001E0034BD86C10BD14
S3150801C5F0014B186DFBE700BF00800A5038B5144699
S3150801C600FFF7C4FF10B911B1012903D038BD034B97
S3150801C610DC64FBE7014B1C65F8E700BF00800A50A4
S3150801C62008B5FFF7B3FF10B9024B586D08BD0020D6
S3150801C630FCE700BF00800A50B8B1036813F4E07F35
S3150801C64003F03F00C3F382120AD0012A0DD1084B29
S3150801C65041B103F58053012282401A6000207047D8
S3150801C660044BF5E703F50053F5E70E20704700BFC5
S3150801C67068800050648000500146064802688A4274
S3150801C68005D843681A44914228BF00207047002004
S3150801C690704700BF786100200229F8B596BF104B94
S3150801C6A000245C5C012805460E4608D0022809D0FC
S3150801C6B008B944F002040B4B1F6837B9F8BD44F0BA
S3150801C6C00804F8E744F02004F5E77B681A68144281
S3150801C6D003D0314628465B6898473F68EDE700BFB7
S3150801C6E098F20108A061002038B5104D2B78ABB13E
S3150801C6F00F4C23781BB100F06FFA0023237000203A
S3150801C70000F092FA0B4C50B100F098FA002301217F
S3150801C71020782B70FFF7C0FF0123237038BD012253
S3150801C720054B1A702278054B1A70F7E7218101200B
S3150801C7301F810120278101202281012023810120D7
S3150801C7400C4A1378FF2B01D158B170470BB908B9B8
S3150801C750704730B101331370074B1B78012B03D88F
S3150801C7607047013B13707047044B1B780BB9FFF7F1
S3150801C770BBBF704726810120278101202281012024
S3150801C78010B502F068FA064B04461B781BB1BDE8E2
S3150801C790104002F05BBAFFF7A7FF2046F7E700BF94
S3150801C7A01E8101200228F8B504D0244A1378FF2BEC
S3150801C7B001D1E9B1F8BDD3B90029FBD00123137022
S3150801C7C01F4B1B78012BF5D902F045FA1D4E04467D
S3150801C7D0337893B920461A4C02F038FA20780128A2
S3150801C7E0E8D00121FFF758FF01232370E2E711B9C9
S3150801C7F0013B1370DEE70133E1E7134F3B781BB9C1
S3150801C80001223A70114A1370114D2B781BB100F0B1
S3150801C810E3F900232B70204602F018FA012000F0F4
S3150801C82003FA02F018FA3B7804461BB100F006FA3F
S3150801C83000233B7000233370CCE700BF268101201B
S3150801C84027810120218101201E81012022810120C9
S3150801C8501F8101202DE9FF47EFF3108572B6AFF36B
S3150801C860008001F0C6FD002870D0704E704F3378F5
S3150801C87023B10020FFF764FF00233370387870B9BD
S3150801C88003A900F091FB044648B96A4B039A1B6851
S3150801C8909A4263D80120FFF753FF012333703B788F
S3150801C8A0654CDFF8BC91002B72D02078012840F046
S3150801C8B09480207800F03EF999F8003013B15F4B67
S3150801C8C01B782370AFF30080284602F040FAEFF395
S3150801C8D0108572B65A4B1A7852B100221A70574B04
S3150801C8E020781B78984203D101212170FFF7D4FEE5
S3150801C8F0544800F00BFBFEF747FD80460028B6D1E9
S3150801C900514B524F18703B789BB189F80000DFF8FC
S3150801C9104C9199F800301BB100F05EF989F8008056
S3150801C920002000F081F9002875D000F087F900236E
S3150801C9303B70337823B10020FFF702FF00233370E1
S3150801C94000212078FFF7A8FE00232370AFF30080AB
S3150801C950284604B0BDE8F04702F0F9B93C4BD3F8D4
S3150801C960008000F0D7F8039B8044984592D200F0E6
S3150801C970A9F98200039942F0020292B2CDE9004276
S3150801C9802346344AA1EB08012E4802F0E5F986E769
S3150801C9902E4BDFF8B4801B780BB900F001F920782B
S3150801C9A0022831D198F8003023B10022264B1A709B
S3150801C9B002F073FADFF8948098F80030002B7FF4C0
S3150801C9C078AF254B1B7823B900F000F90122234BD8
S3150801C9D01A70012388F800306BE74FF0010800232D
S3150801C9E0DFF864A08AF8003099F8003013B9414697
S3150801C9F0FFF752FE9AF8003084F800803BB1B8F18F
S3150801CA00020F7FF456AFD0E74FF00208E7E7B8F117
S3150801CA10020FCFD04DE7012000F08CF8284602F02E
S3150801CA2096F9EFF3108572B67AE700BF20810120E7
S3150801CA3026810120A8610020278101202381012068
S3150801CA401C810120AC610020248101202181012063
S3150801CA50A461002081C70108258101201F810120C9
S3150801CA602281012038B502F0F6F8094B05461B78F4
S3150801CA70012B04D802F0EAF80024204638BD054BFC
S3150801CA801C6800F047F80444284602F0DFF8F4E78A
S3150801CA9027810120A4610020184B19491A6F10B586
S3150801CAA002F007020A60196F164801F47441016021
S3150801CAB01549164C8969032A01F00200C1F34001A0
S3150801CAC0134A21700FD0D3F8201101F0070102296A
S3150801CAD009D0D3F8281101F00701022903D0002152
S3150801CAE0117018B910BD01231370FBE7D3F8003193
S3150801CAF003F00303591E4B424B41F5E700800050F2
S3150801CB00D8610020D461002000C001502B8101208A
S3150801CB102C81012008B5054B187818B1EBF710FEE2
S3150801CB2000EBD000024B1B68184408BD2C8101207C
S3150801CB30D0610020012808B50BD00238012807D892
S3150801CB400020EAF737F8124A136923F00403136140
S3150801CB5008BD104A137823B10F490B6F43F4744388
S3150801CB600B670B490B6923F004030B61BFF34F8F66
S3150801CB70BFF36F8F30BF1378002BE9D0064A0749F8
S3150801CB80136F096823F474430B431367E0E700BF87
S3150801CB9000ED00E02081012000800050D4610020D2
S3150801CBA0074A0849D2F8203103F007030B60D2F887
S3150801CBB02831054A03F007031360FBF785B800BF60
S3150801CBC000800050E4610020E06100200122014B51
S3150801CBD01A7070472A8101200F4B10B51B7883B153
S3150801CBE00E4C2378A3B90E4B9A6DD10302D5DA6D93
S3150801CBF0920702D49B6DDB0704D54FF48032094BAB
S3150801CC009A6210BDEBF728FD4FF48032054B9A6204
S3150801CC1000232370F5E700BF2C810120298101201B
S3150801CC200040005A0050005A034B1B780BB1EBF732
S3150801CC30B7BD0120704700BF2C81012008B5FBF75D
S3150801CC4044F8174B1B7833B10122164B5A60164A22
S3150801CC509369DB07FCD5154B15491A6F096822F04C
S3150801CC6007020A431A671349D3F82021096822F0F3
S3150801CC7007020A43C3F820210F49D3F82821096876
S3150801CC8022F007020A43C3F828210C4B1B781BB173
S3150801CC904FF480320A4B9A62BDE80840FEF72EB976
S3150801CCA02B81012000D0015000C0015000800050A6
S3150801CCB0D8610020E4610020E06100202C81012078
S3150801CCC00060005A014B1878704700BF2C8101207B
S3150801CCD008B5164B1A7822B300221A70144B1A6F2C
S3150801CCE022F0070242F001021A67D3F8202122F046
S3150801CCF0070242F00302C3F82021D3F8282122F0C3
S3150801CD00070242F00302C3F828210A4B1B7833B104
S3150801CD100122094B5A60094A53689B07FCD4FEF75E
S3150801CD20EDF80122064B5A6708BD00BF2A8101208A
S3150801CD30008000502B81012000E0015000C0015005
S3150801CD400060005A0D490B68A0B10022A3B18342C5
S3150801CD5003D1836822B90B6003E01A469B68F5E79D
S3150801CD60936083680BB9002070475A6941690A4480
S3150801CD705A61F8E72220704702207047F4610020C3
S3150801CD8038B500F019FA0025084B094C1A682368CA
S3150801CD90C31A2AB123B15169994203D3C91A5161F8
S3150801CDA0206038BD55615B1A9268F2E7F46100208C
S3150801CDB0F061002038B5154D2B682BB35B69A3B11B
S3150801CDC0134A022014681C4402F02FF8204600F08A
S3150801CDD031FA00230F492A680B7022B1D0888007DF
S3150801CDE00AD501230B70002038BD022002F01DF878
S3150801CDF0022000F069FAECE79268002AF3D050693C
S3150801CE000344012BEAD9EEE72220EDE7F46100207D
S3150801CE10F06100202E810120C38870B504460D46B5
S3150801CE203BB9FFF71FFE8542064602D2FCF7E8FB2F
S3150801CE3035460E4965610B688BB90C60A3600DE038
S3150801CE40AD1A9A68184665616AB113465A69AA42C3
S3150801CE50F6D930B18460521BA3605A6170BD0020B7
S3150801CE60F4E70C60F7E79C60A260F7E7F46100203D
S3150801CE70F8B515469DF81C20BDF820700271069A72
S3150801CE800446026000220E46C0E903358260C78067
S3150801CE909DB900F091F93044A0614EB13546062F8F
S3150801CEA01DD10822174B28469A6200F08DF902E037
S3150801CEB0E36866617BB90020F8BD00F07DF9284476
S3150801CEC0A061002EEAD1E3686661002BE7D020460F
S3150801CED021689847E3E7204621689847EBE701F080
S3150801CEE0BAFE0646FFF74CFF29462046FFF794FF90
S3150801CEF0054B1B68A34201D1FFF75CFF304601F0E1
S3150801CF00A5FED8E70050005AF461002038B504465A
S3150801CF1040B3C388062B01D100F0DEF901F09BFE70
S3150801CF200546FFF72DFF104B20461B68A34208D084
S3150801CF30FFF708FF044680B1284601F087FE204620
S3150801CF4038BDFFF7FFFE04460028F5D1FFF732FF8B
S3150801CF50222802D1022000F0A5F9284601F076FE22
S3150801CF600024ECE72224EAE7F461002038B50C46F0
S3150801CF700546A8B1A1B100230B7001F075FE012188
S3150801CF80084B1B6833B901F06AFE002038BD9D4283
S3150801CF9004D121702278002AF9D0F4E79B68F1E7D9
S3150801CFA02220F3E7F4610020F8B506460F4601F0A2
S3150801CFB05BFE00250446124B1B6823B9204601F087
S3150801CFC04EFE1B2011E05A691544DA88B2420DD18A
S3150801CFD000F0F2F80B4E3368C01AA8420AD30023B0
S3150801CFE020463B6001F03BFE0020F8BDFF2EEFD046
S3150801CFF09B68E2E700F0E0F833682B441B1AEFE779
S3150801D000F4610020F0610020014B1868704700BFE9
S3150801D010F86100200F4B10B51A689AB14FF47A716E
S3150801D020531E1342A0FB01010ED1B2FA82F2C2F1DC
S3150801D0301F04531CD243E04001FA03F3184321FAB3
S3150801D04002F20243104610BD0023EFF73BFA0246EF
S3150801D050F8E700BFF861002008B5084B1B7803F014
S3150801D060FF004BB101F0BBFE054B1B689B69C01A5B
S3150801D07002288CBF0020012008BD00BF2E81012097
S3150801D080F4610020014B1870704700BF2D81012003
S3150801D090C2072DE9F843044607D5444A1368013304
S3150801D0A01360FFF76DFEFFF785FEA3077CD501F038
S3150801D0B0DBFD4FF0000805464646FFF761FE3C4F8B
S3150801D0C03C680CB16369A3B100223A4B012E1A7070
S3150801D0D003D118F0020F18BF1E70FFF76BFE222846
S3150801D0E002D1022000F0DEF82846BDE8F84301F037
S3150801D0F0B6BD23465A693AB91A792179914288BF48
S3150801D1001C469B68002BF5D1284601F0A8FD256928
S3150801D110DDB100F051F8A269A0EB02084FEAE87305
S3150801D120A84573F1000311DB23691344A361E3687E
S3150801D13013B1204621689847B4F8068001F094FD9A
S3150801D14001360546FFF71CFEBAE7A84601F08CFD35
S3150801D15081462046FFF7F6FD484601F080FD236922
S3150801D160002BE4D0A38BB5EB080533B1E28B13444E
S3150801D1709BB2B3F57A7F0FD2E38301F075FD804642
S3150801D18029462046FFF748FEA3692269404613440B
S3150801D190A36101F064FDCAE7A3F57A73E383A36982
S3150801D1A0013D013BA361E8E7BDE8F883FC61002086
S3150801D1B0F46100202D81012008B5FFF7DDF9014B47
S3150801D1C0986908BD00800A5038B5044601F043FD48
S3150801D1D00546FFF7D1F90E4B022C9A694FF001016A
S3150801D1E08CBF12190332B2F1FF3F38BF013A002052
S3150801D1F0FFF704FA284601F029FD064B1A7832B1E1
S3150801D2000221054A91640421916400221A7038BDED
S3150801D21000800A50358A012000900A5007B5044B50
S3150801D22001A9187901F026FD019803B05DF804FB00
S3150801D230E0F10108F8B5044601F00DFD0746FFF7D0
S3150801D2409BF9154B9D6901F0ECFD06460020FFF799
S3150801D250BBF9830704D4731B032B01D8AE420FD144
S3150801D2600021631B022B98BFEC1C0846B4F1FF3F53
S3150801D2702CBF2246621EFFF7C1F9022001F0D5FD37
S3150801D280384601F0E3FC054B1A7822B10121044A1C
S3150801D290916400221A70F8BD00800A50368A01206E
S3150801D2A000900A50830700F0010106D50123044ABC
S3150801D2B041F002011370034A93640020FFF778B91D
S3150801D2C0368A012000A00A50830742BF0222014B79
S3150801D2D01A64704700900A50054B1A7832B9022130
S3150801D2E0044A91640421916401221A70704700BFAF
S3150801D2F0358A012000A00A5070B50446FCF73DFFA7
S3150801D30005462046FCF73BFF032D06460AD0854213
S3150801D3100ED02046F2F74CFA01462046F2F72CFACF
S3150801D32030B1FEE701462046FCF740FB032E00D14B
S3150801D33070BD00212046F2F71FFA0028F8D0F0E761
S3150801D3402DE9F04FCE4F89B0F96A814202D009B072
S3150801D350BDE8F08F1446620705461E4607D5DFF875
S3150801D3603083D8F81020D8F814309A425AD3A30635
S3150801D37002D53B7C012B29D004F0400806F01003A6
S3150801D38058EA030340F0F280200208D5DFF800834B
S3150801D390D8F81020D8F814309A42C0F0958004F0D5
S3150801D3A0AA4306F02202134340F01B81B54B4FF006
S3150801D3B0000A1C4240F0F180B305C8D50022284670
S3150801D3C0114609B0BDE8F04FF2F724BA3B7D022BAE
S3150801D3D000F07E81012BCFD1D7F83C80B8F1000F40
S3150801D3E0CAD043F6FE7909EAD82908F03F08A8F118
S3150801D3F00308B8FA88F8DFF894A249F0010901F0A0
S3150801D4002AFC4FEA5818DAF84430CAF8449001F071
S3150801D4101DFC01F020FCDAF8CC30CAF8CC8001F00A
S3150801D42015FCA9E7D8F81030D8F8A0240133C8F8B4
S3150801D4301030C3EBC30302EB8300DFF84C9252F8BA
S3150801D44023A041688268C36802920391D0F810B09C
S3150801D450019301F000FCD9F84430C9F844A001F061
S3150801D460F5FB01F0F8FB0399D9F84C30C9F84C10D3
S3150801D47001F0ECFB01F0EFFB029AD9F83410C9F878
S3150801D480342001F0E3FBDFF814A201F0E4FB019B71
S3150801D490DAF81C21CAF81C3101F0D8FB01F0DBFBD4
S3150801D4A0DAF83C31CAF83CB101F0D0FBD8F888303B
S3150801D4B0D8F8742028461344C8F88830D8F8881054
S3150801D4C089B2FCF7CAFE52E7D8F81030D8F8A0247A
S3150801D4D00133C8F81030C3EBC30302EB8300DFF84E
S3150801D4E0A89152F823A041688268C3680292039101
S3150801D4F0D0F810B0019301F0AEFBD9F84430C9F861
S3150801D50044A001F0A3FB01F0A6FB0399D9F84C301E
S3150801D510C9F84C1001F09AFB01F09DFB029AD9F863
S3150801D5203410C9F8342001F091FBDFF870A101F03D
S3150801D53092FB019BDAF81C21CAF81C3101F086FB23
S3150801D54001F089FBDAF83C31CAF83CB101F07EFBFF
S3150801D550D8F88830D8F8742028469B1AC8F8883035
S3150801D560D8F8881089B2FCF776FE18E701F073FB44
S3150801D570454A536D43F00403536501F067FBB8F15F
S3150801D580000F3FF401AF3B7C012B7FF4FDAE3F4B0F
S3150801D5909A683F4BC3F8E425F6E6DFF8F480C8F845
S3150801D5A010A000F005F9814600F0DEF822073DD506
S3150801D5B097F85C30D8F87820B979134401FB03F35E
S3150801D5C0B9EB031F5AD8DB00994528BF9946D8F805
S3150801D5D0C03428460133C8F8C034FCF738FE0023A6
S3150801D5E028E04FF00009DFF8A8802846C8F810900F
S3150801D5F0FCF75CFEE101C8F8900451D40123C8F890
S3150801D600F83903220023234988F8F029D8F8300588
S3150801D6101A46C1E9044600F000FD2846E4F712FA65
S3150801D620002228461146FCF7BBFCBFE6D8F88C3029
S3150801D630D3B90123C8F8603A05220023164988F8A8
S3150801D640582AC1E902461A460839D8F83005C8F8F1
S3150801D650709A00F0E2FC2846E4F7F4F9002228461D
S3150801D6601146FCF79DFCA7E6D8F88C30D8F82010AF
S3150801D670FA680B441344C8F88C30DAE7D146A6E7B2
S3150801D680B888012008CD0100008001B800C000B8A3
S3150801D690A83600209840002008410020004001B823
S3150801D6A0D8F8783004A92846ADF814308DF81C90BE
S3150801D6B0FCF76DFD284604A9FCF76CFD049A4B4658
S3150801D6C0C8F89024D8F8BC240132C8F8BC2496E7D7
S3150801D6D0D7F8388085E600BF38B51F4C94F83A006C
S3150801D6E0FCF74BFC94F83A303BB303F0FF02012AEE
S3150801D6F027D11A4B012203F500535A60238F184D7F
S3150801D700616B15486B806960F1F738FA2878FCF780
S3150801D7102CFC84F83A0094F83A3003F0FF0273B10E
S3150801D720012A13D10D4B012203F580535A6094F84F
S3150801D7303A00BDE83840FCF71DBC0A4BDAE7094B4D
S3150801D740F1E700224FF400535A60FFDE00224FF43E
S3150801D75080535A60FFDE00BF847E0120004003B873
S3150801D7604C890120000003B810B50E4C94F83A0014
S3150801D770FCF703FC94F83A304BB103F0FF02012A97
S3150801D7800BD10122084B03F500535A6010BD012243
S3150801D790064B03F500535A6010BD00224FF400539F
S3150801D7A05A60FFDE847E0120004003B8000003B8FA
S3150801D7B0094A92F83A3003F0FF013BB1012907D132
S3150801D7C0064BD86B536BC01A80107047044BF8E7A9
S3150801D7D00023DB6BFFDE00BF847E0120004003B817
S3150801D7E0000003B830B5BDF80CE0BDF81040BDF82F
S3150801D7F014C09DF8185098B1F444AD001CFB0252B0
S3150801D80092B296448E450ADC5CB101191144104462
S3150801D81001E0884205D010F8012B9A42F9D0002080
S3150801D82030BD012030BD00BF2DE9F041064617463F
S3150801D83042B300240B1D01EB8208254620462146EA
S3150801D84033F904EC33F902CC1EEB000041EBEE711F
S3150801D8501CEB040445EBEC75984503F10403EFD181
S3150801D8603A460023EEF7DEFD84463A462046294627
S3150801D87000230FFA8CF4EEF7D5FD07B234807780D2
S3150801D880BDE8F081144677803480BDE8F08100BF99
S3150801D8902DE9F04F844689B0002B00F0D980B3FA00
S3150801D8A083F00124C0F122001FFA80FE0EF1FF3039
S3150801D8B004FA00F800200FB209147F42494287FB97
S3150801D8C0035781FB03B101950291082405460146D8
S3150801D8D00646BA46CDE905ECCDF81C8013E0022BC5
S3150801D8E05F467ED0DDE901C9D0461CEB010C04F187
S3150801D8F0FF3448EB0606A4B23F186146384649EBA1
S3150801D9000505002C76D0042B6FD0082BE7D1B2F988
S3150801D9100470B2F900800397019FB2F902E018EB8F
S3150801D920070C4AEBE8781EEB0B070497029FB2F93E
S3150801D930069047EBEE7E039F103217EB0C0C48EB73
S3150801D940E778049F19EB07074EEBE97E32F9089C45
S3150801D95019EB0C0C48EBE97932F9068C18EB070739
S3150801D9604EEBE87832F904EC1EEB0C0C49EBEE7E33
S3150801D97032F9029C19EB070748EBE979B2F90080FD
S3150801D980083218EB0C0C4EEBE87832F906EC1EEB74
S3150801D990070749EBEE7E32F9049C19EB0C0C48EBB0
S3150801D9A0E97932F9028C18EB07074EEBE878B2F9F8
S3150801D9B000E008321EEB0C0C49EBEE7E32F9069CB0
S3150801D9C019EB070748EBE97932F9048C18EB0C0CCB
S3150801D9D04EEBE87832F902EC1EEB070749EBEE79D4
S3150801D9E083E7D146DDE901C8E1E75F46DDE901C91B
S3150801D9F0D646C3E7DDF81C80DDE905EC11EB080125
S3150801DA0046F10006CEF1200317EB080006FA03F2E9
S3150801DA1021FA0EF145F100051143BEF120025CBF62
S3150801DA2046FA02F2114320FA0EF005FA03F3BEF1A3
S3150801DA30200E40EA03005CBF45FA0EFE40EA0E00DE
S3150801DA40ACF802000020ACF8001009B0BDE8F08F70
S3150801DA504FF004084FF0030E2CE700BF10B52DED6B
S3150801DA60028BDFED108AB0EE680A0446F0F7CCFFA8
S3150801DA709FED0D8AF0EE407A67EE887AFDEEE77A39
S3150801DA8017EE903AB0EE680A2380F1F70DF820EE0A
S3150801DA90080ABDEC028BBDEEC00A10EE103A63808F
S3150801DAA010BD00BF0000000000FC7F46B1F9003040
S3150801DAB0B0F900C000B5B0F902E00CFB03F203FBB4
S3150801DAC00EF3B1F902100EFB11220CFB013302F51C
S3150801DAD0005203F5005392139B13028043805DF8AD
S3150801DAE004FB00BF4FF0000C2DE9F04782B09DF80A
S3150801DAF030900C46B9F1010F0546164698469DF831
S3150801DB0028A09DF82C70B1F90010CDF800C012D9E3
S3150801DB1063464FF0010C34F92CE08E45C8BF1FFA55
S3150801DB208CF30CF1010CC8BF71461FFA8CFEF14546
S3150801DB30F1D804EB8304BAF1000F09D14346224612
S3150801DB4028460099FFF7A4FE7FB102B0BDE8F08729
S3150801DB504A4621466846FFF767FE43462246284657
S3150801DB600099FFF795FE002FEFD1314601A8FFF77F
S3150801DB7075FF284601A9FFF799FF02B0BDE8F087AE
S3150801DB80021438B582FB0245034629462046C3FBE3
S3150801DB908301F8F71DFF07EE900AF5EEC07AF1EE5C
S3150801DBA010FA06DBF1EEE77A17EE900AF8F74EFF60
S3150801DBB038BD0020014638BD4FF4004070474FF488
S3150801DBC07A70704710B5EFF3058414B10124204625
S3150801DBD010BDFEF775F90128F9D0EFF31083002B74
S3150801DBE0F4D1EFF31184003C18BF0124EFE708B51F
S3150801DBF0FEF766F9012803D0BDE8084000F0A3BB8B
S3150801DC0008BD4FF47A70704700232DE9F04186B0BC
S3150801DC1005460E4690460593FFF7D4FF00BBFDB1B6
S3150801DC20B8F1000F3DD0D8F818402CB1631E372B38
S3150801DC3003D906B0BDE8F0811824D8F80430DB070B
S3150801DC4033D4D8F814306BB19A08D8F80010D8E94B
S3150801DC5002704FB15F2803D9D8F8100000B1B3B9E3
S3150801DC600598E6E7A022F0E70028F9D1D8F81030A0
S3150801DC70002BF5D105AB013C0193284633460094A8
S3150801DC8000F076FF01281CBF00230593E8E7013C55
S3150801DC90CDE9010733462846009400F097FF059021
S3150801DCA0DEE741461824A022E4E70020C1E7FEF793
S3150801DCB0FBB838B50546FFF785FF044650B965B187
S3150801DCC02846FDF75FFD04280AD02846FDF70EFD14
S3150801DCD0204638BD6FF00500FBE76FF00300F8E753
S3150801DCE06FF00200F5E710B50446FFF76BFF28B998
S3150801DCF014B12046FDF74CFF002010BD6FF005005A
S3150801DD00FBE710B50446FFF75DFF50B95CB1D4E9EE
S3150801DD10020328B11F2B04D9BDE8104000F006BA4A
S3150801DD200BB1002010BDBDE8104000F0F1B937B5C0
S3150801DD300C46054610B3B1F1807F1FD2FFF742FFAB
S3150801DD40A8B100232146284601AA0193FDF7B6F991
S3150801DD50B8B1284600F08EFA019B2BB14FF0E023AB
S3150801DD604FF08052C3F8042D204303B030BD21463D
S3150801DD70284603B0BDE8304000F04CBA6FF0030006
S3150801DD80F3E76FF00200F0E770B50E460546E0B11D
S3150801DD90B1F1807F19D2FFF715FF80B1284600F04F
S3150801DDA069FA314604462846FDF780F980B14FF0F5
S3150801DDB0E0234FF08052C3F8042D204670BD31464A
S3150801DDC02846BDE8704000F016BA6FF00304F4E780
S3150801DDD06FF00204F1E72DE9F3410C4615461E469C
S3150801DDE0074610B1B1F1807F04D36FF0030002B08A
S3150801DDF0BDE8F081FFF7E6FE20B1002EF5D16FF000
S3150801DE000500F4E705F0010885F00202C2F34002B5
S3150801DE10434621463846009600F098F904EA00027E
S3150801DE20B8F1000F08D0A242E1D0002E14BF6FF05E
S3150801DE3001006FF00200DAE7002AF6D0D7E738B515
S3150801DE400546FFF7BFFE044628B93DB1284600F04E
S3150801DE501AFA204638BD6FF00500FBE76FF003009C
S3150801DE60F8E738B50546FFF7ADFE10B100242046A0
S3150801DE7038BD25B9BDE83840012000F0E7BD6B681B
S3150801DE801A07F3D4D5E9021203F0010379B14F2A2F
S3150801DE90ECD99BB1042000F00CFE04460028E5D01D
S3150801DEA0296809B1FDF7CCFA44F00104DFE7002A35
S3150801DEB0DCD17BB1042000F0C9FDEEE7012000F0BA
S3150801DEC0F8FD04460028D1D029680029CFD0FDF7EE
S3150801DED0B7FACCE7012000F0B9FDF2E7F8B5054637
S3150801DEE00C4620F0010600F00107FFF76BFEA0B90A
S3150801DEF0012D15D92146304667B100F0EEFC0128FF
S3150801DF0001D10020F8BD002C14BF6FF001006FF09D
S3150801DF100200F7E700F061FCF1E76FF00500F1E7B1
S3150801DF206FF00300EEE770B5044620F0010500F036
S3150801DF300106FFF747FE90B9012C13D946B12846C9
S3150801DF4000F0E2FC01280CBF00206FF0020070BD52
S3150801DF50334632463146284600F0E1FAF2E76FF0D9
S3150801DF600500F4E76FF00300F1E770B5054620F008
S3150801DF700106FFF727FE044648B9012D0AD930469E
S3150801DF80FDF77CFA304600F0D4FC204670BD6FF0F0
S3150801DF900500FBE76FF00300F8E7F7B505460E46FF
S3150801DFA01446FFF70FFE18B10025284603B0F0BD49
S3150801DFB0002DF9D0002EF7D03CB3D4E90232BBB11B
S3150801DFC04F2AF1D92269002AEED006FB05F16769C5
S3150801DFD08F42E9D300903146284600F042FD0546B6
S3150801DFE00028E1D021680029DFD0FDF729FADCE70E
S3150801DFF0002AD9D12369002BD6D16269002AD3D147
S3150801E0003146284600F0F8FCE9E72246314628461B
S3150801E01003B0BDE8F04000F0EFBC73B51C460546F9
S3150801E0200E46FFF7CFFD0346D0B13DB336B32CBB41
S3150801E03023463146284601AA019400F062FB0128CD
S3150801E04003D06FF0020002B070BD019B0BB900202E
S3150801E050F9E74FF0E0234FF08052C3F8042DF6E7B5
S3150801E06065B15EB122463146284600F058FA0128C4
S3150801E070EDD0002CE5D06FF00100E4E76FF0030066
S3150801E080E1E773B505460E461C46FFF79BFDC8B189
S3150801E09035B32EB324BB3146284601AA019400F0B4
S3150801E0A068FB012803D06FF0020002B070BD019B26
S3150801E0B00BB90020F9E74FF0E0234FF08052C3F87F
S3150801E0C0042DF6E765B15EB122463146284600F0D1
S3150801E0D0ABFA0128EDD0002CE5D06FF00100E4E79A
S3150801E0E06FF00300E1E738B50546FFF76BFD044617
S3150801E0F040B955B12846FDF7C1F9284600F019FC83
S3150801E100204638BD6FF00500FBE76FF00300F8E71E
S3150801E11038B5202000F051F9044628B1002540F809
S3150801E120045B00F0C6F82577204638BD202313B5D1
S3150801E13001930446019B30B1002340F8043B00F0EB
S3150801E140B8F801232377204602B010BD2DE9F8431C
S3150801E15006460C4698461746DDF82090FDF7B0FEB0
S3150801E160FDF796FB356805EA0403B8F1000F24D1DB
S3150801E1707BBBB9F1000F2DD0391E18BF0121090645
S3150801E1804A462143301DFDF749FDFDF765FC08B9EF
S3150801E19000F0CEF8FDF77CFE830105460AD4FDF7AB
S3150801E1A01DF8356804EA0503B8F1000F1BD1E3B978
S3150801E1B0FDF722F825F07F450EE0A34209D0B9F113
S3150801E1C0000F07D0391E18BF0121090641F08061E9
S3150801E1D0D6E727B9FDF740FC2846BDE8F88325EAC6
S3150801E1E004043460F6E79C42E2D1002FE0D025EA28
S3150801E1F004043460DCE770B505460C46FCF7EEFF0F
S3150801E2002E6826EA04042C60FCF7F6FF304670BD3A
S3150801E210FFF7F1BF2DE9F04104460D4600F10C0662
S3150801E220FDF736FB236820692B4300252360B0429E
S3150801E230216807D121EA05012160FDF70DFC206857
S3150801E240BDE8F081D0E9002822F07F4312F0806F03
S3150801E25003EA010702D11FB94046E8E7BB42FBD1F1
S3150801E260D20141F0007148BF1D43FDF77BFDF3E77D
S3150801E270FFF7D0BF10B5044600F08DF8246800F00A
S3150801E28095F8204610BD10B50446FDF701FB6368F5
S3150801E29043B9FDF7E1FB237F53B92046BDE810409A
S3150801E2A000F097B84FF000712069FDF75BFDEEE7C6
S3150801E2B010BD4FF0FF3200F10803C0E902234360A5
S3150801E2C0036100230360704700230361704730B57B
S3150801E2D00C68631C0AD103695A684A6091608B60AD
S3150801E2E05960036808610133036030BD00F1080213
S3150801E2F0134652681568A542FAD9EDE743689A6844
S3150801E3004B608A6051609960036808610133036054
S3150801E31070470369D0E901128A60516059688142E0
S3150801E32008BF5A60002202611868013818607047F0
S3150801E3304FF0E0234FF08052C3F8042DBFF34F8FFF
S3150801E340BFF36F8F704710B500F025F80446FDF747
S3150801E350CDFA28B14FF0E0234FF08052C3F8042DCF
S3150801E3602046BDE8104000F021B8836913F8023C45
S3150801E370662B0FD14FF0E023D3F8882D42F47002B3
S3150801E380C3F8882DD3F8342F42F04042C3F8342F0E
S3150801E390FCF73EBF7047EFF311804FF0300181F370
S3150801E3A01188BFF34F8FBFF36F8F704780F31188C2
S3150801E3B0BFF34F8FBFF36F8F704710B50446FDF754
S3150801E3C067FA2046FAF7EBFC0446FDF745FB2046BB
S3150801E3D010BD10B5044640B1FDF75AFA2046FAF7C2
S3150801E3E0EBFDBDE81040FDF737BB10BD70470120B6
S3150801E3F0704708B5FFF7FBFF20B1FDF74DFE003862
S3150801E40018BF012008BD70B50446FCF7E7FE94F86D
S3150801E410455004F124066DB2002D14DCFF2384F85F
S3150801E4204530FCF7E9FEFCF7D9FE94F8445004F1AF
S3150801E43010066DB2002D12DCFF2384F84430BDE8C6
S3150801E4407040FCF7D9BE636A002BE7D03046FDF76A
S3150801E4502BFC08B1FDF72EFD013D6DB2DCE7236902
S3150801E460002BE9D03046FDF71FFC08B1FDF722FD68
S3150801E470013D6DB2DEE710B50446FCF7AFFEA46BAD
S3150801E480FCF7BAFEB4FA84F0400910BD70B5164619
S3150801E490026C0446856B42B906689EB98068FDF729
S3150801E4A065FDA6600135A56370BD6EB94068FBF7C9
S3150801E4B03FFC6368226C1344A2686360934224BFDD
S3150801E4C0236863600020EDE7C068FBF731FC226C26
S3150801E4D0E36851429B1A2268E36093423EBFA368F0
S3150801E4E05B18E360022EEDD10DB1013DEAE728463E
S3150801E4F0D8E703461A6C084610B46AB1DC6899680D
S3150801E50014448C4228BF1968DC6028BFD960D968D1
S3150801E5105DF8044BFBF70CBC5DF8044B7047F0B58E
S3150801E520044685B01D4601920E46FDF7C9FCFCF767
S3150801E53055FEA26BE36B9A421FD22A463146204604
S3150801E540FFF7A4FF636A1BB104F12400FDF7ACFBD6
S3150801E55008B1FFF7EDFEFCF74FFE012005B0F0BD4F
S3150801E560FCF73CFEA36BE26B9A42E6D80123019ABB
S3150801E57042B9FCF741FE0020F0E7022DDDD0002369
S3150801E5801F46F4E713B902A8FDF7B2FDFCF734FEFE
S3150801E590FDF77EF9FCF722FE94F84430FF2B08BFFD
S3150801E5A084F8447094F84530FF2B08BF84F8457009
S3150801E5B0FCF722FE01A902A8FDF7A6FD20BBFCF780
S3150801E5C00DFEA26BE36B9A4210D1FCF715FE019979
S3150801E5D004F11000FDF712FB2046FFF714FFFDF7C3
S3150801E5E03BFA0028BCD1FFF7A3FE06E0FCF704FEC0
S3150801E5F02046FFF708FFFDF72FFAFCF7EFFDA26BA0
S3150801E600E36B9A42B2D298E72046FFF7FCFEFDF784
S3150801E61023FAB0E738B100231A4619468360036026
S3150801E620C360FFF77CBF7047F0B5044685B00E4658
S3150801E6300192FDF745FCFCF7D1FDA56B9DB131466D
S3150801E6402046FFF756FF2369013DA56333B104F15F
S3150801E6501000FDF729FB08B1FFF76AFEFCF7CCFDB0
S3150801E660012005B0F0BD019B1BB9FCF7C5FD0020D3
S3150801E670F7E702A8FDF73CFD2F46FCF7BDFDFDF7C0
S3150801E68007F9FCF7ABFD94F84430FF2B08BF84F873
S3150801E690447094F84530FF2B08BF84F84570FCF7A1
S3150801E6A0ABFD01A902A8FDF72FFDF8B92046FFF732
S3150801E6B0E2FEA8B1019904F12400FDF79FFA20466C
S3150801E6C0FFF7A1FEFDF7C8F908B9FFF731FEFCF718
S3150801E6D085FDA56B002DB2D1019B002BCDD1C4E7D9
S3150801E6E02046FFF790FEFDF7B7F9F0E72046FFF75A
S3150801E6F08AFEFDF7B1F92046FFF7BDFE0028E6D0F0
S3150801E700B5E72DE9F843044616461F468946E5F757
S3150801E7101FFAFFF740FEA26BE36B80469A4201D3CC
S3150801E720022F24D194F845503A46494620466DB2FF
S3150801E730A36BFFF7ABFE6B1C10D1636A3BB104F107
S3150801E7402400FDF7B1FA10B10EB10123336001249B
S3150801E7504046FFF72BFE2046BDE8F883FDF7A6F8ED
S3150801E7608542F4D201356DB284F84550EFE70024AD
S3150801E770EEE72DE9F843044689469046E5F7E8F9B8
S3150801E780FFF709FEA66B0746C6B194F844504946F9
S3150801E79020466DB2FFF7ADFE013E6B1CA66313D191
S3150801E7A0236953B104F11000FDF77EFA28B1B8F1D7
S3150801E7B0000F02D00123C8F8003001263846FFF7BA
S3150801E7C0F5FD3046BDE8F883FDF770F88542F4D2C9
S3150801E7D001356DB284F84450EFE7F0B5002585B0F0
S3150801E7E0044601912E46FDF76BFB2F46FCF7F6FC16
S3150801E7F0A36BA3B1013BA363236813B9FDF76EFCB1
S3150801E800A060236933B104F11000FDF74DFA08B190
S3150801E810FFF78EFDFCF7F0FC012005B0F0BD019B6A
S3150801E8201BB9FCF7E9FC0020F7E716B902A8FDF7C2
S3150801E8305FFCFCF7E1FCFDF72BF8FCF7CFFC94F83D
S3150801E8404430FF2B08BF84F8447094F84530FF2BF9
S3150801E85008BF84F84570FCF7CFFC01A902A8FDF7AB
S3150801E86053FC10BB2046FFF706FEC0B123683BB92F
S3150801E870FCF7B4FCA068FDF733FB0546FCF7BCFCC6
S3150801E880019904F12400FDF7B9F92046FFF7BBFD0C
S3150801E890FDF7E2F808B9FFF74BFD0126A6E7204682
S3150801E8A0FFF7B1FDFDF7D8F8F7E72046FFF7ABFD0F
S3150801E8B0FDF7D2F82046FFF7DEFD0028EDD0002D42
S3150801E8C0B1D0FCF78BFC616A19B1236B1968C1F1E8
S3150801E8D03801A068FDF780FBA3E770B58668044692
S3150801E8E00D46FDF7E1FA864204D10120E3680133BA
S3150801E8F0E36070BD29462046FFF76FFF0028F8D070
S3150801E900E3680133E360F4E738B585680446FDF743
S3150801E910CBFA85420BD1E368013BE3600BB10120D9
S3150801E92038BD1A4619462046FFF7F9FDF7E70020D4
S3150801E930F6E710B5FCF7A2FD90F846301BB9BDE81D
S3150801E9401040FFF746BD10BD70B504460D46164684
S3150801E950FCF744FC94F84430FF2B04BF002384F8E9
S3150801E960443094F84530FF2B04BF002384F8453022
S3150801E970FCF742FCA36B2BB93246294604F1240065
S3150801E980FDF770F92046BDE87040FFF73CBD70B54C
S3150801E9900E46044610B3C06B00B3236CA3FB0035C7
S3150801E9A0DDB9FCF71BFCD4E90F314B432268A5639B
S3150801E9B0D0185B1A62601A44FF23A06084F84430B9
S3150801E9C0E26084F8453056B104F11000FFF771FC96
S3150801E9D004F12400FFF76DFC0AE0002070BD2369ED
S3150801E9E033B104F11000FDF75FF908B1FFF7A0FC98
S3150801E9F0FCF702FC0120F1E72DE9F0410D46174627
S3150801EA00064618B900242046BDE8F081A1FB003866
S3150801EA10B8F1000FF6D1484310F1510FF2D8503032
S3150801EA20FFF7CBFC04460028ECD080F846805DB1A0
S3150801EA3000F1500301212046C4E90F652360FFF761
S3150801EA40A6FF84F84C70DEE70346F3E7024610B5E5
S3150801EA5000210120FFF7D0FF0446FFF7DBFD204622
S3150801EA6010BD37B50D461C46E8B193B1A2B1E1B167
S3150801EA7050230193019B019B0121C4E90F0584F8E9
S3150801EA80461020462260FFF782FF9DF8183084F869
S3150801EA904C30204603B030BD49B950230193019B40
S3150801EAA02246019BE8E70446F3E70C46F1E71446DC
S3150801EAB0EFE7002213B50B46009011460120FFF738
S3150801EAC0D0FF0446FFF7A6FD204602B010BD10B5DB
S3150801EAD090F85D3004463BB9006BFFF77AFC204697
S3150801EAE0BDE81040FFF775BC012BF9D010BD2DE923
S3150801EAF0F8430D46DDE90994960032460746A521F5
S3150801EB00206B9846FBF709F9236B043E1E4426F051
S3150801EB1007066DB16B1E04F13302093513F8011F9F
S3150801EB2002F8011F09B1AB42F8D1002384F83D3040
S3150801EB30089D201D372D28BF3725E562A564FFF7F7
S3150801EB40C3FBC5F1380504F11800FFF7BDFB4346C1
S3150801EB503A463046216B2461A5616462FCF7B6FA30
S3150801EB602060B9F1000F01D0C9F80040BDE8F8836B
S3150801EB702DE9F043074685B0900088461646994622
S3150801EB80FFF71BFC0546F0B16020FFF716FC0446AB
S3150801EB90B0B160220021FBF7C0F80D9B25630193F4
S3150801EBA00C9B324641463846009302944B46FFF782
S3150801EBB09EFF2046FCF71AFD012005B0BDE8F0834B
S3150801EBC02846FFF706FC4FF0FF30F6E72DE9F0433C
S3150801EBD0174660220E46002187B005929846DDE960
S3150801EBE00F94059B0546059B0491C4B1B9F1000F25
S3150801EBF015D02046FBF791F8022384F85D3004AB63
S3150801EC00C4F8309001930E9B284600933A46434632
S3150801EC1031460294FFF76BFF2046FCF7E7FC0498A0
S3150801EC2007B0BDE8F08370B504460D461646A169DE
S3150801EC302B46324620462944FDF79AFA00B970BD9B
S3150801EC40A36920461D44236A9847F0E710B962B6BE
S3150801EC50BFF36F8F7047EFF3108072B6704780F37A
S3150801EC601188BFF36F8F7047EFF31180302383F359
S3150801EC701188704709B100F008B8222070470121B0
S3150801EC80FDF7DABC0021FDF7D7BC70B506460D467F
S3150801EC90FFF7EAFF0446202E56D8DFE806F0111AD8
S3150801ECA0551F222555282B552E55313455373A3DB2
S3150801ECB0554055435552555555465549554C4F009E
S3150801ECC0FCF7FCF8002628602046FFF7C8FF304607
S3150801ECD070BD4FF4C070E7F70FFAF3E74FF42070F1
S3150801ECE0F9E74FF44070F6E74FF46070F3E74FF435
S3150801ECF00070F0E74FF48060EDE74FF44060EAE713
S3150801ED004FF4C060E7E74FF4F060E4E74FF4B06012
S3150801ED10E1E74FF4D060DEE74FF41060DBE74FF42C
S3150801ED20E060D8E74FF4A060D5E74FF42860D2E752
S3150801ED304FF48070CFE74FF42060CCE74FF448607A
S3150801ED40C9E74FF40860C6E700202126BBE710B9DA
S3150801ED5062B6BFF36F8F70472DE9FF410D46164620
S3150801ED601F460446A8B14FF00008C0F81C80FEF7FC
S3150801ED70CDF8BDF82C30424602939DF82830294635
S3150801ED80CDE9007320463346FEF772F804B0BDE8B4
S3150801ED90F0812220FAE7F0B51F46002387B00D4619
S3150801EDA0164604468DF81730A8B1C3610DF117014F
S3150801EDB0FEF7DCF89DF817207AB9BDF834302946F4
S3150801EDC002939DF830302046CDE900733346FEF7AD
S3150801EDD04FF807B0F0BD2220FBE70320F9E738B565
S3150801EDE0FFF742FF0546FEF7E7F904462846FFF70F
S3150801EDF036FF204638BD00F021B800F030B810B50E
S3150801EE0004460020FDF7E0FB012C04D0022C05D1B5
S3150801EE10C0F3400010BD00F00100FBE70020F9E750
S3150801EE20704700210846FDF7D7BB00F001018307AB
S3150801EE3048BF41F002010020FDF7B4BB002008B528
S3150801EE40FDF7C2FB10F0080008D000200821FDF7E5
S3150801EE50B5FBBDE808400020FDF7E2BB08BD04216B
S3150801EE600020FDF7ABBB38B5FFF7FEFE04460020D0
S3150801EE70FDF7AAFB830700F0010548BF45F0020527
S3150801EE8000F003010020FDF799FB2846FEF700F97B
S3150801EE902046BDE83840FFF7E2BE02210120F7F718
S3150801EEA043BB000000000000000000000000000055
S3150801EEB00000000000000000000000000000000043
S3150801EEC0F8B500BFF8BC08BC9E467047F8B500BF48
S3150801EED0F8BC08BC9E4670475FF800F02187012000
S3150801EEE05FF800F07D8601200100000000000000A7
S3150801EEF002000000000000000100000001000000FF
S3150801EF0001040000000000000000000002030202E4
S3150801EF10020149444C4500546D725100546D7220EA
S3150801EF2053766300211B0101001E00000300000047
S3150801EF30A7790108A3790108817901084F790108A0
S3150801EF40DF790108B1790108517901082C0000001F
S3150801EF500202020300000003000000000000000096
S3150801EF600000000000000000070008000000000083
S3150801EF700000000000000001020405000000000076
S3150801EF800000000000000000063E2000556E6B6E72
S3150801EF906F776E206572726F7200496E7075742094
S3150801EFA06275666665722069732046554C4C004D3C
S3150801EFB06178696D756D206E756D626572206F6613
S3150801EFC020617267756D656E747320657863656512
S3150801EFD06465640054686520617267756D656E7451
S3150801EFE0206973206E6F7420666F726D6174746523
S3150801EFF06420636F72726563746C7900496E636F1E
S3150801F000727265637420617267756D656E742074BA
S3150801F01079706500496E636F7272656374206E75E7
S3150801F0206D626572206F6620617267756D656E74B3
S3150801F03073004E6F20636F6D6D616E6420666F7528
S3150801F0406E6400007EF101088CEF01088CEF01085F
S3150801F0508CEF01088CEF01088CEF01088CEF010891
S3150801F0608CEF01088CEF01088CEF01088CEF010881
S3150801F0708CEF01088CEF01088CEF01088CEF010871
S3150801F0808CEF01088CEF01088CEF01088CEF010861
S3150801F0908CEF01088CEF01088CEF01088CEF010851
S3150801F0A08CEF01088CEF01088CEF01088CEF010841
S3150801F0B08CEF01089AEF01088CEF0108AFEF010800
S3150801F0C08CEF01088CEF0108D4EF01088CEF0108D9
S3150801F0D08CEF01088CEF01088CEF0108FCEF0108A1
S3150801F0E08CEF01088CEF01088CEF01088CEF010801
S3150801F0F014F001088CEF010832F0010875696E7485
S3150801F10031360075696E743800756E6B6E6F776E81
S3150801F1100067726F75700077696C64636172640069
S3150801F1206865786F707400737472696E676F70744E
S3150801F1300075696E7433326F70740075696E743157
S3150801F140366F70740075696E74386F70740068650F
S3150801F1507800737472696E670075696E743332006C
S3150801F1602A005B005D20002E2E2E200068656C703B
S3150801F170000A25730A2573257300257320080025BF
S3150801F18073200000012600000400000000000000B2
S3150801F19000010000000000000B0000000C00000048
S3150801F1A0030000000000202000000000030000000A
S3150801F1B03C3C3C000000000000000000000000008C
S3150801F1C001031001010903001E0000001B000000D5
S3150801F1D0160000001A000000570000005600000043
S3150801F1E000800A5013000000C8F1010800000A5007
S3150801F1F00A000000D8F1010818F2010814F2010802
S3150801F2000000015B15000000DCF1010820F201088D
S3150801F2101CF20108010010000000100001000F0097
S3150801F22000000F000000002000100030050000005B
S3150801F2300000000000C201000002000000100000EA
S3150801F24000000000000000000000000005000000AA
S3150801F2500000000080250000800200000010000068
S3150801F2600000004000000000000000005258204441
S3150801F27061746120417661696C61626C6520466CD6
S3150801F28061670052656164204C6F636B0057726950
S3150801F2907465204C6F636B00010410007EF1010850
S3150801F2A0000000000000000000000000000000004F
S3150801F2B000100000370000000000000000000000F8
S3150801F2C0666E692B00666E69006E616E00666E6910
S3150801F2D02D00000000000000000000000000F03FC3
S3150801F2E00000000000002440000000000000594012
S3150801F2F00000000000408F40000000000088C34065
S3150801F30000000000006AF8400000000080842E41D9
S3150801F31000000000D01263410000000084D7974125
S3150801F3200000000065CDCD41380043000000000013
S3150801F33038F30108010000000000000070F8010818
S3150801F340000000006CF30108060000000000000040
S3150801F350005A620270F801080000000044F401082E
S3150801F3600300000000000000005A6202B0F4010820
S3150801F370809C2B8F80841E00000000002200FF7FE6
S3150801F380EC87012000000000E8FB010800000000EE
S3150801F390B0F40108809C2B8F80841E000000230096
S3150801F3A02300B600EC87012000000000E8FB0108F5
S3150801F3B000000000B0F40108809C2B8F80841E0099
S3150801F3C00000240024009D00EC87012000000000B5
S3150801F3D0E8FB010800000000B0F40108809C2B8FAF
S3150801F3E080841E000000250025007D00EC87012091
S3150801F3F000000000E8FB010800000000B0F4010865
S3150801F400809C2B8F80841E00000026002600530056
S3150801F410EC87012000000000E8FB0108000000005D
S3150801F420B0F40108809C2B8F80841E000000270001
S3150801F4302700FF7FEC87012000000000E8FB010898
S3150801F4400000000090F60108809C2B8F80841E0026
S3150801F450000000002500FF7FEC8701200000000066
S3150801F460ECFB01080000000090F60108809C2B8F38
S3150801F47080841E00000026002600B700EC870120C4
S3150801F48000000000ECFB01080000000090F60108EE
S3150801F490809C2B8F80841E000000270027008C008B
S3150801F4A0EC87012000000000ECFB010800000000C9
S3150801F4B0FC4F010340FB0108104001000141000017
S3150801F4C03C4001000000000048400100A00700037D
S3150801F4D050400100000000005C40010000000000EF
S3150801F4E008410100FF4C000054C0070051213000BB
S3150801F4F00F000EE62D0000000405060708000000AF
S3150801F500D1B60200600500004040070100005051D5
S3150801F5100000902110000000000000861FC0810035
S3150801F52000000020000000006440050100000040C2
S3150801F5307B02FE004008000002000000920008005D
S3150801F54088400F01D5032A00000000E000000000F2
S3150801F5500002050D1A2D3F50606869635746352527
S3150801F560150D090807060505040404030303030228
S3150801F5700202020201010101010101010101010168
S3150801F5801C41010100B0B18C38410701BC200AF0C9
S3150801F590B2555200055B98408E6E8294233C4852C0
S3150801F5A0893B4000C00300805C410101FFDD00008A
S3150801F5B068410701E853FA00000000400000000016
S3150801F5C0000000000000000000000000000000002C
S3150801F5D0D04103010000AAAAD000000004001200CD
S3150801F5E0E041130100000000FFAB000A5CF10F00C7
S3150801F5F0D341020095EDB100197BD80F1208B90461
S3150801F600EA1B6D1FC9B7C20A0B203B00430600005F
S3150801F6105962F300727E9600A73D1900D022F13B8C
S3150801F620000000A0000000004000000000000000EB
S3150801F6304C4201010800030468420101010000006F
S3150801F6403880010124461000A08002017078030069
S3150801F650FFC00200A8800111F0010000A880013155
S3150801F6600542CB01AC800111F0010000AC800131EB
S3150801F670050A0D00EC000112E00F0000EC00013252
S3150801F6800C2051118401010200000000FFFFFFFF59
S3150801F690FC4F010394FB01081040010001410000E1
S3150801F6A03C4001000000000048400100A00700039B
S3150801F6B050400100000000005C400100000000000D
S3150801F6C008410100FF4C000054C0070051113000E9
S3150801F6D00E0009E62D0000000405060708000000D3
S3150801F6E0D1B60200643500004040070100005051C0
S3150801F6F00000901110000000000000861FC0810064
S3150801F70000000020000000006440050100000040E0
S3150801F710FB04FF00400800000200000092000400FC
S3150801F72088400F01B6033B00000000E0000000001E
S3150801F7300002050D1C2F42536269686053402E1F53
S3150801F740110A08080808070605040303020202014C
S3150801F7500101010100000000000000000000000096
S3150801F7601C4101010060B18C38410701BC200AF037
S3150801F770FA625200055B98408E6E82941C78485254
S3150801F780893B4000C00300805C410101FFDD0000A8
S3150801F79068410701E853FA00000000400000000034
S3150801F7A0000000000000000000000000000000004A
S3150801F7B0D0410301000000AAD00000000400120095
S3150801F7C0E041130100000000FFAB000A5CF10F00E5
S3150801F7D0D341020095EDB100197BD80F1208B9047F
S3150801F7E0EA1B6D1FC9B7C20A0B203B00430600007E
S3150801F7F05962F300727E9600A73D1900D022F13BAB
S3150801F800000000A000000000380000000000000011
S3150801F8104C4201010800030468420101010000008D
S3150801F82038800101D7231000A080020170780300F7
S3150801F830D0000000A8800111F0010000A880013164
S3150801F8400542CB01AC800111F0010000AC80013109
S3150801F850053EFD00EC000112E00F0000EC0001324C
S3150801F8600C2051518401010200100000FFFFFFFF27
S3150801F8700C40010001810100204002000000000047
S3150801F88001000000304003000000000000000000F5
S3150801F8900000000040400200000000000040000097
S3150801F8A06040010001010000A840010007000000B6
S3150801F8B0BC40040000000000000000000000000039
S3150801F8C0000000000C410300FF4C0000FF4D000042
S3150801F8D0FF4D000020C0011000F8070020C00130CC
S3150801F8E0F502280124C00110FF00000024C00130E0
S3150801F8F00013000028C00800EC80B303437540518B
S3150801F900A00F00F800400000A8AA070000000000A8
S3150801F910000000000000000070C00900BA100000D5
S3150801F92000042000041880000B3C2001187C1002FA
S3150801F9302FFCE0067F000000000000000000000028
S3150801F940A8C00500BD4B721511A3180510325476CF
S3150801F950980A000000000000CCC004000100000065
S3150801F9600000000001000A0001002800080001014A
S3150801F9700807000018000101AAAAAA00200001012F
S3150801F9800060DA005C40020100000003000000206C
S3150801F9907840040129417671000000008C000C00B2
S3150801F9A000000000C440040100000000000000003F
S3150801F9B00000000000000000E04001010002000014
S3150801F9C010410201331E050000000000204102011A
S3150801F9D000000000FF0483072C410301FF06660CA3
S3150801F9E0FF0483078813FF03584101010000000043
S3150801F9F0644101010C010000844105010101000077
S3150801FA0000000000000000000000000000000000E7
S3150801FA10A44102010000000000000000B0410201FB
S3150801FA200000000058923EC0BC41030100000000DE
S3150801FA3000003C00666606002C420301601800407F
S3150801FA4000000000000000003C4201010000000027
S3150801FA504442010114000000804202010000000036
S3150801FA6081000000984205013F000002FFFF0000E7
S3150801FA70FFFF0000FF030000FFFF0000B442010181
S3150801FA800000000030430A0140002001A0000000E8
S3150801FA90085000011F1F1F1F1F1F1F1B18151311B9
S3150801FAA0100E0D0C45C1872F000000000000000054
S3150801FAB010800101030000003C80010101000000E3
S3150801FAC0B080020100030002370000019C00010218
S3150801FAD0000C0004D8000302050040AA88010000B2
S3150801FAE0C0000000F00001022B0100001001011204
S3150801FAF000FF0F001001013202000031500101120E
S3150801FB0000C0010050010132C100A20074010102C6
S3150801FB1069811B0C7801011200001C007801013271
S3150801FB201004E0CF8001011279070000800101323B
S3150801FB30020000008801010250000000FFFFFFFFDC
S3150801FB4014000000666666000000000074FC0108E7
S3150801FB5054FC010800000000000000000048E8010C
S3150801FB6080841E000101F8002446500200000000AE
S3150801FB70F0FB010800000000000000000000000082
S3150801FB807C841E0000000000000000000000000048
S3150801FB900000000014000000244992000000000043
S3150801FBA074FC010864FC0108000000000000000064
S3150801FBB00024F40040420F000101F800D723500346
S3150801FBC000000000F0FB0108000000000000000032
S3150801FBD0000000002B420F0000000000000000009A
S3150801FBE0000000000000000003080000030A0000EE
S3150801FBF002000000005A62020614000000B4C404A0
S3150801FC0007380000A008000000005809010407068B
S3150801FC10100A01040707C80A00040807800B000434
S3150801FC200808380C00040908610800000000C20829
S3150801FC3000000000C70901040403C409000000000C
S3150801FC402C0B01040404C40900000000920C0104F1
S3150801FC500504000050C30000761600007701000075
S3150801FC607701000050C30000F22B0000EE020000ED
S3150801FC70EE020000193F0106041001000001010609
S3150801FC8000102700000C0000000000000000000022
S3150801FC903CF3010854F3010801000000F487012030
S3150801FCA00000000000000100000000000000000044
S3150801FCB00000000000000000008000000080000035
S3150801FCC00080000000800000008000000080000025
S3150801FCD00180000001800000018000000180000011
S3150801FCE00180000001800000018000000180000001
S3150801FCF002800000028000000280000002800000ED
S3150801FD0003800000038000000480000004800000D6
S3150801FD100580000006800000088000000C800000B5
S3150801FD200F8000000A0000000C0000000D00000012
S3150801FD301000000012000000150000001900000064
S3150801FD401F00000027000000340000005465726D92
S3150801FD50696E616C00000000000000545452205284
S3150801FD60454747455300303132333435363738390C
S3150801FD70414243444546524620536F7572636500B6
S3150801FD8053656E736F7200556E6B6E6F776E0045B5
S3150801FD906E61626C65640044697361626C656400D6
S3150801FDA0424C4520314D62707300526164696F207F
S3150801FDB0436F6E666967757261746F720059657310
S3150801FDC0004E6F0057494C44434152442028616C08
S3150801FDD06C207065726D6974746564290046696C76
S3150801FDE0746572656400202877696C64636172645E
S3150801FDF029004661696C656420746F206765742003
S3150801FE00416D6269656E742053656E73696E67200C
S3150801FE10636F6E66696775726174696F6E0A00460B
S3150801FE2061696C656420746F2067657420416D6231
S3150801FE3069656E742053656E73696E6720737461A4
S3150801FE40746973746963730A00416D6269656E74D6
S3150801FE502053656E73696E672053797374656D20D7
S3150801FE60496E666F726D6174696F6E0A003D3D3D3C
S3150801FE703D3D3D3D3D3D3D3D3D3D3D3D3D3D3D3DA3
S3150801FE803D3D3D3D3D3D3D3D3D3D3D3D3D3D3D3D93
S3150801FE903D0A0A00496E666F3A0A0020204D43550D
S3150801FEA02049643A2020202020202030782530312E
S3150801FEB0366C6C580A002020416D6269656E7420A3
S3150801FEC053656E73696E672056657273696F6E3A0C
S3150801FED0202025752E25752E25750A002020416DB1
S3150801FEE06269656E742053656E73696E672056651F
S3150801FEF07273696F6E3A2020556E6B6E6F776E0A54
S3150801FF00000A526164696F20436F6E66696775728C
S3150801FF106174696F6E3A2028553D75736572206361
S3150801FF206F6E6669672C20433D63616C63756C610E
S3150801FF30746564290A0020202D2D2D2D2D2D2D2D9A
S3150801FF402D2D2D2D2D2D2D2D2D2D2D2D2D2D2D2DD2
S3150801FF502D2D2D2D2D2D2D2D2D2D2D2D2D2D2D2DC2
S3150801FF600A0020205B555D20526F6C653A202020DF
S3150801FF702020202020202020202020202020202072
S3150801FF802025730A0020205B555D204D756C746928
S3150801FF902D446576696365204D6F64653A20202096
S3150801FFA02020202025730A0020205B555D204D6501
S3150801FFB061737572656D656E7420506572696F64DB
S3150801FFC03A202020202020256C75206D6963726FE8
S3150801FFD07365636F6E64730A0020205B555D205359
S3150801FFE06C69702054696D653A20202020202020F4
S3150801FFF02020202020202020256C75206D69637221
S315080200006F7365636F6E64730A0020205B555D200B
S31508020010545820444D50205072696F726974793A67
S3150802002020202020202020202025752028303D68E9
S315080200306967686573742C203235353D6C6F776550
S315080200407374290A0020205B555D20525820444DBE
S3150802005050205072696F726974793A2020202020E4
S315080200602020202025752028303D68696768657339
S31508020070742C203235353D6C6F77657374290A0006
S315080200800A20204368616E6E656C20436F6E66694E
S315080200906775726174696F6E3A0A00202020205BC8
S315080200A0555D2050726F746F636F6C20696E64655C
S315080200B0783A202020202020202020202025750A7A
S315080200C000202020205B555D2053746172742063E2
S315080200D068616E6E656C3A20202020202020202040
S315080200E020202025750A00202020205B555D20450A
S315080200F06E64206368616E6E656C3A20202020204B
S3150802010020202020202020202025750A00202020BB
S31508020110205B435D204E756D626572206F662063B3
S3150802012068616E6E656C733A202020202020202597
S3150802013075206368616E6E656C730A000A2020502A
S31508020140485920436F6E66696775726174696F6E86
S315080201503A0A00202020205B435D2050485920425D
S31508020160697420526174653A2020202020202020BC
S315080201702020202020256C75206270730A0020201A
S3150802018020205B435D2046756C6C207061636B654D
S31508020190742074696D653A202020202020202020B2
S315080201A0256C75206D6963726F7365636F6E647310
S315080201B00A00202020205B555D2053796E63205764
S315080201C06F72643A20202020202020202020202020
S315080201D02020202030782530386C580A002020202C
S315080201E0205B555D204F76657273616D706C696E22
S315080201F06720726174653A2020202020202020255D
S31508020200750A00202020205B555D204275696C74B2
S315080202102D696E205048593A20202020202020207F
S31508020220202020202025730A00202020205B435D01
S3150802023020416C6C6F6361746564206D656D6F72C5
S31508020240793A202020202020202020256C75206243
S31508020250797465730A000A20205472616E736D6997
S315080202607373696F6E20436F6E6669677572617420
S31508020270696F6E3A0A00202020205B555D205041A6
S3150802028020506F7765723A202020202020202020D7
S3150802029020202020202020202564206464426D0A24
S315080202A0000A2020526563657074696F6E20436F79
S315080202B06E66696775726174696F6E3A0A00202004
S315080202C020205B555D20414743204D6F64653A20E7
S315080202D0202020202020202020202020202020200E
S315080202E025730A00202020205B555D2041474320C4
S315080202F04761696E20496E6465783A20202020207D
S3150802030020202020202025750A00202020205B5549
S315080203105D204175746F2D54756E652053616D703D
S315080203206C6520436F756E743A20202025750A0085
S31508020330202020205B555D204175746F2D54756E03
S3150802034065204761696E20496E6465783A202020E7
S31508020350202025750A00202020205B555D204C614F
S3150802036074657374204D656173204761696E20490F
S315080203706E6465783A20202025750A000A202056E0
S31508020380616C69646174696F6E20436F6E66696732
S3150802039075726174696F6E3A0A00202020205B55D7
S315080203A05D2056616C69646174696F6E20456E6181
S315080203B0626C65643A2020202020202020202573A4
S315080203C00A00202020205B555D2056616C69646115
S315080203D074696F6E20427974657320285458293AD5
S315080203E020202020202030782530325820307825C9
S315080203F0303258203078253032582030782530323D
S31508020400580A00202020205B555D2056616C6964DD
S315080204106174696F6E205461626C652053697A65EE
S315080204203A202020202020257520656E7472696581
S31508020430730A000A202052756E74696D652053741A
S3150802044061746973746963733A0A00202020205B19
S31508020450555D2056616C69646174696F6E205461DA
S31508020460626C6520285258293A202020202020250F
S31508020470730A0020202020202020205B25755D3A63
S315080204802030782530386C5825730A002020202021
S315080204905B435D204D6561737572656D656E74208B
S315080204A072756E6E696E673A2020202020202573A9
S315080204B00A00202020205B435D2054582073756370
S315080204C06365737320636F756E743A20202020204B
S315080204D020202020256C750A00202020205B435D01
S315080204E0205458206572726F7220636F756E74732A
S315080204F03A0A002020202020202020202041626F56
S31508020500727465643A202020202020202020202092
S315080205102020202020256C750A002020202020205B
S3150802052020202020426C6F636B65643A20202020CD
S31508020530202020202020202020202020256C750A1B
S315080205400020202020202020202020556E6465725D
S31508020550666C6F773A202020202020202020202039
S31508020560202020256C750A0020202020202020200B
S3150802057020204368616E6E656C20427573793A2055
S3150802058020202020202020202020256C750A0020EB
S315080205902020202020202020204D69737365643A8C
S315080205A0202020202020202020202020202020203B
S315080205B020256C750A0020202020202020202020BB
S315080205C05363686564756C6572204572726F723A18
S315080205D02020202020202020256C750A002020209B
S315080205E0202020202020204F746865723A2020207F
S315080205F020202020202020202020202020202025E6
S315080206006C750A00202020205B435D205258207317
S3150802061075636365737320636F756E743A20202061
S31508020620202020202020256C750A00202020205B0F
S31508020630435D205258206572726F7220636F756E21
S3150802064074733A0A00202020202020202020204FE0
S31508020650766572666C6F773A20202020202020204B
S3150802066020202020202020256C750A00202020200A
S315080206702020202020204672616D65204572726F07
S31508020680723A202020202020202020202020256C9D
S31508020690750A002020202020202020202054696D61
S315080206A0656F75743A2020202020202020202020E3
S315080206B02020202020256C750A00202020205B435C
S315080206C05D205258205045523A20202020202020D2
S315080206D0202020202020202020202020252E32669F
S315080206E025250A005374617274696E672073696EF0
S315080206F0676C65205458206F7065726174696F6EF5
S315080207000A004661696C656420746F2073746172AD
S31508020710742073696E676C652054580A00537461B5
S315080207207274696E672073696E676C652052582009
S315080207306F7065726174696F6E0A004661696C65ED
S315080207406420746F2073746172742073696E676CA7
S31508020750652052580A004661696C656420746F20E8
S3150802076073657420504120706F7765720A0053656D
S315080207707474696E6720504120706F7765722074B1
S315080207806F202564206464426D2028726561646264
S3150802079061636B206661696C6564290A0053657436
S315080207A074696E6720504120706F77657220746F86
S315080207B0202564206464426D0A00496E76616C697C
S315080207C06420726F6C652025752E2055736520305E
S315080207D020666F7220524620536F75726365206FCA
S315080207E072203120666F722053656E736F720A002B
S315080207F04661696C656420746F2073657420726F34
S315080208006C650A0053657474696E6720726F6C654D
S3150802081020746F2025732028726561646261636B98
S31508020820206661696C6564290A0053657474696E89
S315080208306720726F6C6520746F2025730A005374E3
S31508020840617274696E67206D6561737572656D652F
S315080208506E74206F7065726174696F6E0A005374E4
S315080208606F7070696E67206D6561737572656D6507
S315080208706E74206F7065726174696F6E0A005B44EC
S315080208804550524543415445445D205573652061A0
S3150802089073206167635F6D6F646520696E73746543
S315080208A061640A004661696C656420746F20736529
S315080208B0742041474320636F6E74726F6C0A00534B
S315080208C0657474696E6720414743206D6F646520BD
S315080208D0746F2025752028726561646261636B20D6
S315080208E06661696C6564290A0053657474696E6782
S315080208F020414743206D6F646520746F2025730A73
S31508020900004661696C656420746F20736574207390
S31508020910796E6320776F72640A0053657474696E20
S31508020920672073796E6320776F726420746F203044
S31508020930782530386C582028726561646261636B69
S31508020940206661696C6564290A0053657474696E68
S31508020950672073796E6320776F726420746F203014
S31508020960782530386C580A004661696C65642074CB
S315080209706F20736574206368616E6E656C207261A0
S315080209806E67650A0053657474696E6720636861E9
S315080209906E6E656C2072616E676520746F202575B0
S315080209A02D25752028726561646261636B20666114
S315080209B0696C6564290A0053657474696E672063F5
S315080209C068616E6E656C2072616E676520746F2051
S315080209D025752D25752028636C616D706564206602
S315080209E0726F6D20726571756573746564202575FD
S315080209F02D2575290A0053657474696E6720636824
S31508020A00616E6E656C2072616E676520746F202553
S31508020A10752D25750A004661696C656420746F2018
S31508020A20736574206F76657273616D706C696E6733
S31508020A3020726174650A0053657474696E67206F63
S31508020A4076657273616D706C696E67207261746522
S31508020A5020746F2025752028726561646261636B54
S31508020A60206661696C6564290A0053657474696E47
S31508020A7067206F76657273616D706C696E67207236
S31508020A8061746520746F2025750A004661696C6574
S31508020A906420746F207365742073656E64206672B1
S31508020AA0657175656E63790A0053657474696E6754
S31508020AB02073656E64206672657175656E6379204A
S31508020AC0746F20256C75206D6963726F7365636F29
S31508020AD06E64732028726561646261636B20666165
S31508020AE0696C6564290A0053657474696E672073B4
S31508020AF0656E64206672657175656E637920746FBA
S31508020B0020256C75206D6963726F7365636F6E64F9
S31508020B10730A004661696C656420746F2073657494
S31508020B2020736C69702074696D650A005365747464
S31508020B30696E6720736C69702074696D6520746FBD
S31508020B4020256C75206D6963726F7365636F6E64B9
S31508020B50732028726561646261636B206661696CE1
S31508020B606564290A0053657474696E6720736C6933
S31508020B70702074696D6520746F20256C75206D6907
S31508020B8063726F7365636F6E64730A004661696C9C
S31508020B90656420746F207365742070726F746F6356
S31508020BA06F6C20696E6465780A0053657474696EA1
S31508020BB0672070726F746F636F6C20696E646578F4
S31508020BC020746F2025752028726561646261636BE3
S31508020BD0206661696C6564290A0053657474696ED6
S31508020BE0672070726F746F636F6C20696E646578C4
S31508020BF020746F2025750A0064697361626C6564E6
S31508020C00004661696C656420746F2073657420768A
S31508020C10616C69646174696F6E20656E61626C6588
S31508020C20640A0053657474696E672076616C696438
S31508020C306174696F6E20746F20257320287265614E
S31508020C40646261636B206661696C6564290A005394
S31508020C50657474696E672076616C69646174696F1C
S31508020C606E20746F2025730A004661696C656420DC
S31508020C70746F207365742076616C69646174696F38
S31508020C806E2062797465730A0053657474696E67B7
S31508020C902076616C69646174696F6E206279746525
S31508020CA07320746F203078253032582030782530FA
S31508020CB0325820307825303258203078253032584C
S31508020CC02028726561646261636B206661696C657E
S31508020CD064290A0053657474696E672076616C69C3
S31508020CE0646174696F6E20627974657320746F200B
S31508020CF030782530325820307825303258203078EE
S31508020D0025303258203078253032580A00496E7616
S31508020D10616C696420696E6465782025752E204D9C
S31508020D2075737420626520302D25752E0A0056616A
S31508020D306C69646174696F6E207461626C65206E99
S31508020D406F7420616C6C6F63617465640A00466136
S31508020D50696C656420746F207365742076616C69AA
S31508020D60646174696F6E207461626C650A0053650A
S31508020D707474696E672076616C69646174696F6EF2
S31508020D80207461626C655B25755D20746F2030780E
S31508020D902530386C582028726561646261636B205D
S31508020DA06661696C6564290A0053657474696E67BD
S31508020DB02076616C69646174696F6E207461626C15
S31508020DC0655B25755D20746F2030782530386C5840
S31508020DD0202857494C4443415244202D20616C6CCB
S31508020DE0207065726D6974746564290A00536574A6
S31508020DF074696E672076616C69646174696F6E20C6
S31508020E007461626C655B25755D20746F2030782588
S31508020E1030386C580A00496E76616C6964207369C9
S31508020E207A652E204D757374206265206174206C74
S31508020E306561737420312E0A004661696C65642007
S31508020E40746F207365742076616C69646174696F66
S31508020E506E207461626C652073697A650A0053654F
S31508020E607474696E672076616C69646174696F6E01
S31508020E70207461626C652073697A6520746F202517
S31508020E807520656E7472696573202872656164627D
S31508020E9061636B206661696C6564290A005365742F
S31508020EA074696E672076616C69646174696F6E2015
S31508020EB07461626C652073697A6520746F20257582
S31508020EC020656E74726965730A004661696C6564A9
S31508020ED020746F20736574206D756C74692D646552
S31508020EE076696365206D6F64650A00536574746973
S31508020EF06E67206D756C74692D6465766963652005
S31508020F006D6F646520746F2025732028726561648D
S31508020F106261636B206661696C6564290A005365C0
S31508020F207474696E67206D756C74692D646576696B
S31508020F306365206D6F646520746F2025730A00450A
S31508020F4072726F723A206D6F6465206D75737420C4
S31508020F506265203020286175746F292C203120287B
S31508020F606175746F2D74756E65292C206F72203227
S31508020F7020286D616E75616C290A004661696C6587
S31508020F806420746F2073657420414743206D6F6433
S31508020F90650A00414743206D6F64652073657420B6
S31508020FA0746F2025730A004572726F723A20676160
S31508020FB0696E5F696E646578206D75737420626503
S31508020FC020302D33332028303D6D617820676169E2
S31508020FD06E2C2033333D6D696E206761696E290A6E
S31508020FE0004661696C656420746F207365742041DC
S31508020FF04743206761696E20696E6465780A004115
S315080210004743206761696E20696E64657820736557
S315080210107420746F20257520286D616E75616C20A9
S315080210206D6F6465290A004572726F723A207361A0
S315080210306D706C6520636F756E74206D75737420A0
S31508021040626520312D3230300A004661696C65646A
S3150802105020746F20736574206175746F2D74756EB4
S31508021060652073616D706C6520636F756E740A0016
S315080210704175746F2D74756E652073616D706C653C
S3150802108020636F756E742073657420746F202575DE
S315080210900A00496E76616C69642050485920736566
S315080210A06C656374696F6E2028302D31290A0046F3
S315080210B061696C656420746F207365742062756952
S315080210C06C742D696E205048590A00536574746908
S315080210D06E67205048592028726561646261636BA5
S315080210E0206661696C6564290A0053657474696EC1
S315080210F0672050485920746F2025730A0046616993
S315080211006C656420746F2073657420545820444DAE
S3150802111050207072696F726974790A005365747423
S31508021120696E6720545820444D50207072696F7258
S3150802113069747920746F2025752028726561646246
S3150802114061636B206661696C6564290A005365747C
S3150802115074696E6720545820444D50207072696F26
S315080211607269747920746F2025752028303D686964
S3150802117067686573742C203235353D6C6F776573F5
S3150802118074290A004661696C656420746F20736568
S315080211907420525820444D50207072696F726974D7
S315080211A0790A0053657474696E6720525820444D53
S315080211B050207072696F7269747920746F20257570
S315080211C02028726561646261636B206661696C6579
S315080211D064290A0053657474696E6720525820445C
S315080211E04D50207072696F7269747920746F202568
S315080211F0752028303D686967686573742C20323516
S31508021200353D6C6F77657374290A004175746F00F2
S315080212104175746F2D54756E65004D616E75616CFE
S31508021220000000000B120208101202081A12020825
S3150802123061735F6C697374656E65720030120208B9
S31508021240000000000000000000000000000000008E
S31508021250000800001800000000000000000000005E
S315080212609C12020800000000781202080100000021
S3150802127000000000005A620200000000809C2B8FCA
S3150802128040420F00000000004E00FF7F0C8801203C
S31508021290000000004C170208000000000C40020083
S315080212A00000000000400000204002000F0000007D
S315080212B000000000304007000000000000000000A7
S315080212C000000000000000000000000000400000CE
S315080212D00007000350400100000000005C400200C5
S315080212E00000000000000000A840010007000000FE
S315080212F0BC400400000000000000000000000000DE
S315080213000000000008410400FF4C00000000000035
S31508021310FF4D00000000000020C0011000F8070081
S3150802132020C00130FE01280124C00110FF00000080
S3150802133024C001300013000028C00800EC80B30363
S3150802134043754051A00F00F800400000A8AA070004
S3150802135000000000000000000000000054C0100059
S3150802136051213000120011E6360000000A0E0F1055
S315080213701100000088C6020020050000BA1000000D
S3150802138000042000041880000B3C2001187C10027F
S315080213902FFCE0067F0000000000000000000000AD
S315080213A0A8C00500BD4B721511A318051032547654
S315080213B0980A000000000000CCC0040001000000EA
S315080213C00000000001000A000100280008000101CF
S315080213D04407000018000101000000002000010176
S315080213E001A00000404025010000407000000000F6
S315080213F010000000000000040FC082000000002058
S3150802140000000000000000030000002000000000A9
S31508021410FB04FF00400C0000080000001200140044
S315080214206FB10000000000007C0E00000000000002
S31508021430DF032A000000046200000000040A1422E6
S3150802144032414A4F00000000000000000000000080
S31508021450000000000000000000000000000000007C
S31508021460000000000000000000000000000000006C
S31508021470000000000000000000000000E04001013A
S315080214800002000010410201331E050000000000A0
S315080214901C41030100102C8C00000000FF04830786
S315080214A02C410A01FF06660CFF0483078813FF0313
S315080214B0BC200AF0F66751000365A540008DF65573
S315080214C0A531A842893B4000C00300805841020169
S315080214D000000000FFFD000064410D010C01000040
S315080214E0E853FA0000000040000000000000000077
S315080214F000000000000000000000000001010000DA
S3150802150000000000000000000000000000000000CB
S31508021510A44102010000000000000000B0410201DF
S3150802152000000000E09537C0BC410301000000003E
S3150802153000003C0066660600D04103015555555524
S31508021540E6016E800600AA00E041160100000000CE
S3150802155011E0DF354EA62E003E071200F593120063
S31508021560B93AD00D69BE3C0462254B2E11E0DF352F
S315080215704EA62E003E071200F5931200B93AD00D78
S3150802158069BE3C0462254B2E000000800000000064
S315080215904000000000000000601800400000000043
S315080215A0000000003C420101000000004442010123
S315080215B0140000004C4201010800050468420101BA
S315080215C000000000804202010000000081000000C5
S315080215D0984205013F000002FFFF0000FFFF0000DE
S315080215E0FF030000FFFF0000B442010100000000F3
S315080215F030430A0140002001A00000000850000103
S315080216001F1F1F1F1F1F1F1B18151311100E0D0C4E
S3150802161045C1872F0000000000000000108001016C
S315080216200300000038800201513810000100000052
S31508021630A080020170780300D5C00000A8800111BD
S31508021640F0010000A88001310542CB01AC800111EE
S31508021650F0010000AC80013105228D00B080020144
S3150802166000030002370000019C000102000C00047E
S31508021670D8000302050040AA88010000C000000045
S31508021680EC000112E00F0000EC0001320C205111AF
S31508021690F00001022B0100001001011200FF0F00E9
S315080216A010010132020000315001011200C001008E
S315080216B050010132C100A2007401010269811B0CAA
S315080216C07801011200001C00780101321004E0CFF3
S315080216D08001011279070000800101320200000030
S315080216E0840102020000000050000000FC4F0103C2
S315080216F0F8160208FFFFFFFF1400000044444400E6
S3150802170000000000C4170208B4170208000000000F
S31508021710000000000051250240420F000101F800B6
S31508021720513810020000000050170208000000009D
S3150802173000000000000000002F420F000000000019
S315080217400000000000000000080000000000000081
S3150802175002000000005A62020614000000B4C40423
S3150802176007380000A008000000005809010407060F
S31508021770100A01040707C80A00040807800B0004B8
S315080217800808380C00040908610800000000C208AD
S3150802179000000000C70901040403C4090000000090
S315080217A02C0B01040404C40900000000920C010475
S315080217B005040000970D0000970D0000E8030000DD
S315080217C000000000193F010604100100000101068D
S315080217D000102700000C00000000000000006169EC
S315080217E05F73656E73696E675F7365745F7468723B
S315080217F06573686F6C64730061695F73656E73699C
S315080218006E675F6765745F63757272656E745F741F
S3150802181068726573686F6C64730061695F73656E7D
S3150802182073696E675F7365745F6D6F74696F6E5FF8
S3150802183069646C655F74696D650061695F73656E7D
S3150802184073696E675F6765745F6D6F74696F6E5FE4
S3150802185069646C655F74696D650061695F73656E5D
S3150802186073696E675F6765745F726F6C650061693D
S315080218705F73656E73696E675F6765745F6D6F74B4
S31508021880696F6E5F70657263656E74616765006124
S31508021890695F73656E73696E675F73746172745F8D
S315080218A06175746F74756E650061695F73656E73D1
S315080218B0696E675F656E61626C655F6175746F5F9D
S315080218C07468726573686F6C64730061695F7365C7
S315080218D06E73696E675F6175746F5F74687265733C
S315080218E0686F6C64735F7374617475730061695FA2
S315080218F073656E73696E675F73746172745F6D6F19
S3150802190074696F6E5F646574656374696F6E00618E
S31508021910695F73656E73696E675F73746F705F6D07
S315080219206F74696F6E5F646574656374696F6E0060
S3150802193061695F73656E73696E675F6765745F7306
S3150802194074617475730061695F73656E73696E6736
S315080219505F6765745F534C525F6D65617375726537
S315080219606D656E745F706572696F640061695F7335
S31508021970656E73696E675F6765745F534C525F661F
S315080219807265715F6368616E6E656C730061730080
S31508021990416D6269656E742053656E73696E672060
S315080219A0636F6D6D616E647300696E666F0073694D
S315080219B06E676C655F7478007374780073696E6716
S315080219C06C655F7278007372780073746172740062
S315080219D0736D0073746F70007374006368616E6E62
S315080219E0656C006368006F76657273616D706C6909
S315080219F06E67006F73720073796E635F776F7264D6
S31508021A00007377006672657175656E637900667232
S31508021A10657100736C69705F74696D6500736C69D2
S31508021A20700070726F746F636F6C0070726F746F90
S31508021A30007061006167635F636F6E74726F6C003A
S31508021A40616763630076616C69646174696F6E00CD
S31508021A5076616C0076616C5F627974657300766292
S31508021A600076616C5F7461626C65007674007661FB
S31508021A706C5F7461626C655F73697A65007674730C
S31508021A80006D756C74695F646576696365006D647B
S31508021A90006167635F6D6F6465006167636D00610E
S31508021AA067635F6761696E006167636700616763A1
S31508021AB05F74756E6500616763740070687900709B
S31508021AC0680074785F646D70007478640072785F79
S31508021AD0646D70007278640053657420525820440D
S31508021AE04D50207363686564756C657220707269FF
S31508021AF06F726974792028303D68696768657374FE
S31508021B002C203235353D6C6F77657374290052582F
S31508021B1020444D50207072696F726974792028309A
S31508021B202D323535291F0053657420545820444DEB
S31508021B3050207363686564756C6572207072696F8C
S31508021B40726974792028303D686967686573742CF0
S31508021B50203235353D6C6F776573742900545820E9
S31508021B60444D50207072696F726974792028302D3D
S31508021B70323535291F005365742050485920736F32
S31508021B8075726365202830202D20726164696F2082
S31508021B90636F6E666967757261746F722C20312085
S31508021BA02D20424C4520314D627073290050485908
S31508021BB02073656C656374696F6E202830202D204A
S31508021BC0726164696F20636F6E66696775726174A4
S31508021BD06F722C2031202D20424C4520314D6270E7
S31508021BE073291F00536574206E756D626572206FC6
S31508021BF066204147432073616D706C657320666F7A
S31508021C0072206175746F2D74756E65206D6F6465CB
S31508021C10004E756D626572206F662073616D706C19
S31508021C2065732028312D323030291F005365742000
S31508021C306D616E75616C20414743206761696E204C
S31508021C40696E646578202873657473206D6F6465A0
S31508021C5020746F206D616E75616C2900546172671C
S31508021C606574206761696E20696E6465782028301C
S31508021C703D6D6178206761696E2C2033333D6D694D
S31508021C806E206761696E2C206561636820737465CE
S31508021C9070207E326442291F0053657420414743EF
S31508021CA0206F7065726174696E67206D6F64650076
S31508021CB0414743206D6F64652028303D6175746F16
S31508021CC02C20313D6175746F2D74756E652C20322A
S31508021CD03D6D616E75616C291F00536574206D75C3
S31508021CE06C74692D646576696365206D6F64650039
S31508021CF04D756C74692D646576696365206D6F64CC
S31508021D0065202830202D2064697361626C65642C15
S31508021D102031202D20656E61626C6564291F00538F
S31508021D206574207468652076616C69646174696F8C
S31508021D306E207461626C652073697A6520286E75F7
S31508021D406D626572206F6620656E747269657329A5
S31508021D50004E756D626572206F6620656E747269D3
S31508021D60657320696E207468652076616C696461A2
S31508021D7074696F6E207461626C651F005365742006
S31508021D807468652076616C69646174696F6E207423
S31508021D9061626C6520656E74727920285258290032
S31508021DA05461626C6520696E6465782028302D73EB
S31508021DB0697A652D312C2073697A652069732063E7
S31508021DC06F6E666967757261626C65291F56616C0A
S31508021DD069646174696F6E2076616C756520283056
S31508021DE078464646464646464620666F72207769D4
S31508021DF06C6463617264291F005365742074686594
S31508021E002076616C69646174696F6E2062797465A3
S31508021E107320285458290056616C69646174696F85
S31508021E206E206279746520301F56616C696461742C
S31508021E30696F6E206279746520311F56616C696418
S31508021E406174696F6E206279746520321F56616CFF
S31508021E5069646174696F6E206279746520331F0044
S31508021E605365742076616C69646174696F6E206566
S31508021E706E61626C65640056616C69646174696F4F
S31508021E806E20656E61626C6564202830202D2064A0
S31508021E90697361626C65642C2031202D20656E6140
S31508021EA0626C6564291F005B4445505245434154A0
S31508021EB045445D205365742041474320636F6E7421
S31508021EC0726F6C2028303D6D616E75616C2C203105
S31508021ED03D6175746F292E2055736520276173201D
S31508021EE06167635F6D6F64652720696E73746561E8
S31508021EF0642E0041474320636F6E74726F6C20280C
S31508021F0030202D206D616E75616C2C2031202D20BC
S31508021F106175746F291F0053657420746865207093
S31508021F206F77657220616D706C6966696572207378
S31508021F30657474696E6720696E20646563692D64C9
S31508021F40426D00506F77657220616D706C696669C3
S31508021F5065722073657474696E6720696E2064659C
S31508021F6063692D64426D1F00536574207468652089
S31508021F7064657669636520726F6C65004465766987
S31508021F80636520726F6C65202830202D205246200A
S31508021F90736F757263652C2031202D2073656E73FD
S31508021FA06F72291F00536574207468652070726FFA
S31508021FB0746F636F6C20696E6465780050726F7413
S31508021FC06F636F6C20696E6465781F0053657420B1
S31508021FD074686520736C69702074696D6520696E12
S31508021FE0206D6963726F7365636F6E647320666FC3
S31508021FF07220444D50207363686564756C6572205F
S31508022000616E642052582077696E646F77206D611D
S315080220107267696E00536C69702074696D65206910
S315080220206E206D6963726F7365636F6E64731F00EA
S31508022030536574207468652073656E6420667265DC
S315080220407175656E637920696E206D6963726F7347
S3150802205065636F6E647320286D6561737572656D4D
S31508022060656E7420706572696F642074696D65297E
S315080220700053656E64206672657175656E637920B4
S31508022080696E206D6963726F7365636F6E64731F21
S3150802209000536574207468652073796E6320776FC0
S315080220A07264005468652073796E6320776F726470
S315080220B02028342062797465732C20652E672E2CAD
S315080220C02030783030303042313646291F00536589
S315080220D07420746865206F76657273616D706C69B9
S315080220E06E672072617465202864656D6F64756C0D
S315080220F061746F72206F76657273616D706C696E4A
S3150802210067207261746529004F76657273616D7016
S315080221106C696E6720726174651F0053657420745A
S315080221206865206368616E6E656C2072616E6765AC
S315080221302028737461727420616E642073746F70E0
S31508022140206368616E6E656C7329005374617274DC
S31508022150206368616E6E656C1F53746F70206368C6
S31508022160616E6E656C1F0053746F7020746865200B
S315080221706D6561737572656D656E7400537461720F
S315080221807420746865206D6561737572656D656E18
S31508022190740053746172742073696E676C65205299
S315080221A058206F7065726174696F6E00537461723C
S315080221B0742073696E676C65205458206F70657257
S315080221C06174696F6E005072696E74207468652056
S315080221D0416D6269656E742053656E73696E672018
S315080221E0696E666F726D6174696F6E0047657420F9
S315080221F0534C52206672657175656E637920616EFD
S3150802220064206368616E6E656C20636F6E666967CB
S3150802221075726174696F6E0047657420534C52205B
S315080222206D6561737572656D656E74207065726928
S315080222306F6420286D6963726F7365636F6E64736A
S3150802224029004765742063757272656E7420414968
S315080222502073656E73696E672072756E74696D6533
S31508022260207374617475730053746F70206D6F7484
S31508022270696F6E20646574656374696F6E2028726F
S31508022280756E74696D65206F6E6C79290053746179
S315080222907274206D6F74696F6E20646574656374F9
S315080222A0696F6E202872756E74696D65206F6E6C23
S315080222B0792900476574206175746F74756E652097
S315080222C06F6E20737461727475702073746174759D
S315080222D0732028303D64697361626C65642C203111
S315080222E03D656E61626C65642900456E61626C6566
S315080222F0206F722064697361626C65206175746F00
S3150802230074756E65206F6E207374617274757020B1
S3150802231028303D64697361626C65642C20313D65C1
S315080223206E61626C65642900656E61626C65641F24
S31508022330005374617274206175746F74756E6520CA
S3150802234063616C6962726174696F6E0047657420B5
S315080223507468652063757272656E74206D6F746930
S315080223606F6E20646574656374696F6E207065723A
S3150802237063656E74616765004765742074686520D5
S3150802238063757272656E7420726F6C650047657448
S31508022390207468652062756C62206F6666207469AF
S315080223A06D656F757400536574207468652062756F
S315080223B06C62206F66662074696D656F7574005469
S315080223C0696D656F757420696E206D696C6C6973C9
S315080223D065636F6E64731F004765742074686520B1
S315080223E06D6F76656D656E74207468726573686F55
S315080223F06C642070657263656E7461676500536507
S3150802240074206D6F76656D656E7420746872657377
S31508022410686F6C6420286175746F2D63616C6375CF
S315080224206C61746573206D6F74696F6E207468725F
S315080224306573686F6C647329005573616765202D2F
S315080224402061695F73656E73696E675F7365745F32
S315080224507468726573686F6C6473203C6D6F766519
S315080224606D656E745F70657263656E746167653EED
S315080224701F000000DE170208182A020800000000E2
S31508022480F8170208082A0208000000001A180208AB
S31508022490F8290208000000003A180208E82902088A
S315080224A0000000005A180208D82902080000000095
S315080224B06E180208C8290208000000008F180208D0
S315080224C0B829020800000000A9180208A82902086B
S315080224D000000000CB180208982902080000000034
S315080224E0ED18020888290208000000000F190208E0
S315080224F07829020800000000301902086829020833
S3150802250000000000461902085829020800000000C7
S315080225106C19020848290208000000008D190208F1
S315080225204025020800000000321A02084025020867
S31508022530010000000000000000000000000000008A
S3150802254050250208901902087EF10108FE000000D3
S31508022550A91902083829020800000000C7F2010872
S315080225603829020801000000AE19020828290208C3
S3150802257000000000B8190208282902080100000014
S31508022580BC1902081829020800000000C619020828
S315080225901829020801000000CA19020808290208B7
S315080225A000000000D01902080829020801000000EC
S315080225B0D3190208F828020800000000D8190208F0
S315080225C0F828020801000000DB190208E8280208B8
S315080225D000000000E3190208E828020801000000CA
S315080225E0E6190208D828020800000000F3190208B2
S315080225F0D828020801000000F7190208C8280208AC
S3150802260000000000011A0208C8280208010000009A
S31508022610041A0208B8280208000000000E1A020866
S31508022620B828020801000000131A0208A82802089E
S31508022630000000001D1A0208A8280208010000006E
S31508022640221A020898280208000000002B1A02081B
S315080226509828020801000000771F02088828020845
S31508022660000000003A120208882802080100000049
S31508022670311A02087828020800000000201A020807
S315080226807828020801000000341A0208682802089D
S3150802269000000000401A020868280208010000002B
S315080226A0451A02085828020800000000501A0208B3
S315080226B05828020801000000541A02084428020891
S315080226C0000000005E1A0208442802080100000001
S315080226D0611A020834280208000000006B1A020870
S315080226E034280208010000006E1A0208242802088B
S315080226F0000000007D1A02082428020801000000D2
S31508022700811A020814280208000000008E1A02081C
S315080227101428020801000000911A02080428020877
S31508022720000000009A1A02080428020801000000A4
S315080227309F1A0208F427020800000000A81A0208D5
S31508022740F427020801000000AD1A0208E42702086D
S3150802275000000000B61A0208E42702080100000079
S31508022760BB1A0208D427020800000000BF1A020892
S31508022770D427020801000000C21A0208C427020868
S3150802278000000000C91A0208C42702080100000056
S31508022790CD1A0208B427020800000000D41A02085B
S315080227A0B427020801000000000000000000000033
S315080227B00000000045B20008D81A02080E1B0208DB
S315080227C000FF0000E5B10008271B02085D1B02088E
S315080227D000FF000065B10008761B0208AD1B02085F
S315080227E000FF000009B10008E41B0208111C0208D8
S315080227F000FF0000ADB000082C1C02085C1C020891
S3150802280000FF000041B00008991C0208B01C02082B
S3150802281000FF0000BDAF0008DA1C0208F01C02081F
S3150802282000FF000051AF00081F1D0208511D0208D3
S3150802283000FF0000A5AE00087C1D0208A01D0208C4
S315080228400002FF0019AE0008F91D0208171E020849
S3150802285000000000FF00000099AD0008601E020893
S31508022860771E020800FF0000BDAA0008A71E02087C
S31508022870F31E020800FF0000A5A90008171F020898
S31508022880431F020804FF000005AA0008681F020881
S315080228907C1F020800FF00003DAD0008A51F0208C4
S315080228A0BC1F020800FF0000E1AC0008CC1F0208AA
S315080228B01520020802FF000085AC00083020020835
S315080228C07120020802FF000041AB000891200208AD
S315080228D0A320020802FF000029AC0008CE20020845
S315080228E00821020800FF00009DAB00081B21020810
S315080228F04B2102080101FF00A9AA00086721020864
S315080229007EF10108FF00000095AA00087C21020852
S315080229107EF10108FF00000081A900089221020841
S315080229207EF10108FF0000005DA90008AC2102083B
S315080229307EF10108FF00000051A50008C621020821
S315080229407EF10108FF000000619B0108EC210208E4
S315080229507EF10108FF0000005D9B010818220208AB
S315080229607EF10108FF000000599B01084222020875
S315080229707EF10108FF000000559B01086822020843
S315080229807EF10108FF000000519B01088D22020812
S315080229907EF10108FF0000002D9B0108B322020800
S315080229A07EF10108FF0000001F9B0108EA220208C7
S315080229B02823020802FF0000199B01083123020896
S315080229C07EF10108FF0000003F9B01084C23020824
S315080229D07EF10108FF000000099B0108782302081E
S315080229E07EF10108FF000000F79A01088D2302080C
S315080229F07EF10108FF000000E99A0108A6230208F1
S31508022A00BF23020802FF0000D79A0108D82302084A
S31508022A107EF10108FF000000C39A0108FE2302089E
S31508022A203924020802FF434C4920696E7374616EA9
S31508022A306365206578616D706C650076636F6D00FD
S31508022A4000F201080000000000C2010000020300B3
S31508022A50DCF1010800000500060008000700000076
S31508022A60378A012065400008FB7001081F710108BA
S31508022A70437101085D7101083A8A01206540000820
S31508022A80FB7001081F710108437101085D71010895
S31508022A90456E64206D6561737572656D656E743A0F
S31508022AA0203078256C780A005374617274206D653B
S31508022AB061737572656D656E743A203078256C7827
S31508022AC00A005345540047455400554E4B4E4F573E
S31508022AD04E00436F6E66696775726174696F6E2020
S31508022AE0272573273A203078256C780A00427572B2
S31508022AF07374207761746368646F672061726D65A9
S31508022B00642028636F756E7465723D256C75290A93
S31508022B10004E6F2062757273747320666F72202579
S31508022B2075206379636C65732E20547269676765CD
S31508022B3072696E672066616C6C6261636B2E2E2EFB
S31508022B400A004E6F20627572737420646574656339
S31508022B507465642E2046616C6C6261636B206166E3
S31508022B6074657220256C75206D69737365642063BC
S31508022B7079636C65732E2E2E0A00456E64205458AE
S31508022B802073776565703A20535543434553530A74
S31508022B9000456E642054582073776565703A204262
S31508022BA04C4F434B4544202873746F7070656420FC
S31508022BB062792075736572290A00456E6420545835
S31508022BC02073776565703A204641494C454420286A
S31508022BD07374617475733D3078256C782C2065762C
S31508022BE0656E74733D30782530386C6C78290A0026
S31508022BF0454E41424C45440044495341424C4544A2
S31508022C0000576972656C6573732053656E73652028
S31508022C106170706C69636174696F6E207374617236
S31508022C207465640A004368616E6E656C446174611A
S31508022C30004661696C656420746F2073657420634D
S31508022C406F6E66696775726174696F6E3A2030785D
S31508022C50253034580A004661696C656420746F2011
S31508022C607265676973746572206576656E7420632A
S31508022C70616C6C6261636B733A2030782530345824
S31508022C800A0062757273745F6D6F6E0057697265BA
S31508022C906C6573732053656E7365206170706C6919
S31508022CA0636174696F6E20696E697469616C697AA9
S31508022CB065640A004661696C656420746F207374E2
S31508022CC0617274206D6561737572656D656E743AAD
S31508022CD0203078253034580A004149204D6F7665F0
S31508022CE06D656E742053656E73696E673A20257337
S31508022CF00A004D6F74696F6E2073656E73696E672D
S31508022D0020737461727465640A004D6F74696F6E1C
S31508022D102073656E73696E672073746F707065646D
S31508022D200A004D4F54494F4E3A20464153540A0021
S31508022D304D4F54494F4E3A20534C4F570A004D6F48
S31508022D4076656D656E742053636F72653D256C7585
S31508022D5025250A005475726E696E67206F6E2042C9
S31508022D60756C620A0069735F62756C625F6F6E20CA
S31508022D703A2025640A004D4F54494F4E3A204E4F89
S31508022D804E450A005475726E696E67206F66662034
S31508022D9042756C620A005B4155544F54554E455D67
S31508022DA02062756C62206C6F676963207265736551
S31508022DB0740A004D6F74696F6E2073656E73696E5F
S31508022DC067206661696C65640A00000069B70008D5
S31508022DD03DB7000825B6000801B60008E1B50008A7
S31508022DE000202020202020202020282828282820CB
S31508022DF020202020202020202020202020202020C3
S31508022E00208810101010101010101010101010102A
S31508022E10100404040404040404040410101010101A
S31508022E2010104141414141410101010101010101E4
S31508022E300101010101010101010101011010101036
S31508022E4010104242424242420202020202020202B6
S31508022E50020202020202020202020202101010100A
S31508022E602000000000000000000000000000000032
S31508022E700000000000000000000000000000000042
S31508022E800000000000000000000000000000000032
S31508022E900000000000000000000000000000000022
S31508022EA00000000000000000000000000000000012
S31508022EB00000000000000000000000000000000002
S31508022EC000000000000000000000000000000000F2
S31508022ED000000000000000000000000000000000E2
S31508022EE0006E756D5F6368616E5F696E6320256447
S31508022EF0206E756D5F6368616E5F696E635F32200F
S31508022F002564206E756D5F6368616E5F6465632014
S31508022F102564206E756D5F6368616E5F6465635FC5
S31508022F20322025640A005B4155544F54554E455D7F
S31508022F3020696E697420646F6E652C20636F6C6CF1
S31508022F40656374696F6E20737461727465640A00CE
S31508022F50565F312E362E31204E6F766153656E736B
S31508022F60650046572056657273696F6E3A20257357
S31508022F700A00554E535441424C4500494E53554654
S31508022F8046494349454E545F44415441005B4155C5
S31508022F90544F2D54554E455D204E6F2073616D700A
S31508022FA06C657320636F6C6C656374656420647505
S31508022FB072696E672063616C6962726174696F6EA9
S31508022FC02077696E646F770A005B4155544F2D541A
S31508022FD0554E455D20496E73756666696369656E09
S31508022FE0742073616D706C65732028256C75203C9E
S31508022FF0202564290A005B4155544F2D54554E45E8
S315080230005D20436F6C6C656374656420256C75205E
S3150802301073616D706C65730A005B4155544F545564
S315080230204E455D5B5350494B455D204552524F52C2
S315080230303A20496E73756666696369656E742073AC
S31508023040616D706C65732061667465722066696C61
S31508023050746572696E672028256C75203C20256484
S31508023060290A005B4155544F54554E455D2041622D
S315080230706F7274696E672063616C696272617469E2
S315080230806F6E3A20696E73756666696369656E74F2
S315080230902073616D706C6573206166746572207346
S315080230A070696B652066696C7465720A0020205324
S315080230B074617475733A2020202020202020494EFE
S315080230C056414C494420286E6F20534E5220646163
S315080230D07461290A0020205374617475733A20209A
S315080230E0202020202020494E56414C494420286E53
S315080230F06F6E2D66696E697465206D657472696393
S3150802310073290A00202041646A7573746D656E74AA
S3150802311020736B697070656420286E6F6E2D666900
S315080231206E697465290A00202041646A7573746D94
S31508023130656E743A202020204E4F4E45202873741F
S3150802314061626C6520534E52290A004661696C65B4
S315080231506420746F2073617665206F6E65206F72C6
S31508023160206D6F7265207468726573686F6C64731C
S3150802317020746F204E564D0A005B4155544F5455E4
S315080231804E455D205374617475733A20256420E2B6
S31508023190809420726573756D696E67206E6F726DA5
S315080231A0616C206D6F74696F6E2070726F636573E0
S315080231B073696E670A000A5B4155544F2D54554E82
S315080231C0455D2043616C6962726174696F6E206342
S315080231D06F6D706C6574656420737563636573736C
S315080231E066756C6C7920616E6420746872657368A2
S315080231F06F6C64732073617665640A005B4155548B
S315080232004F54554E455D20537461727465642E2081
S315080232105468726573686F6C6420666F726365645E
S3150802322020746F20252E3166252520666F7220634D
S315080232306F6C6C656374696F6E0A005B4155544F17
S3150802324054554E455D20537461727465642E20543C
S3150802325068726573686F6C6420666F726365642052
S31508023260746F202564252520666F7220636F6C6C47
S31508023270656374696F6E0A000A5B4155544F54556B
S315080232804E455D20436F6C6C656374696F6E20638F
S315080232906F6D706C6574652028256C752073616D79
S315080232A0706C6573292E205374617274696E672077
S315080232B063616C6962726174696F6E2E2E2E0A00E2
S315080232C05B4155544F54554E455D20636F6C6C6592
S315080232D06374656420256C752073616D706C657303
S315080232E00A005B4155544F54554E455D205761724D
S315080232F06D2D757020636F6D706C6574652C207307
S3150802330074617274696E6720636F6C6C6563746945
S315080233106F6E0A005B4155544F54554E455D205316
S3150802332074617274696E6720636F6C6C6563746925
S315080233306F6E20696D6D6564696174656C792028A4
S315080233406E6F207761726D7570290A003D3D3D20CA
S31508023350427572737420436F756E74203D20256C16
S3150802336075203D3D3D0A0043683D25752C20493DA3
S3150802337025642C20513D25642C20416D706C3D2519
S31508023380640A00496E76616C6964206D6F76656DB4
S31508023390656E74207468726573686F6C643A20256A
S315080233A02E3166202876616C69642072616E6765C3
S315080233B03A203E33302E3020616E64203C3D313057
S315080233C0302E30290A005468726573686F6C64730C
S315080233D0206E6F7420757064617465642E20526560
S315080233E07461696E696E672070726576696F757346
S315080233F020636F6E66696775726174696F6E2E0AED
S31508023400004E564D20757064617465206661696C5C
S3150802341065643A206F6E65206F72206D6F72652043
S315080234207468726573686F6C6420706172616D6529
S31508023430746572732077657265206E6F7420736186
S315080234407665640A005468726573686F6C647320E3
S31508023450757064617465643A206D6F76656D656E24
S31508023460743D252E31662C20666173743D256C7574
S315080234702C2063685F666173743D256C752C207316
S315080234806C6F773D256C752C2063685F736C6F775C
S315080234903D256C750A0043757272656E74206D6FF0
S315080234A076656D656E74207468726573686F6C6490
S315080234B020697320252E316625250A00496E766114
S315080234C06C69642076616C75652E2054696D656F2A
S315080234D07574206D757374206265203E2030206DE8
S315080234E0730A004661696C656420746F207361769D
S315080234F0652062756C62206F66662074696D656FF9
S31508023500757420746F204E564D0A0042756C6220FF
S315080235106F66662074696D656F75742073657420AD
S31508023520746F20256C75206D732028736176656427
S3150802353020696E204E564D290A0043757272656ED1
S31508023540742062756C62206F66662074696D656F99
S3150802355075743A20256C75206D730A00534C5F41C9
S31508023560535F524F4C455F53454E534F5200534C8F
S315080235705F41535F524F4C455F52465F534F555218
S315080235804345004661696C656420746F20726574F0
S31508023590726965766520576972656C65737320531F
S315080235A0656E736520636F6E6669677572617469A5
S315080235B06F6E0A0043757272656E7420726F6C655F
S315080235C03A2025730A005374617274696E67206122
S315080235D075746F74756E6520286D69642D72756EC3
S315080235E0292E2E2E0A004175746F74756E65207326
S315080235F07461727465642073756363657373667543
S315080236006C6C792028736B697070696E67207761B4
S31508023610726D7570290A004661696C656420746F5B
S3150802362020757064617465206175746F74756E6552
S315080236302073657474696E672E2055736520302071
S315080236402864697361626C656429206F722031206F
S3150802365028656E61626C6564292E0A004175746F6D
S3150802366074756E65206F6E2073746172747570203E
S3150802367073657420746F20257520286566666563F0
S3150802368074697665206166746572206E6578742041
S315080236907265626F6F74290A004175746F74756E6C
S315080236A065206F6E20737461727475703A20257581
S315080236B020282573290A004D6F74696F6E2050659C
S315080236C07263656E746167653A20256C7525250AED
S315080236D0004661696C656420746F207361766520A3
S315080236E06D6F74696F6E20646574656374696F6E55
S315080236F0206D6F646520746F204E564D0A004D6F1B
S3150802370074696F6E20646574656374696F6E20539D
S315080237105441525445442028736176656420746F77
S31508023720204E564D290A004D6F74696F6E206465E6
S3150802373074656374696F6E2053544F505045442024
S3150802374028736176656420746F204E564D290A00E7
S315080237504661696C656420746F2072657472696566
S3150802376076652041492073656E73696E67207374A6
S31508023770617475730A0041492053656E73696E67F1
S31508023780205374617475733A0A0020204D6F76656A
S315080237906D656E742073656E73696E67203A2025AF
S315080237A0730A004661696C656420746F20676574E4
S315080237B020576972656C6573732053656E7365204D
S315080237C0636F6E66696775726174696F6E0A002047
S315080237D0205B555D204D6561737572656D656E7406
S315080237E020506572696F643A20256C75206D69638D
S315080237F0726F7365636F6E64730A004661696C65FE
S315080238006420746F2067657420576972656C6573E6
S31508023810732053656E736520737461746973746972
S3150802382063730A00202020205B555D205374617261
S3150802383074206368616E6E656C3A20202020202011
S3150802384025750A00202020205B555D20456E6420E0
S315080238506368616E6E656C3A202020202020202045
S3150802386025750A00202020205B435D204E756D6277
S315080238706572206F66206368616E6E656C733A20A6
S315080238802575206368616E6E656C730A00202020B8
S31508023890205B435D204261736520667265717565BA
S315080238A06E63793A2020202020256C7520487A0AF2
S315080238B0005761726E696E673A204661696C656483
S315080238C020746F206163717569726520636F6E6615
S315080238D06967206D757465782028737461747573C9
S315080238E03A202564290A005761726E696E673A2082
S315080238F04661696C656420746F2072656C656173D4
S315080239006520636F6E666967206D75746578202811
S315080239107374617475733A202564290A00557064B4
S3150802392061746564206D6F76656D656E7420746862
S31508023930726573686F6C643A20252E31660A0055E3
S31508023940706461746564206D6F76656D656E74204A
S315080239507468726573686F6C643A2025640A005548
S31508023960706461746564206D6F64653A20256C75B0
S315080239700A00557064617465642062756C62206F12
S3150802398066662074696D656F75743A20256C7520B4
S315080239906D730A0055706461746564207265736597
S315080239A07420636F756E7465723A20256C750A0009
S315080239B055706461746564206175746F74756E659B
S315080239C020656E61626C65643A20256C75202874E0
S315080239D0616B657320656666656374206F6E206E1B
S315080239E065787420626F6F74290A00557064617471
S315080239F065642073796E6320776F72643A20307833
S31508023A002530386C580A00556E6B6E6F776E204EED
S31508023A10564D206B65793A203078256C780A005322
S31508023A2074617274696E67204E564D206D696772AD
S31508023A306174696F6E3A2066726F6D202564202D57
S31508023A403E2025640A004661696C656420746F200D
S31508023A507772697465206D6F76656D656E7420740C
S31508023A6068726573686F6C640A004661696C65649E
S31508023A7020746F207772697465206D6F64650A0019
S31508023A804661696C656420746F2077726974652073
S31508023A9062756C62206F66662074696D656F7574EF
S31508023AA00A004661696C656420746F2077726974CE
S31508023AB065206D6F74696F6E206661737420746811
S31508023AC0726573686F6C640A004661696C65642086
S31508023AD0746F207772697465206368616E732066F5
S31508023AE0617374207468726573686F6C640A004641
S31508023AF061696C656420746F207772697465206DDC
S31508023B006F74696F6E20736C6F7720746872657351
S31508023B10686F6C640A004661696C656420746F207C
S31508023B207772697465206368616E7320736C6F7748
S31508023B30207468726573686F6C640A004661696C02
S31508023B40656420746F20777269746520646566619E
S31508023B50756C7420726573657420636F756E74650F
S31508023B60720A004661696C656420746F207772690F
S31508023B7074652064656661756C74206175746F740A
S31508023B80756E6520656E61626C65640A00466169D8
S31508023B906C656420746F2077726974652064656643
S31508023BA061756C742073796E6320776F72640A008C
S31508023BB04661696C656420746F207570646174650A
S31508023BC020434F4E4649475F56455253494F4E0A80
S31508023BD0004D6967726174696F6E20636F6D706CF0
S31508023BE06574652E20436F6E666967207665727303
S31508023BF0696F6E206E6F772025640A004572726FB0
S31508023C00723A204661696C656420746F2063726536
S31508023C10617465204E564D206D757465780A0043A9
S31508023C206F6E6669672076657273696F6E206D6955
S31508023C307373696E67206F72206F75746461746539
S31508023C40643A202564202D3E206D69677261746985
S31508023C506E670A00506F70756C61746564207275C0
S31508023C606E74696D6520636F6E6669672066726F2A
S31508023C706D2064656661756C74732061667465721D
S31508023C80206D6967726174696F6E0A00436F6E66AA
S31508023C9069672076657273696F6E204F4B3A2025E5
S31508023CA0640A004C6F61646564206D6F76656D65A4
S31508023CB06E74207468726573686F6C643A20252E78
S31508023CC031660A005573696E672064656661756CAC
S31508023CD074206D6F76656D656E742074687265738F
S31508023CE0686F6C643A20256C750A004C6F616465CE
S31508023CF064206D6F64653A20256C750A00557369F0
S31508023D006E672064656661756C74206D6F64653ACA
S31508023D1020256C750A004C6F616465642062756CB7
S31508023D2062206F66662074696D656F75743A202520
S31508023D306C75206D730A005573696E672064656633
S31508023D4061756C742062756C62206F666620746990
S31508023D506D656F75743A20256C75206D730A004C73
S31508023D606F61646564206D6F74696F6E2066617336
S31508023D7074207468726573686F6C643A20256C7572
S31508023D800A005573696E672064656661756C7420EE
S31508023D906D6F74696F6E20666173742074687265DC
S31508023DA073686F6C643A20256C750A004C6F6164FF
S31508023DB06564206D6F74696F6E206368616E6E65E7
S31508023DC06C2066617374207468726573686F6C64BC
S31508023DD03A20256C750A005573696E672064656614
S31508023DE061756C74206D6F74696F6E206368616E9D
S31508023DF06E656C2066617374207468726573686F89
S31508023E006C643A20256C750A004C6F6164656420FF
S31508023E106D6F74696F6E20736C6F77207468726544
S31508023E2073686F6C643A20256C750A005573696E5F
S31508023E30672064656661756C74206D6F74696F6E50
S31508023E4020736C6F77207468726573686F6C643A56
S31508023E5020256C750A004C6F61646564206D6F7469
S31508023E60696F6E206368616E6E656C20736C6F771E
S31508023E70207468726573686F6C643A20256C750ADB
S31508023E80005573696E672064656661756C74206D8A
S31508023E906F74696F6E206368616E6E656C20736CF1
S31508023EA06F77207468726573686F6C643A20256C44
S31508023EB0750A004C6F6164656420726573657420C7
S31508023EC0636F756E7465722066726F6D204E564DFD
S31508023ED03A20256C750A004E6F2073746F726564FA
S31508023EE020726573657420636F756E7465722066D9
S31508023EF06F756E642E205573696E672064656661F8
S31508023F00756C743A20256C750A004C6F6164656499
S31508023F10206175746F74756E6520656E61626C6575
S31508023F20643A20256C750A005573696E67206465C4
S31508023F306661756C74206175746F74756E6520653B
S31508023F406E61626C65643A20256C750A004C6F6175
S31508023F506465642073796E6320776F72643A2030E1
S31508023F60782530386C580A005573696E672064657F
S31508023F706661756C742073796E6320776F7264203C
S31508023F8066726F6D20726164696F3A2030782530E7
S31508023F90386C580A004E564D2073746F7261676505
S31508023FA020696E697469616C697A65640A00000041
S31508023FB041535265715175657565000041535265E5
S31508023FC0737051756575650041535461736B0000D2
S31508023FD0000001B50000800000000000010000009A
S31508023FE002000000040000000800000010000000A3
S31508023FF000000000000000000101000001010000AD
S3150802400000000000920E493CB10AC93C2BC3163D7A
S315080240102EFB483D752B7B3D04A9963D80B6AF3DE8
S3150802402036BDC83D2FBCE13D73B2FA3D87CF093E86
S315080240308340163EB5AB223EA2102F3ECF6E3B3EC4
S31508024040C2C5473E0115543E135C603E7F9A6C3EDC
S31508024050CCCF783EC07D823E938E883E229A8E3E93
S3150802406032A0943E86A09A3EE59AA03E128FA63EBC
S31508024070D47CAC3EEF63B23E2A44B83E491DBE3EEE
S3150802408015EFC33E53B9C93ECA7BCF3E4136D53E2C
S3150802409080E8DA3E4F92E03E7533E63EBBCBEB3E16
S315080240A0EA5AF13ECBE0F63E275DFC3EE4E7003FE6
S315080240B03D9C033F824B063F9BF5083F6B9A0B3F9D
S315080240C0DA390E3FCDD3103F2A68133FD9F6153F8A
S315080240D0C07F183FC6021B3FD17F1D3FCBF61F3F4D
S315080240E09967223F25D2243F5636273F1594293F02
S315080240F04AEB2B3FDE3B2E3FBB85303FC9C8323FDA
S31508024100F304353F233A373F4268393F3B8F3B3FFB
S31508024110F9AE3D3F67C73F3F70D8413F01E2433F93
S3150802412003E4453F65DE473F12D1493FF8BB4B3FA3
S31508024130029F4D3F207A4F3F3D4D513F4918533F0D
S3150802414031DB543FE595563F5348583F6AF2593F8B
S315080241501A945B3F532D5D3F05BE5E3F2146603F85
S3150802416097C5613F5A3C633F59AA643F880F663F29
S31508024170D86B673F3CBF683FA7096A3F0C4B6B3F4A
S315080241805E836C3F93B26D3F9ED86E3F73F56F3F69
S315080241900809713F5213723F4714733FDD0B743F90
S315080241A00BFA743FC6DE753F07BA763FC58B773F73
S315080241B0F853783F9812793F9DC7793F02737A3F41
S315080241C0BE147B3FCDAC7B3F283B7C3FC9BF7C3FBF
S315080241D0AC3A7D3FCCAB7D3F23137E3FB0707E3F2A
S315080241E06DC47E3F580E7F3F6D4E7F3FAB847F3F47
S315080241F00FB17F3F97D37F3F43EC7F3F11FB7F3F52
S315080242000000803F11FB7F3F43EC7F3F97D37F3F00
S315080242100FB17F3FAB847F3F6D4E7F3F580E7F3F86
S315080242206DC47E3FB0707E3F23137E3FCCAB7D3F8D
S31508024230AC3A7D3FC9BF7C3F283B7C3FCDAC7B3F38
S31508024240BE147B3F02737A3F9DC7793F9812793F26
S31508024250F853783FC58B773F07BA763FC6DE753F78
S315080242600BFA743FDD0B743F4714733F5213723FC8
S315080242700809713F73F56F3F9ED86E3F93B26D3F43
S315080242805E836C3F0C4B6B3FA7096A3F3CBF683F96
S31508024290D86B673F880F663F59AA643F5A3C633F0B
S315080242A097C5613F2146603F05BE5E3F532D5D3F80
S315080242B01A945B3F6AF2593F5348583FE595563F71
S315080242C031DB543F4918533F3D4D513F207A4F3F0A
S315080242D0029F4D3FF8BB4B3F12D1493F65DE473F30
S315080242E003E4453F01E2433F70D8413F67C73F3F7A
S315080242F0F9AE3D3F3B8F3B3F4268393F233A373F52
S31508024300F304353FC9C8323FBB85303FDE3B2E3FFB
S315080243104AEB2B3F1594293F5636273F25D2243F91
S315080243209967223FCBF61F3FD17F1D3FC6021B3F2F
S31508024330C07F183FD9F6153F2A68133FCDD3103FE1
S31508024340DA390E3F6B9A0B3F9BF5083F824B063FC5
S315080243503D9C033FE4E7003F275DFC3ECBE0F63E8B
S31508024360EA5AF13EBBCBEB3E7533E63E4F92E03E50
S3150802437080E8DA3E4136D53ECA7BCF3E53B9C93EBE
S3150802438015EFC33E491DBE3E2A44B83EEF63B23E10
S31508024390D47CAC3E128FA63EE59AA03E86A09A3EF3
S315080243A032A0943E229A8E3E938E883EC07D823EED
S315080243B0CCCF783E7F9A6C3E135C603E0115543E24
S315080243C0C2C5473ECF6E3B3EA2102F3EB5AB223E3C
S315080243D08340163E87CF093E73B2FA3D2FBCE13DB4
S315080243E036BDC83D80B6AF3D04A9963D752B7B3DCB
S315080243F02EFB483D2BC3163DB10AC93C920E493CD9
S3150802440000000000920E49BCB10AC9BC2BC316BDF6
S315080244102EFB48BD752B7BBD04A996BD80B6AFBDE4
S3150802442036BDC8BD2FBCE1BD73B2FABD87CF09BE82
S31508024430834016BEB5AB22BEA2102FBECF6E3BBEC0
S31508024440C2C547BE011554BE135C60BE7F9A6CBED8
S31508024450CCCF78BEC07D82BE938E88BE229A8EBE8F
S3150802446032A094BE86A09ABEE59AA0BE128FA6BEB8
S31508024470D47CACBEEF63B2BE2A44B8BE491DBEBEEA
S3150802448015EFC3BE53B9C9BECA7BCFBE4136D5BE28
S3150802449080E8DABE4F92E0BE7533E6BEBBCBEBBE12
S315080244A0EA5AF1BECBE0F6BE275DFCBEE4E700BFE2
S315080244B03D9C03BF824B06BF9BF508BF6B9A0BBF99
S315080244C0DA390EBFCDD310BF2A6813BFD9F615BF86
S315080244D0C07F18BFC6021BBFD17F1DBFCBF61FBF49
S315080244E0996722BF25D224BF563627BF159429BFFE
S315080244F04AEB2BBFDE3B2EBFBB8530BFC9C832BFD6
S31508024500F30435BF233A37BF426839BF3B8F3BBFF7
S31508024510F9AE3DBF67C73FBF70D841BF01E243BF8F
S3150802452003E445BF65DE47BF12D149BFF8BB4BBF9F
S31508024530029F4DBF207A4FBF3D4D51BF491853BF09
S3150802454031DB54BFE59556BF534858BF6AF259BF87
S315080245501A945BBF532D5DBF05BE5EBF214660BF81
S3150802456097C561BF5A3C63BF59AA64BF880F66BF25
S31508024570D86B67BF3CBF68BFA7096ABF0C4B6BBF46
S315080245805E836CBF93B26DBF9ED86EBF73F56FBF65
S31508024590080971BF521372BF471473BFDD0B74BF8C
S315080245A00BFA74BFC6DE75BF07BA76BFC58B77BF6F
S315080245B0F85378BF981279BF9DC779BF02737ABF3D
S315080245C0BE147BBFCDAC7BBF283B7CBFC9BF7CBFBB
S315080245D0AC3A7DBFCCAB7DBF23137EBFB0707EBF26
S315080245E06DC47EBF580E7FBF6D4E7FBFAB847FBF43
S315080245F00FB17FBF97D37FBF43EC7FBF11FB7FBF4E
S31508024600000080BF11FB7FBF43EC7FBF97D37FBFFC
S315080246100FB17FBFAB847FBF6D4E7FBF580E7FBF82
S315080246206DC47EBFB0707EBF23137EBFCCAB7DBF89
S31508024630AC3A7DBFC9BF7CBF283B7CBFCDAC7BBF34
S31508024640BE147BBF02737ABF9DC779BF981279BF22
S31508024650F85378BFC58B77BF07BA76BFC6DE75BF74
S315080246600BFA74BFDD0B74BF471473BF521372BFC4
S31508024670080971BF73F56FBF9ED86EBF93B26DBF3F
S315080246805E836CBF0C4B6BBFA7096ABF3CBF68BF92
S31508024690D86B67BF880F66BF59AA64BF5A3C63BF07
S315080246A097C561BF214660BF05BE5EBF532D5DBF7C
S315080246B01A945BBF6AF259BF534858BFE59556BF6D
S315080246C031DB54BF491853BF3D4D51BF207A4FBF06
S315080246D0029F4DBFF8BB4BBF12D149BF65DE47BF2C
S315080246E003E445BF01E243BF70D841BF67C73FBF76
S315080246F0F9AE3DBF3B8F3BBF426839BF233A37BF4E
S31508024700F30435BFC9C832BFBB8530BFDE3B2EBFF7
S315080247104AEB2BBF159429BF563627BF25D224BF8D
S31508024720996722BFCBF61FBFD17F1DBFC6021BBF2B
S31508024730C07F18BFD9F615BF2A6813BFCDD310BFDD
S31508024740DA390EBF6B9A0BBF9BF508BF824B06BFC1
S315080247503D9C03BFE4E700BF275DFCBECBE0F6BE87
S31508024760EA5AF1BEBBCBEBBE7533E6BE4F92E0BE4C
S3150802477080E8DABE4136D5BECA7BCFBE53B9C9BEBA
S3150802478015EFC3BE491DBEBE2A44B8BEEF63B2BE0C
S31508024790D47CACBE128FA6BEE59AA0BE86A09ABEEF
S315080247A032A094BE229A8EBE938E88BEC07D82BEE9
S315080247B0CCCF78BE7F9A6CBE135C60BE011554BE20
S315080247C0C2C547BECF6E3BBEA2102FBEB5AB22BE38
S315080247D0834016BE87CF09BE73B2FABD2FBCE1BDB0
S315080247E036BDC8BD80B6AFBD04A996BD752B7BBDC7
S315080247F02EFB48BD2BC316BDB10AC9BC920E49BCD5
S315080248000000008055F100089DF1000849F10008F2
S31508024810A9F1000891F10008BFA20108FDA201084A
S315080248201FA3010841A3010863A301088D02010819
S315080248303D0201084902010839030108C3A4010817
S315080248408D9F0108919F0108959F0108999F01086C
S315080248509D9F010800000000C0010000F8490020E1
S31508024860FFFFFFFFFFFFFFFFFFFFFFFFFFFFFFFF48
S31508024870FFFFFFFFFFFFFFFFFFFFFFFFFFFFFFFF38
S3150802488091FC000875FC0008C53C0108493F01086F
S315080248907D3E010820C001B80B00000000000000A0
S315080248A000000000000000000000000005000000F3
S315080248B000000000000002000000100000000000D6
S315080248C000000000000000000000000009000000CF
S315080248D000000000000000000000000000000000C8
S315080248E003000000000000000000000000001000A5
S315080248F01200000001000000000000000000000095
S315080249000600000000000000000000000000000091
S315080249100000000000000000000000000000000087
S315080249200000100002000000010000000000000064
S315080249300000000000000001000001010001010161
S31508024940020303030304040404050500000000012E
S31508024950010101020202020303030303040404041D
S315080249600400000001010101070708080303030503
S3150802497004040405050506060607070708030202D6
S3150802498004040403040505060606060707070202C9
S3150802499002030303030404040405050505050606C4
S315080249A006060102020202030303030304040404C3
S315080249B004050505050606060C0C0C0C0B0B0B0B61
S315080249C00B0B0B0B0B0B0B0B0B0B0B0B0B0B0C0C25
S315080249D00C0C0C0C0C0C0C0C0B0B0B0B0B0B0B0B0F
S315080249E00304040404050505050606060606070269
S315080249F0020202030303030404040404050505056D
S31508024A00050606060202020207070304060704044D
S31508024A10030303030405060303050607080405063C
S31508024A20040304040303040506060304050607082B
S31508024A30C7BFBEBEBEB5B5B4B4ABABDCDCDBDBD23E
S31508024A40D2D1D1C8C8C8C7BFBEBEBEBDB5B5B4B43B
S31508024A50B4DCDBDBD2D2D2D11B1B16162E2D2D2AA5
S31508024A6029292925242420201F1B1B1B162E2D2D00
S31508024A702A2A29292524242020201F1B1B1B2D2DE9
S31508024A80BEB5B5B4B4ABABABAAA2A1A1A1A0999984
S31508024A909898C7BFBEBEBDB5B5B4B4B4ABABABAAE6
S31508024AA0AAA2A1A1A19999990000000003030303F0
S31508024AB003020202020202020303020202020101C5
S31508024AC001010101000000000303030303020202BD
S31508024AD0D0C7C6C6C6BDBDBCBCB3B3B2B2B2A9DBEB
S31508024AE0DBDADAD1D1D0D0C7C7C6C6C6BDBDBCBC13
S31508024AF0BCB3B3B2DBDBDADA1F1F2D2B221E2E2E36
S31508024B00323232312D2624303028231F1B2B2622FF
S31508024B102E322E2E31312D282424302C27231E1AEC
S31508024B20FFFFFFFFFFFFFFFFFFFFFFFFFFFFFFFF85
S31508024B30C8C8C8C8C8C8C8C8C8C8C8C803040408F2
S31508024B400808080800B801B802B800B00304040847
S31508024B500805000000000000000000000000000038
S31508024B6000000000040008007C0031003B001B0026
S31508024B7020000000B165010810000000296501083F
S31508024B805C39000080030000E03C000004000000DD
S31508024B90343E00000400000064340000F8040000FB
S31508024BA0DC3C000004000000303E00000300000068
S31508024BB00000000064340000E43C0000010000002C
S31508024BC0383E000037000000E13B00006534000073
S31508024BD0010000000006800F7047FB218901096861
S31508024BE04143880B7047934800680104C80F704711
S31508024BF030B5002083490A6800238F4C521C656829
S31508024C00AA4200D322681578AD06AD0E9D4005432B
S31508024C1028009B1D1E2BF1D30A6030BD854801680A
S31508024C20090408D585490A68764B1A604A68C2613A
S31508024C308868B24908607047F3B583B01700C006A2
S31508024C40000E00901038912833D2FFF7CCFF0028C7
S31508024C502FD000267A4C01250398FFF7BBFF0028C0
S31508024C6002D0022803D003E02068284000D001269B
S31508024C700197744F04980C21615E40180E21615EFB
S31508024C804018FFF7AAFF019940183860049800995E
S31508024C904018FFF7A2FF019940187860C0208001EA
S31508024CA069490860300369490860FCF703FF9448BC
S31508024CB0057005B0F0BDFEB5654B664DC020800493
S31508024CC00290F020000501901869022805D228688A
S31508024CD00199014002988142F0D08A480068C01CB6
S31508024CE08949014389480160894A8A4C0421A06896
S31508024CF0084204D0187D8006C10F490023E0022627
S31508024D00304022D01869042805D22F680198384005
S31508024D10029FB842F6D0187D0007000F072814D163
S31508024D20587D022811DD987D8006800E02280CDB4C
S31508024D30D87D009007460F4207D0C00700D50A2142
S31508024D40374200D0891D00290BD173486F49086084
S31508024D500020186080218902704B1960106020615A
S31508024D60F7BD481C1E69864205D22F68019E3E4041
S31508024D70029FBE42F6D06A48405C009020610098C5
S31508024D80C000F821014002D08020C004186065489E
S31508024D900668012E00D149005960216800291DD1F3
S31508024DA05A490B682026A65F36039B059B0D33439B
S31508024DB00B6001261660022191600099890909D1C2
S31508024DC00068002801D1182000E01A20225E009807
S31508024DD0FFF732FF207A000700D42660F7BD4B485A
S31508024DE04D49016000211A4A1160802292024B4BFA
S31508024DF01A60474A11604C4A026142614048017092
S31508024E0070470000343E000006204849086000202A
S31508024E1047490860F0210901464A11608021490084
S31508024E20454A11600749404A0A604A60344908708F
S31508024E3070470000C04101A8983E0000A03E00004D
S31508024E40BC3E0000C84101A8C06101A8C05101A822
S31508024E50C44000A80C0002A830B581B00400A00323
S31508024E6014D530480068002801D1162000E00C202D
S31508024E70FEF7B8FA3148806E0007C10F3048017054
S31508024E80082030490860C003244908602E4D286866
S31508024E90000406D5FFF7ACFEE861FFF7A9FE17493D
S31508024EA00860A00727D58020C0021C490860FCF7C5
S31508024EB024FE00281FD0254A1068C0B2002802D056
S31508024EC00621234B1960810915D01C490B68012B51
S31508024ED0FBD949680905090D091DC900114B1B684B
S31508024EE0012B00D14908002B01D1182300E01A230F
S31508024EF0D25EFFF7A1FE01B030BD00005C4201A8F8
S31508024F006E3E0000204000A800F0FF3FB84101A80D
S31508024F10044003A8B43E0000FFF3FF3F106001A857
S31508024F20D84000A8843F0000FFFF0300006401A8E0
S31508024F30504000A80C6000A80C5000A81C4000A80D
S31508024F40E43C0000846000A8C04101A8B83E000005
S31508024F50005401A870B50822804B1A60804B1B6862
S31508024F60DC0302D50020088070BD0C880019401E9B
S31508024F7000787C4DA870641C0C8045076D0F052DC2
S31508024F8005D8794E3668F60603D5022D0DD00320CC
S31508024F9070BD9604AE401E4001D1082070BD052D95
S31508024FA003D1104201D1641E0C80AA484860002031
S31508024FB070BDF3B582B008886C490978491CC9B234
S31508024FC0814204D202990918491E097800E0002193
S31508024FD0644A517093785B075B0F01933023019CF7
S31508024FE0052C28D1194232D19478E5081E242C4082
S31508024FF0CD0702D5250001242C430125A14EE64002
S315080250002E4072D0019FA04EE641402426403E43E0
S315080250104C0602D5340020262643947889080D408A
S31508025020A7080C2139402943C02525400D432021D4
S315080250302943967051704A490C68557802212326ED
S315080250402E4008D0660302D52B40202B01D005201E
S3150802505082E0424B196093789B0601D4202203E032
S315080250609278120702D540223C4B1A603D4A927842
S315080250706B461A70C022854B1E680E4001D1154236
S3150802508012D06E46377827263E40232E03D1E602F3
S3150802509007D4012606E0252E03D0212E04D12603A5
S315080250A002D504262D4F3E601B6819402026019F13
S315080250B0002F1CD11E4027D02A4B5B781A40402A63
S315080250C013D00C221A40042A0FD02A073BD40122F5
S315080250D0002902D0E100CB0F5A4069460978CB076E
S315080250E0DB0F1A422FD021012AD4072034E0022FDF
S315080250F0E2D11E4008D00029DED1CC232B4003D1B1
S315080251006B461B785B0601D5032025E0A30311D560
S315080251109C4E73691B051B0D5B1C3668F60205D58A
S31508025120994E36683607B60F9B1B5B1E9BB2052B3C
S3150802513004D1C1E7029B1B78052BBDD006200BE0E4
S315080251408021064A1160E90702D4401C03990880A7
S31508025150AB4803994860002004B0F0BD4C1002A881
S31508025160D83E0000303E0000480002A84C3E00002F
S31508025170F2B586494978CA0705D4009A1288801872
S31508025180401E037800E000239E4A106802249E4DC2
S315080251902E68F60611D512695340DBB2002B03D1ED
S315080251A06E68D30973402340002B03D0020204D44D
S315080251B00A20F2BDE206954E3260744A1E02C023E8
S315080251C00B403343914E336093785E07760F022E77
S315080251D006D16D682C4003D1002000990880F2BDE3
S315080251E0A0250D409E08102737402F433D090E077C
S315080251F002D42E0010253543CC240C401A262E4004
S315080252000A2E04D1CC2C02D02E00FD253540804E24
S31508025210EE40F60705D4000416D5412B10D108290D
S3150802522012D17C48E840112101402143202008433D
S3150802523010700D210140009808D000F0A9F8F2BDBF
S315080252400B2B01D10029ECD00720F2BD00F020F883
S31508025250F2BD0000C334000038B50C006E490B7865
S315080252601A0953399500491925881B071B0FEB1A8A
S315080252709A1A8018FEF755FD010002D1200000F0A7
S3150802528007F832BDF300A3E3981440684C0002A85D
S31508025290F8B50400614805683C4F3878D026304294
S315080252A002D00D21014005D008205D490860EF2093
S315080252B0FEF7F5FC39782000314204D00909397025
S315080252C000F066F8F2BD052129401FD002884D4933
S315080252D0CA60544BEC0705D5521C0280690607D4EE
S315080252E0514B05E043242C40422C03D1521C028028
S315080252F043600DE010224A4B1A604C4A09688B003B
S31508025300DB0F190111638021090311600021018055
S315080253100020F2BD0A888018401E0078830601D450
S31508025320121D0A801822024004D0088852088018E2
S31508025330C01E088039480068C00702D50888401C84
S3150802534008803948486000207047344A1368DB07EA
S3150802535008D51268920705D40A888018401E007874
S3150802536004280CD110202E4A10603048254A1268AB
S315080253709300DB0F1A0102638022120302600020E7
S31508025380088070470C4000A8080001A8303E0000BB
S3150802539031B581B02649002000900822254B1D7898
S315080253A002230C24254202D10022234903E02C4081
S315080253B0082C00D10222EC0703D50C001E216140FD
S315080253C000931D4207D015490968090601D51B49EC
S315080253D001E00021C943019B194C21601949FF24A8
S315080253E08C70009C15012543CD70087018880099A9
S315080253F040188018188014485860002036BD0000EE
S3150802540081360000D83E0000480002A8481002A8CB
S315080254100D0F0C0D07170850633F00004C0002A839
S315080254204C2002A8253800005B3800001C1002A890
S31508025430DE1B2501303E00002084100000FCFF011F
S315080254400C3F0000603F000069370000303E000054
S315080254503134000049340000493400004934000060
S315080254604934000049340000000000000000000032
S315080254700000000000000000493400004934000022
S3150802548049340000352B000049340000672C00001F
S31508025490772C0000AD2D00000F2E0000992E00007B
S315080254A01D300000C92E0000CD300000212F00005B
S315080254B06D2F0000E52F0000853200007D330000C5
S315080254C0392C000027280000CD23000049340000AB
S315080254D0CD280000493400000D2A0000D129000019
S315080254E049340000493400004D2A000049340000BE
S315080254F049340000493400004934000049340000A8
S31508025500493400003D1200002D1200000000000080
S31508025510000400080214021803240000494880689F
S31508025520000200D4704780B580208002AB4908602B
S31508025530CF2000F053FA01BDF8B589480068894CB6
S31508025540802292032260884E316809051DD5110B07
S31508025550A023034001D0216017E002403FD18027F3
S31508025560824A1760824A1760084038D0354D287A31
S31508025570400705D501207F49086000027E49086078
S315080255802878002801D0062801DB0020F2BD00F0A9
S315080255907BFB716889684E682978052907D1B905A0
S315080255A0A1606E60B668CC218901734A116000F069
S315080255B074FB012E00DA0226BC20800588490860A1
S315080255C0942080058749086068480021C943016418
S315080255D07142416484490F6040210160D5E78348DE
S315080255E00160FFF79BFF0120F2BD5D48016889054E
S315080255F004D5C06E0004000F022801D000207047AF
S315080256000120704738B580245848046000F03CFBF6
S3150802561005007748006800F06DF9280000F03DFBA8
S31508025620FFF77CFF0748007A000705D5A0004D4919
S31508025630086000F041FC31BD60036C490860AC4863
S31508025640046031BD383E0000FEB50500CC2080015D
S3150802565068494860012668480660FFF7C6FF0028C1
S315080256607DD0664C2078002879D03102019505282C
S3150802567002D02A460A4072D1CC27BF015D4A17607A
S315080256808D4A126881231B02134001D0032301E0CD
S3150802569053075B0F022805D1022B5ED30801364950
S315080256A00860F7BD4D01032804D1022B55D93248AB
S315080256B00560F7BD042802D111404ED0F7BD052872
S315080256C04BD10198002848D0C005C10F68464170E1
S315080256D00198C004C10F6846017000F0D5FA02901D
S315080256E0606869464978002903D006688021204AFD
S315080256F011602C0486496A461278002A0CD0C268C0
S315080257000B68D21A834B1B68234001D0066800E057
S315080257104668964200DD1600684640786A46127860
S31508025720024308D008684242B01E824202DA704238
S31508025730886000E00026029800F0AFFA019880051A
S3150802574001D5974804600198054001D09548046040
S31508025750002E02D008480760F7BDFFF753FFF7BDD2
S31508025760440002A8442002A8D83E00000CC001A8A2
S3150802577090E001A8C4D000A8145001A838B5802426
S315080257808948046001201C4908601C4D28780528B0
S3150802579002D0600085490860FFF727FF002812D06B
S315080257A013480068000A80214140A868000EC9B261
S315080257B0814208D2404800684007400F022802D2B8
S315080257C0FFF720FF31BD7A480168C0220A4002D19C
S315080257D0C06F204001D00448046031BD1C1002A8E5
S315080257E008E001A808D001A894D001A8441002A88C
S315080257F018C000A8106001A8C4E000A8383E00003E
S31508025800F1B582B00F00A020384003D08020800076
S3150802581069494DE000F038FA009066480468F802D3
S3150802582002D5A0680069029000F0B1FB8021090345
S31508025830606800F07DF926780020761C6178B1420E
S3150802584000D200261821714365180C3529780829D3
S31508025850F3DA2670A56059492A780A70BA0507D577
S31508025860544800688068C068FA0201D4032290434B
S3150802587088600127384003D100F092FC01F0DCF879
S31508025880F904686900F054F93C2000F0A7F8F0B270
S3150802589000F0A4F860884A4901406180009800F047
S315080258A0FCF9380544490860464807603802464903
S315080258B008600298FEBD0000184001A810B54348CA
S315080258C00068800501D4FE2010BDC020800340492F
S315080258D0086000F0D9F9374909688A78D20702D5EB
S315080258E089688C7800E00C7800F0D7F9200010BDA2
S315080258F0100002A82F4909688A688B78DB0704D545
S31508025900927818235A438A180C329060704700001E
S3150802591048C001A84C0002A8F1B582B02D4F3C68D8
S315080259200026200F000702D1E00102902AE001F0CA
S3150802593083F800F0A9F9019080210903606800F054
S31508025940F7F825786D1C6078A84200D20025E80091
S3150802595020180C30009000680290802109030098F4
S31508025960406800F0E5F83D2000F038F8E8B200F0AB
S3150802597035F825700098A060019800F08EF902A803
S3150802598001F0B2F814480068800407D5F86901F0F6
S31508025990C4FD02990818029000D502960298FEBD27
S315080259A04C1002A84C2002A894E001A8146001A891
S315080259B014C001A8DC3E0000442002A8383E0000BC
S315080259C0FEFF0000C0E000A8106001A8440002A87B
S315080259D0441002A8E03E0000FC0302A84A490968EE
S315080259E0002901D5494908607047F3B581B0484F87
S315080259F0B968484C4A0058D50125090100D5212520
S31508025A000100FE2292011068566822689206920EDA
S31508025A1094463A68930080221340624613438022D2
S31508025A2052001A4300920A0023D0890601D50120A2
S31508025A3008E0F021014007D16946097A0C220A409A
S31508025A4002D0022000F04AF83349096809040AD547
S31508025A503968090701D5022605E03968490301D5DF
S31508025A60002600E003264835009A2C490968890071
S31508025A7003E0009A2949896B090940231940114311
S31508025A800207120F032A05D12268120904231A40B3
S31508025A903243160080225200002E02D01643266692
S31508025AA008352166024322662566E06D4407640FBF
S31508025AB000F0D4F8A0070BD0052C09D0B86800046A
S31508025AC006D400F0E1F80221154A116000F0E5F863
S31508025AD000F0CDF8002000F001F8F7BDFE2189019B
S31508025AE00A68F0239A43000110430860C0B270475F
S31508025AF08020C0020B490968890701D10A4900E0DA
S31508025B000A49086070470000500002A8884000A8A9
S31508025B10480002A8284000A8684101A8184001A820
S31508025B20D4D40350844000A8486000A8485000A86E
S31508025B3080B56E4A116001F01BFDFFF7D9FF01BD62
S31508025B40FEB56B4D2878000604D5287F002801D0BB
S31508025B50182400E0462400F097F801906548C068CA
S31508025B604005C20DD52A01D2D52204E0D120400033
S31508025B70824200D90200100001005F4B00932B6B92
S31508025B805B011DD55D4B1B78022B03D25C4E0627A3
S31508025B907B43F2520025009B1B7CEB40DB070CD5AE
S31508025BA0584B06266E439B199B888FB2BB4200D27E
S31508025BB0190086B29E4200D218006D1C022DEAD345
S31508025BC089B209190904504B0B40001BC005C00DC8
S31508025BD0184348490860C02000064C4908604648F0
S31508025BE0017D00290CD04A49D52A02D98023DB0532
S31508025BF00B60D1235B009A4202D280231B060B60FC
S31508025C000021444B19604188002900D1028001987D
S31508025C1000F043F800F074FDF7BD80B53E483F49F1
S31508025C2008603F48C1680902090A192251434160BE
S31508025C3005210160FFF784FF01BD80B52C48017874
S31508025C40090604D5007F002801D0FFF779FF3448FA
S31508025C500068C00301D5FFF773FF01BD8020C002AB
S31508025C60224908602F4800684007FBD47047802005
S31508025C70C0022D490860704701E02C4908602C498A
S31508025C8009680140F9D170472A48006820212A4A42
S31508025C9011601021294A116070473021014002D152
S31508025CA010202549086070472248006830210140C3
S31508025CB0102901D101207047002070472048012190
S31508025CC00160C160704701201E49086070471E487E
S31508025CD000780621014007D01C480068022803D034
S31508025CE0032801D00120704700207047441002A8FB
S31508025CF0D83E00007C4000508C3F0000583E000011
S31508025D00603E00005C3E00000000FF01A0600050FB
S31508025D10A450005018E000E07F1A0601540002A8B9
S31508025D2010E000E0440002A8442002A8282002A8A5
S31508025D30280002A8600002A8602002A8601002A833
S31508025D40789001A884A001A8BC3E0000843F000008
S31508025D50F8B5644880214902C1610221624A51604C
S31508025D600021624AD162624A118003215E4A1160A9
S31508025D70022101605F4DCC01A868204010D05B4823
S31508025D800068F0210905014090200005814207D0EC
S31508025D90022059490860012001F00EFC57480460A8
S31508025DA0202057490860802056490860CC20800187
S31508025DB05549086001245548046028680090000483
S31508025DC0070F53480068C505ED0D103DC02028434E
S31508025DD0C0B2FFF703FE4548C06B800309D5092FF9
S31508025DE007D0FFF774FF002801D003F0F7F801F097
S31508025DF017FA48480668032D41D000980007000F95
S31508025E000090032803D0022806D1032F37D000F0CA
S31508025E104FFA0098032803D0062F30D1062D2ED02C
S31508025E203D480068C00B204001D001F0F5FC3B4814
S31508025E300068000108D5052D06D1012538480460F9
S31508025E406005FFF719FF00E000253100380000F071
S31508025E5063FA0600002D06D000F01EFC31480460E5
S31508025E6002203149086060052E49486580092F4994
S31508025E700860FFF72CFF002801D003F09AF81A48A9
S31508025E8021040162002F08D102214160002017492E
S31508025E90C863C020C0001C4948643000F2BD80B502
S31508025EA0FFF7DCFE22480078800602D40220214948
S31508025EB00860FFF7DCFE01BD02201F490860704733
S31508025EC0802000061D49096801400AD0C10D1C4AF6
S31508025ED01278920701D51B4A00E01B4A11601B493A
S31508025EE0086070472C1002A8282002A80C0002A8F5
S31508025EF0683E0000B00002A86C1102A8B82002A8E9
S31508025F0094E001A80CC001A8146001A8C4E000A886
S31508025F1004ED00E0B44000A800E200E0083F0000FB
S31508025F20645000A8646000A82C4000A880E200E043
S31508025F30D83E0000081002A8082002A8440002A8B9
S31508025F40883E0000FC1302A8FC2302A8442002A8EB
S31508025F508F480068800700D4704770B58D480121C4
S31508025F600422BE4B0C02E025ED0086682E4002D0C4
S31508025F701C601A6119610068054002D01C609A60AB
S31508025F80996070BDB648012181600160704710B5FD
S31508025F90012081498A680240FCD1B24A042313616E
S31508025FA00C680440FCD193600002106010BD7B4966
S31508025FB008680122104200D1704710B5E023DB00C1
S31508025FC00340FF24A41CA34204D3B74B1B689B06B9
S31508025FD000D54868024001D000F030F910BDF8B586
S31508025FE00700914E30683F2188439049097801435A
S31508025FF03160FFF7DCFF8E4C8E4880214903082565
S315080260008D4A1268D20504D565600322B262016020
S3150802601006E0C822B2620622934B1A60934A1160BE
S315080260208909C160386858390968814201D20091E4
S3150802603000E000900099401A38600121380000F00B
S31508026040D1FB06003868009940183860FFF780FFD0
S31508026050002E12D1002078490A68D20500D41020F1
S3150802606060620868284001D0256000E065609248B1
S315080260700068400001D5680260623000F2BD8B48B4
S31508026080017809060DD5007F00280AD0864841689E
S31508026090C90606D40068A0210140481E8041C00FE7
S315080260A070470020704780B5FFF7E9FF002803D044
S315080260B00021042001F048FC01BDF1B57F4F80485C
S315080260C0F860EE20C00438607E487F490860FFF712
S315080260D0D6FF002803D00021042001F035FC8020D9
S315080260E0C0017A49086008247948846501257D64D7
S315080260F01D2077498862774E9B204000B0610720B1
S3150802610001F05AFA0220724988624B490A68D20695
S3150802611003D56F49704A0A6008E00F2209682140D0
S3150802612002D03100103101E0310014310A606B49A6
S315080261300968002900D4B461E32109013160C0214C
S31508026140C900674A1268F823DB01134001D1F162DC
S3150802615000E0B9655D490A6C2A4008D0496BC9074F
S3150802616005D460490968084001D101F00BFC0020FA
S31508026170C0435D490860554C606B054001D1FFF785
S31508026180E7FE009801F006FA606B8001FCD4F1BDC7
S31508026190500002A8900102A8940102A8903F0000AC
S315080261A070B542480178090606D5007F002803D053
S315080261B00021052001F0C8FB1B4801683F229143D4
S315080261C04A4A12780A430260404849490122436B07
S315080261D0134001D10A638A62972252000A6010228A
S315080261E00A60444AE3231B019366434BCB610021B1
S315080261F0424B196080235B00072408210E4D2E6846
S315080262000E4005D094672C68234006D1916704E0B6
S31508026210D4672C68234000D1D16703231360116326
S315080262200903016070BD00002C8001A86A3E0000C7
S31508026230601102A8981002A8FC0302A8F02109011D
S315080262402F4A116001402F48016020202E4908601C
S315080262502E4909680840BE4908607047881102A895
S31508026260902102A8882102A80C9001A8982002A8C9
S315080262702748AA4982680A4002D1C268114001D059
S315080262801049016013480821B24A13680B4000D02E
S3150802629081611178C90602D58C2109010160142091
S315080262A0AD490860F9E10000440002A8D83E0000A2
S315080262B00448054908607047EC0002A8242102A890
S315080262C0000FFF0001200000706201A8100002A85A
S315080262D0C01002A8501102A8BD03000028C000A8D9
S315080262E0A88001A8403E0000B46000A86B3E0000EA
S315080262F0682102A8E82002A810100000C00002A81F
S31508026300586001A8585001A8482002A8184001A8B8
S31508026310704201A870470000F8B586B005000C0067
S315080263208E480068400102D52000402404438C4868
S31508026330C66AFFF7A9FC0590B00503D58948006827
S31508026340FFF7D8FA0020019001237006C00F0290C9
S31508026350FE229201916800209060B8204000824E89
S3150802636030606608B82030401278F0261640402E73
S3150802637002D10200402010430D2D02D10A00042149
S3150802638011434A0704D502001420104310229443ED
S31508026390764A12686D462B70D20506D580225200BF
S315080263A0734B1A60020001201043029A002A11D187
S315080263B00C220240082A0DD00200694B9B6BDD06AF
S315080263C001D41025AA439B0601D420239A43B1235C
S315080263D013404FD06A461278002A4ED0A54A956BCA
S315080263E0966D01236D076D0FAD1DAB40F504ED0CDF
S315080263F05B1B9BB2082B09D280200623584D2B60C3
S315080264004302A04D2B6000236D462B708123034067
S3150802641036D00823029D002D00D113620D000821F3
S31508026420294310239C4304231D059F4E3560DD0432
S31508026430984E35606D462D78002D1ED0062B24D336
S31508026440464DEE6CF60620D5984E3668360E0196FF
S315080264506D69ADB2954EF66B360603D02E008025D1
S315080264606D01354315612D121561404A1268D5052D
S3150802647092D40AE008227F4B1A620491009031E016
S3150802648027A34506ED0E5B5DD4E7049100903448D8
S31508026490026B86490968774D2E686F463E81282623
S315080264A016401E43930CDB0133431600120E32408C
S315080264B0102632401A43890040231940114302AA82
S315080264C09170406B000A02A9C870FFF7F7F902A992
S315080264D008710198487176480068C8800298E8668B
S315080264E00398E8660598FFF7D8FB0825600601D5E4
S315080264F06D488560FFF7EBFB002805D06D480078EC
S31508026500002801D06C4805600498C1B20098C0B250
S31508026510FFF76BFA200007B0F0BD0000008000808C
S315080265200301070603010706050106060501060615
S315080265300302070603020706050206060502060601
S31508026540081A03D25D4909684018401C70470000C2
S31508026550481002A8F84F0000883F0000084000A82B
S31508026560180002A81CC000A8B46000A81C0100AA52
S315080265701C2100AAF8B5524F0F24012551491026AD
S315080265805148806B30401BD0012008704F48006884
S315080265907969FFF7D5FF4E49096F4018012868DB6C
S315080265A001F098FA4B490968090B0C40022C5ED196
S315080265B06905494A116049490E6443490D6056E026
S315080265C02E024148006CC0001ED545480068E021ED
S315080265D0890501404DD03F4D2868210301407001CD
S315080265E0814246D1FFF750FB3E4A3F49096831408E
S315080265F002D03E49096811602968090B214002291F
S31508026600F3D0FFF74AFBF1BD39480068002830D0BD
S3150802661001220A7000F0BEFF00282AD101F05AFAB8
S315080266202C490968090B2140022920D1284A1278E7
S31508026630D20705D52F4A12680A4001D0224A1560A8
S31508026640264A1160690239601F490E60214A11689B
S31508026650090B21400229FAD01168090B0C40032CB8
S3150802666002D029041C4A11600021214A116001F056
S3150802667035FAF1BD540000AA802080041E4908603C
S3150802668070470000141100AA802040041A490860C5
S31508026690704700004C5001A800BF18480168490716
S315080266A001D0FF2141617047441002A8184001A891
S315080266B0448001A8E43C0000845000A838C001A820
S315080266C00CC001A86D3E0000100002A81CC101A85A
S315080266D0883E0000B00002A81C1002A8082002A8E2
S315080266E04C4001A8800000AA084000A8904000A8D3
S315080266F0443E0000083F00003C2002A80C4000A8C7
S315080267007047FF2807D0032805D22B490978C140CC
S31508026710C807C00F7047002070470000F0B58020F8
S3150802672000020821254A11600A230121244A01246C
S315080267309C40044325A5ED5C25439560F025214E32
S3150802674035601E4D24A6F65C022737432F600426C1
S315080267502E601D4D2D680D4006D1CD026D1E03D04B
S31508026760966C3603FAD401E00220F0BD956CD66C1D
S315080267706D036D0BAE4200D220005B1ED7D50823EF
S31508026780104C23609060A84B1B685B0112D5A74C7E
S3150802679063785D1C01262E4066701D000626754329
S315080267A065191268AA80E88023700348027899401E
S315080267B0114301700020F0BD9C3F0000889001A89B
S315080267C0448001A888A001A8140002A800000001BC
S315080267D0010204081020200050505040404040302A
S315080267E020202000F1B584B0914C92484068C0053B
S315080267F016D5606AE021C9000840884210D1A84827
S31508026800006E0004000FA7490A68D20601D50728B8
S3150802681004D00968C90603D40B2801D1002000E177
S31508026820FFF7B0FBA0484069400101D401251CE0EE
S315080268309E48826B00207D49C3B206256B43CB185E
S315080268409B8895B2AB4204D0401CC3B2022BF3D349
S31508026850FF200870012594484069400105D508784B
S31508026860FFF74FFF002800D0002591485021405CD1
S31508026870000608D58C480078002804D08A48407853
S31508026880002800D10125E06902906A480068E061A3
S31508026890884E0498006831684718012F15DB00F006
S315080268A0F0FDC001381A01280FDBFFF770FB00F074
S315080268B0C3F8049800683168401800F06BFE002897
S315080268C003D00021049A116011E0C020C0007A4961
S315080268D008602068794F072832D005210840052824
S315080268E008D021600C2000F067FE002802D0029929
S315080268F0E16196E0724EFF207A3070620420B0623F
S31508026900FFF745FB02203060E020C00478606A4841
S3150802691080218904416002210160012000F04CFEB9
S31508026920802080007062022000F046FE8020C000AF
S3150802693070620820B062022000F03EFE0220B062B9
S31508026940604EE0204000F06159480078C00705D53E
S31508026950802000065C49086040083060042000F088
S315080269602BFE019000284AD102203860800270640A
S31508026970C001706410204D4908600120B0674C4F71
S315080269804748006840061ED447484069400113D567
S31508026990264800786946087068460078FFF7B1FE0F
S315080269A0002809D021486946097806225143401829
S315080269B0C0883E49086406E001203873FFF7AEFE38
S315080269C0019000281BD10120384908600020C867B9
S315080269D0022000F0F1FD3C4E4020F061C030F0612B
S315080269E03878C00705D5C020000630602F48006CED
S315080269F0F881022000F0E0FD8120C0027064002DBB
S31508026A0005D027480068800101D4FFF716F9E06926
S31508026A10E0214903014002982C4A02400A43E261F6
S31508026A20019805B0F0BD0000083F0000583E00007E
S31508026A305C0102A8F80302A838B5FFF7A3FAFFF724
S31508026A40A6FA23480068C0050AD522480068000B42
S31508026A500F210F220240072A20D001400B291DD000
S31508026A600224124804601C4D0820A862C00168620C
S31508026A70012000F0A1FD200268622C600620A862AF
S31508026A8016486862E0204000154908600B48046011
S31508026A900021144A1160C021C900016031BD0000FD
S31508026AA0500002A8B04301A8F43E00000C8001A8D9
S31508026AB0883E0000DC3F0000981002A8982002A831
S31508026AC05C1102A8109001A810A001A8FFFFE3FF1D
S31508026AD0FC0302A8B00002A85C2102A8F961000022
S31508026AE02CA001A85C0102A838B50400FFF74FFAEA
S31508026AF02048C021C900204A1268F823DB01134046
S31508026B0001D1816101E01D4A11601D4980225200AE
S31508026B101C4B1D68154003D008250560032001E0BB
S31508026B20AC20400088641868024001D10A20086037
S31508026B3015488021490301608909C1601348006824
S31508026B40AF21C90145182068854200D30500401BBC
S31508026B50206000212000FFF745FE216849192160BF
S31508026B6032BD802000010A4908600001094908600F
S31508026B7070470000641102A8AC8001A87C2102A813
S31508026B800C8001A8FC0302A8981002A8A43F0000E2
S31508026B90441002A8685000A8F1B584B0B34800684A
S31508026BA00190B3488069AF21C9014018B1490978F3
S31508026BB0C90708D40499884205D2081A00F0EAFCE3
S31508026BC0002800D05EE2AC484068C00700D559E20A
S31508026BD00420C749C8628003C6498862A548006D71
S31508026BE00090A548806B8507AD0F2024032D03D09E
S31508026BF01020BF49C86224E0200388629E49CA6BF6
S31508026C00224001D0012067E0009A120610D5CB6B0C
S31508026C10022213400CD1B84B05261E60CE6B1027F4
S31508026C203E4032431A6000221A608A6B120A1A60C0
S31508026C300422B04BDA62C96B002902D5AC498862D4
S31508026C400025009800060BD5AC480078002807D026
S31508026C50A748C462CC4800682040A649C8620EE02C
S31508026C608548816B490704D5806BC000E10008405E
S31508026C7003E07F488068C10701D5FFF7DFFA0121E3
S31508026C800098084008D0C148AA018018006AC004C2
S31508026C90C00C401ED04A106000200022CF4B1E684E
S31508026CA0360403D59B6F002B00D40122C02189002C
S31508026CB0CB4B596529026F4B1B78DB0701D4002A97
S31508026CC002D0C022920000E00A00C64B1A60C02217
S31508026CD09200C34DAA6559606749096C94229205C8
S31508026CE00A40150000D00125284300062ED0834805
S31508026CF0007DC0210140402902D1FFF7D0F801E00A
S31508026D00FFF7DAF85C4804602D061ED0B64C806B95
S31508026D10400709D58020C001764988620220206092
S31508026D2000F0CAFA002807D004207149C862400256
S31508026D3070498862000120604E485021405C000676
S31508026D4003D5802000036A4908609BE14A484068E7
S31508026D50C007FAD420036749C862FEF77FFF9E4838
S31508026D60406E4549096C090408D4C00606D5FEF7E3
S31508026D708BFF0221C44A1160FEF78FFFFEF777FFE9
S31508026D80E0013D490860C14CC0252D06A5600001F9
S31508026D90BF4908603848806B4007C10F68460170D2
S31508026DA0BC4EA0270198C00700D4A9E000F092FEC5
S31508026DB00290FEF783FF3048006C40040DD400BFF2
S31508026DC000BF00BF00BF00BF00BF00BF00BF00BFBB
S31508026DD000BF80200006BA490860FEF774FF0298D1
S31508026DE000F07CFEEE20C004AB490860802000015A
S31508026DF0206203203064FE20C00370644220019999
S31508026E00C90501D4706000E0206067600820A049C7
S31508026E1008660420AB4908601748006CC00236D5DC
S31508026E201348026F110CA84B1204D20B9A5A102956
S31508026E302DD30388E72B2AD395267600B34205D8A5
S31508026E40F31A1B095A43930A5A4204E09F4E9B19A6
S31508026E501B095A43920A52B289188369466A7243CF
S31508026E609A1882616F2909D36F210AE0FC0302A8E6
S31508026E708C3F0000883E0000100002A80F2900D2AD
S31508026E800F21080208430904014391480160824818
S31508026E9090498164A90CA16002217D4A5167A90D16
S31508026EA08160F021090141658020400060610A2065
S31508026EB000F082FBA560822040026066012000F095
S31508026EC07BFB0120A060062000F076FB80200002F2
S31508026ED0A060082000F070FB80200003A0608000FC
S31508026EE0A060032000F068FB8020400249E000BF52
S31508026EF01C2002A81C1002A8E40000AAF43E000006
S31508026F000198400744D56448EE21C90401606049E6
S31508026F108222D204CA66802292002262D2018A663C
S31508026F20A90C81646C48A0600A2000F045FB002089
S31508026F3030640199C905306000D508207060676021
S31508026F40534808210166022141670A2000F034FBF2
S31508026F50A56062486066012000F02EFB062000F05C
S31508026F602BFB0820A060062000F026FBE80DA06097
S31508026F70082000F021FB6020A060032000F01CFB23
S31508026F8002205049086008E0184001A80C0000AA2F
S31508026F90534A4021002001F015F80020C043104949
S31508026FA0086000F06EFA964D401DC001A96947189F
S31508026FB08020C00193494E6F0640934908600498A1
S31508026FC0874214D2A969401A00F0E4FA00280DD0C3
S31508026FD08E48066056E000BF204000A8684101A816
S31508026FE0B46000A8085100A8685000A8049F019838
S31508026FF0400702D58020800000E08548A060012075
S3150802700000F0DAFA8020400021490860380000F0D2
S31508027010C1FA804C2078C00703D58C204005FEF7BC
S315080270202BFE68460078002807D1764800687A4918
S3150802703088608020C003794908607448066016484B
S315080270400199490704D5802189008164214903E011
S3150802705002218164C021890181646846007800287A
S315080270600AD0012000F0A8FA5020205C000603D5B9
S31508027070802000038F490860A848006CC00201D529
S31508027080E86EA86105B0F0BDD4E40350641102A805
S31508027090B81002A8600102A8242102A880B5FEF74A
S315080270A0F3FD984900220A600A22CA61FEF7F5FD35
S315080270B09548C021890201609949416001BD0000D5
S315080270C004500950C82102A8C0000000D6FEFFFFDE
S315080270D0DC4001A804040000040440000204000085
S315080270E0110700008D48806B800300D47047F8B5FD
S315080270F08C4800680090002400200126009931403F
S3150802710002D0C020800103E00099490700D58648CD
S31508027110864902220A600864082785480760854866
S315080271200068C00403D4844800683840FBD0834D05
S3150802713037486865042000F03FFA8820C00468656D
S315080271400098064024D0A02080036865012000F03C
S3150802715033FA7B48686500F0BDFC0600FEF7AEFD13
S315080271606E48006C40040DD400BF00BF00BF00BFCC
S3150802717000BF00BF00BF00BF00BF00BF80200006DF
S3150802718070490860FEF79FFD300000F0A7FC08E092
S31508027190602068657803A860012000F00DFA6A4845
S315080271A068656A4E0098C005346001D5776000E0CC
S315080271B07460C02000066865C00C65490860012035
S315080271C000F0FAF9F0200001E86662480099C9055C
S315080271D002D50321016000E00460862040025E4970
S315080271E008605E4868652F60A02028653464746468
S315080271F0B8024A490860000159490860F1BD000011
S315080272008C3F000020C001A894E001A894D001A8F0
S3150802721002400000883E0000F43E00001C1002A84E
S31508027220F8B5504800680D2707400424002F00D1FE
S315080272300427FC2080011025660308214A4A4B4B85
S315080272401B682340126816D04260394004D00220D7
S31508027250FEF744FC464806603C4009D0FE20800101
S3150802726000680543FE2080010560B00840490860B1
S315080272700220404916E00260394005D00220FEF796
S315080272802DFCA0023A4908603C4007D0FE20800146
S3150802729001680D430560700935490860354806607E
S315080272A030032F490860FFF71DFF00210020FEF773
S315080272B09CFBF1BD1C2002A810B580202E490A6845
S315080272C002400AD02D4B1A680624144005D15C6E7A
S315080272D02B4A22401B6D9C0101D5002010BD09686E
S315080272E008400DD02748824203D1180501D501204E
S315080272F010BD25480068C107C90F481E8041C00F46
S3150802730010BD0000D80000AA442002A81F48032185
S315080273100164A821C163102101607047100002A808
S3150802732004000080FC0302A8040400002C1102A831
S31508027330106001A8D84001A8104001A8182102A887
S31508027340018000000460095089050000600102A856
S31508027350B06101A8548001A8C82102A8043400001B
S31508027360482002A8B44000A81CC101A8480002A8E7
S31508027370441002A8685000A8440002A814C001A834
S315080273801F1F0000010C000030C101A8082002A836
S315080273906C4800680121084209D16B4A12686B4B96
S315080273A0000C1840F03291400B40984201D002205E
S315080273B0704700207047F8B507000F386A461080F4
S315080273C0604CE0680A0004D16B461B8882B29A4276
S315080273D03AD200226B461A80012502263A0013D0B9
S315080273E02268324007D000292ED059480088401C0E
S315080273F05749088000203900216156490E6080B23B
S31508027400B84201D369460D805348456000E030BF53
S315080274102068304003D1FFF7BBFF0028F7D04D485C
S315080274204560390010D02168314005D048490A889C
S315080274306B461B88D2180A80066000202061E06825
S31508027440B84201D244480660FFF7A2FFF2BD38B53A
S31508027450050000F03FFB0400012199204543A809D5
S315080274603E4A12688018123880B2FFF7A4FF050058
S315080274708020C0013A490860200000F02FFB28004E
S3150802748032BD334803883549096802889342F9D1DF
S31508027490100408187047FEB51238070C69460880AA
S315080274A000F018FB0190274C294D2888B8421ADAB1
S315080274B001202C490860274E30BF0220216801406E
S315080274C006D030604003264908602888401C288078
S315080274D0FFF75EFF002802D12988B942ECDB0121B9
S315080274E0716000280DD12888B8420AD1E068694639
S315080274F00988884205D2002168460088FFF75BFFA3
S3150802750001E0FFF745FF04008020C0011449086026
S31508027510019800F0E3FA2000FEBD10B512490A6888
S315080275200E4B1B680C689442FAD0DB014033141ADE
S3150802753002D288692418641C0C4800684443181B44
S3150802754010BD0000280002A804ED00E0FF3F00007D
S31508027550683E0000282002A8281002A8340002A8C3
S3150802756080E200E02C1002A820C001A8B43F000067
S31508027570F0B502E00A601C602E607EC84F1C07D078
S315080275805F1C04D06F1CF5D10A601C60F0BD0A604E
S31508027590F0BD000010B5C409FFF773FF201A3128A1
S315080275A006DAC000183801D4C01EFDD5002010BD69
S315080275B02000FFF770FF10BDC32148436F3801D47E
S315080275C01E38FDD50020704780B5FEF787FA0120E0
S315080275D08A49086001BD38B589490C680825894970
S315080275E00D60FFF7F1FF2C4001D08748056031BDD9
S315080275F080B5EB2000F001F801BD30B583490B6870
S3150802760018401022134210D0814B824C2468224023
S3150802761008D0B04A14682402FF252D0225401D63AE
S3150802762000241460802252031A60086030BDF3B544
S31508027630010016001C0000250095A748019A330090
S3150802764000270BE0BC464F5D4743AE009E597E407D
S31508027650575D47433740664637436D1CA542F1D30B
S31508027660390939438A080A43510811430840C109AE
S3150802767001430F208A0B0A4302405040F6BDF1B57A
S3150802768082B00E00002093490860944DEF7AA87ADA
S3150802769001900F21394000910ED00B46904A91492C
S315080276A00298FFF7C4FF019901408A4801608E4893
S315080276B041438E48084001D1012400E044013809BB
S315080276C015D032003B0929000298009E6D7A751979
S315080276D04019FFF7ACFF0199091101407D4802687C
S315080276E00B0113430360002901D048004443804834
S315080276F00068204001D10420FEBD0020FEBD80B5F1
S315080277000A00002111807B4952888018FFF7B7FFCB
S3150802771002BDF0B50F22784B5C7905780F20204020
S31508027720C5402009284001259C79C4402C4001D136
S315080277300320F0BD374C2468254008D06F4D9E685B
S315080277404700F65B761E2E608026B601EE60DD786F
S31508027750DE79C640F00711D5E0060FD5002D0DD00B
S31508027760674848600888488008881C7800192A40B3
S3150802777080185A7880182A09801800E000200880A4
S315080277800020F0BD10B55F4801685F4A0820014233
S3150802779000D09061C90602D58C21090111605B49A6
S315080277A05B4A5C4B1B681B040CD54B685C0402D510
S315080277B0C303136006E0C024A4011C4043029C4292
S315080277C000D010600B68034005D0534B1B689B0F13
S315080277D09B0700D010600F480078C023034002D1EF
S315080277E080204005106008682021084010604B4838
S315080277F00068C00101D4FFF7FBFE10BD2C4000A8AB
S315080278004C4000A84C6000A84C5000A8883F0000D5
S315080278101C1002A8D83E0000F8B5414F38687E68A9
S31508027820064040483040404908608024A4033F4D42
S31508027830F00227D53E48016801200A0605D53D49CA
S315080278400968A9602870022014E0014202D03A4968
S31508027850A9600FE00020C9060CD52949A960374A54
S3150802786091780B071B0F12789A1809095118A980E3
S31508027870E880A888A880A888002801D0264301E0C5
S31508027880FFF7B6FE264023D0274E74603460A888D8
S3150802789000280BD0396A814208D3291D2848AA68CC
S315080278A090470100F3D0FFF78FFEF1BD01000CD01F
S315080278B0FC218902F16123490203CA6134604C60E2
S315080278C03A6A824204D30C60F1BDEB20FFF795FEBB
S315080278D0F1BD0000483E000001010101583F0000C9
S315080278E0103F0000503F00001111000021840000E3
S315080278F00C3F0000303F0000603F0000204000A817
S31508027900B3220000F84F0000502102A8184001A82F
S31508027910481002A8684101A84C4201A8D04000A814
S31508027920B44000A8FFFFDFFFB46000A84C3E000089
S31508027930D83E0000DC3C0000C7220000613F000080
S31508027940D84000A8B45000A870B505000C0000F095
S31508027950C1F80600FEF7B2F920020543064805609B
S31508027960022006490860FEF7AEF9300000F0B6F8C4
S3150802797001200349087070BD0480095040900950DF
S315080279806C3E0000FEB5C020C00433490860334887
S31508027990334948653348886533484024046044605F
S315080279A01020FFF709FE002854D1FF2000052F49B1
S315080279B008602F482F4908602F4829490860A503FF
S315080279C02A4805602D4807680820FFF7F5FD0028B4
S315080279D040D108262A4806600120FFF7EDFD274810
S315080279E0806801902748066027481D4908601F4895
S315080279F005600820FFF7E0FD00282BD12048066025
S31508027A000120FFF7D9FD1D48806800901D480660D1
S31508027A10134D1E4828600199009800F03FF8860623
S31508027A20B60E0198C10B0098C00B00F037F8000299
S31508027A30FC2189010140314329601048076060032F
S31508027A400A490860124804604460124901641249EE
S31508027A5041640020FEBD000020E000A85714000083
S31508027A604C0102A8FF3FFF3F601102A8B42002A8FA
S31508027A700000380EB41002A830300000104101A8E8
S31508027A80105101A8106101A8101000002020000062
S31508027A90602102A8F703F000FF3F000010B5490471
S31508027AA0CA104004C310991A00209A18D30F9A18BC
S31508027AB0521052188B115B0E5B18DB11D218202359
S31508027AC0541A01D422001843CC0F611849105B08D6
S31508027AD0F6D110BDEFF3108072B67047002800D1B8
S31508027AE062B6704710B5C20018231340FF249C40A3
S31508027AF0E2438907090E9940030004D473489B0898
S31508027B009B00C01806E0724B0007000F0838800871
S31508027B108000181803681A401143016010BD80B529
S31508027B2074225421002000F04DFA01BD10B5FFF76A
S31508027B30D1FF684901220A60674B684C2360684C8A
S31508027B4023600323674C2360674C2360674B1A60E4
S31508027B50674B1A60674B80241C601A60664A1A6073
S31508027B6011228A63FFF7BAFF3F2064490968014078
S31508027B700A1D402A00D2081D614A1070A4480170E5
S31508027B8010BD80B501001120FFF7ACFF01BDFFF75C
S31508027B90A1FF05000024012160B2FFF7A3FF641CC0
S31508027BA00E2CF8D301210F20FFF79CFF0121132089
S31508027BB0FFF798FF01211720FFF794FF0321012001
S31508027BC0C043FFF78FFF01211E20FFF78BFF4D48A9
S31508027BD04D49086002204D49086001209B4908600A
S31508027BE047044B4C20693840FCD02068800101D4F8
S31508027BF0FEF713F82800FFF771FF464800680003EE
S31508027C0011D4972252005321002000F0DBF90AE032
S31508027C1000281CD0FEF738F819E020693840FCD055
S31508027C202800FFF75BFF206E0004000F022801D12F
S31508027C30FEF7A0FCFFF74EFF0500764EFEF734F876
S31508027C4000287078E4D0002801D1FEF726F8012032
S31508027C502E493278002A05D16F4A1268920600D454
S31508027C60086030BF0022327002220A607749086033
S31508027C70D3E77748016842680A40764810401749B0
S31508027C800860800700D4704710B57C480188491CF3
S31508027C9001807B4C2078000617D57A490A680F209E
S31508027CA0120B0240032A10D1774A12685207520F62
S31508027CB0032A0AD80968090B0840032805D10D20AA
S31508027CC0FFF789FCE08A401CE08210BD00E400E070
S31508027CD01CED00E0040002A80000FF3F282002A8CD
S31508027CE02C1002A840E002A844C002A804C001A8B9
S31508027CF0044001A8145001A8200060062C8001A89F
S31508027D006A3E0000FFFF9B4000E100E0602002A8F7
S31508027D10500002A8F80702A8F8B55C4C2068656806
S31508027D200540914805605A48284007D0FDF7CFFF1D
S31508027D30002803D0280057490968884701210222EA
S31508027D408A480078C00701D5022300E001232B40A8
S31508027D508748002B10D0874B1A60874A12680A4058
S31508027D6007D10268F0231B0513409022120593429D
S31508027D70F3D00902814A116080210D4220D0A26AFD
S31508027D80F823DB0113401BD0C0221201934217D8F5
S31508027D9080231B068A4E3360A76AF826F6013E4000
S31508027DA0384F3F683F043F0F022F01D0032F03D1FC
S31508027DB0002E01D09642EFD3914A13606A4A1160A7
S31508027DC09049097806290DDACC20800128401DD071
S31508027DD0FFF780FE04002800FDF736FC2000FFF7B7
S31508027DE07DFEF1BD806B800510D58748284005D0F9
S31508027DF0FEF790FA2800FDF727FCF1BDA80205D583
S31508027E00802040015849086080490860F1BD000099
S31508027E106B3E00006D3E0000F40302A810B57C48D4
S31508027E20016844680C407B48046080210C4205D0F6
S31508027E304160794801600020FDF706FC600403D51D
S31508027E40802040057549086010BD0000601002A830
S31508027E50280002A8FFFF00C038B5714801684468C7
S31508027E600C40E00707D5FFF735FE0500FDF786FC4F
S31508027E702800FFF733FE6B48046031BD683E0000F8
S31508027E80D83E0000B00002A8184001A8104001A878
S31508027E9002000600E03C0000FEB5634C206C676CED
S31508027EA0074001252F4216D02E0660480660206834
S31508027EB05F490D60002802D00021FDF739FE5D48B2
S31508027EC00068A021C90188428041C043C00F5A49AF
S31508027ED048705A480660FDF7D7FE0190022007400F
S31508027EE03ED06168CEB20F0A55490822494B44036F
S31508027EF0012E24D0022E31D1012F22D1514EF678ED
S31508027F000096504E37780126BE404F4F3E604D4E82
S31508027F103678760590277F04F71903263E434B4F9A
S31508027F203E601C604A4B1C600B68009C1B194B6523
S31508027F30444909788D4047490D6047490DE000904C
S31508027F40DFE7002F0AD1454E356000254D655C6096
S31508027F501C60C104424B196042490A6034490860F0
S31508027F600198FDF79AFEF7BD106001A8883E000049
S31508027F700C0002A86C1102A8B44000A8B82002A8F6
S31508027F8070B5FDF781FE0400FFF7A4FD2F490A68C4
S31508027F90D2070FD52A4A566D1368334D2E60CE681E
S31508027FA06E604968E9818021C904204E3160297BC7
S31508027FB059185165FFF792FD2000FDF76EFE70BD58
S31508027FC0E06101A8002800D0704770B50C00FDF7E3
S31508027FD05BFE0500FFF77EFD0600FDF76FFE2348F0
S31508027FE004600121224A1160026C0A40FCD1FDF7A5
S31508027FF06AFE3000FFF772FD2800FDF74EFE70BDDF
S31508028000E05101A8383E000000104006145001A8AD
S3150802801090C001A890E001A80CC001A804ED00E0F8
S31508028020C0C000A8C0E000A800C002A8441002A868
S3150802803040E002A8404000A86D3E0000442002A885
S3150802804018800A50813E000068A00A5060C101A843
S3150802805094D001A868900A50F42302A860E101A806
S3150802806080E200E0F41302A8783E0000008009507E
S315080280704090095080B5FDF72AFE002801D000F08D
S31508028080B7FE01BD80B5FDF763FEC648006800036A
S315080280900AD4FEF70DF9FFF725F8FEF781F8012055
S315080280A0FEF7FCFFFEF7C8FC80208005FDF7E4FD1D
S315080280B001BD80B5FDF74CFE80204002FDF7DCFDD0
S315080280C001BDFEB505208F4908608F48046801275F
S315080280D03C4201D1FDF756FFFDF73AFE8B49086887
S315080280E000908B4849680160A105CA0F69460A7162
S315080280F000253C4210D00095994949680160984884
S31508028100026898490B68981A9A4202D38B69C01872
S31508028110401C954B9842F5D3A34E356068460079C4
S31508028120002804D021000098FDF76AFB009000247D
S315080281303068384003D16846FDF751FF0400FDF761
S315080281409EFF002846D08648407C002842D197499F
S31508028150834DEE680A6933689A4200D00120944A30
S315080281601278022A0DD2934B9C4606235A4363463B
S315080281709B5AB4460200182672436646B2185360E2
S3150802818000E00224009A0192EA680123434018207B
S315080281904343D61830680861B0680860A248F16897
S315080281A00160316901627069A049086001A8FDF79A
S315080281B016FF002808D17E490978022904D27D4A89
S315080281C006235943515A7160210004000C4301D118
S315080281D06F7401E0002C02D10098FDF76EFF9E48ED
S315080281E0076002209D490860C820C004BB49086090
S315080281F07804FDF741FDF7BDF8B5994C8025EF02E5
S31508028200FDF73DFF002808D096480078002804D1DB
S315080282103800FDF731FD2560F1BD206CC00506D595
S3150802822080200006206000BF00BF40082060FEF7DD
S315080282301FF8FDF78DFDFDF77FF90600A848A94945
S315080282400860FFF717FF3800FDF716FD002E00D06D
S3150802825025600120A4490870F1BDF8B50120FFF791
S3150802826090FCA24CA24800682060FDF771FD7820B8
S31508028270205C0521014002D0FDF711FE01E0FDF761
S315080282801BFE774D0227A06F384001D001202860D7
S315080282901020C043974908600026EE639648066098
S315080282A0FDF715FD002802D000F0EFFD00E0666339
S315080282B0FDF7D4FC91480068296C090407D4000725
S315080282C005D5FDF7E1FC8E490F60FDF7E6FCFDF7E3
S315080282D0CEFCFFF757FAB804FDF7CEFC0020FFF7ED
S315080282E050FCF1BD80B5FDF733FD2E48006800034A
S315080282F003D4FDF755FFFEF79FFB80204003FDF7E9
S31508028300BBFC01BD5C1102A8440002A8B83F0000EC
S31508028310443E000038B5FDF71BFD514C2025FEF7FB
S31508028320CBFF002806D0606B000704D5FEF7EEFFE8
S31508028330FEF717FC2560FDF733FFFEF77DFB714854
S3150802834000780C210140042902D1FDF7A8FD01E0BD
S31508028350FDF7B2FD6804FDF78FFC4020206031BDB1
S31508028360E43E000020C001A801FF00001CB505205C
S3150802837065490860FDF7ECFCFEF7C8FF634800682C
S3150802838000906846FEF7B0FB0400FFF773FE002C68
S3150802839002D10098FEF700FC80204004FDF76CFC31
S315080283A013BD00000C0002A8403E0000348001A85C
S315080283B0583E00005E3E0000F8B5FDF7C9FC544C75
S315080283C0A56A5020284002D0FDF769FD01E0FDF7B5
S315080283D073FD234FFEF770FF00281BD1B86B4007C9
S315080283E01DD4786BE0214901014018D1A80611D4A1
S315080283F0FDF734FCA56A474E354207D0FF20C04335
S315080284002D18A56280200005A9490860FDF72FFCF2
S315080284102E4002D00120386001E000202060802032
S315080284208004FDF729FCF1BD1C4101A8284000A8DB
S3150802843080B5FDF78DFC9F480068C00501D5FDF79C
S31508028440AFFE0120FEF72AFEFEF7F6FA8020C004E8
S31508028450FDF712FC01BD0000442002A8305201A813
S31508028460100002A8F53E000010B526480468FDF77C
S315080284706FFC9149096809032AD40321C00601D56C
S31508028480214001E0A0080140012902D1FDF707FDBC
S315080284900BE0200107D50E20FFF796F8874804213E
S315080284A0016008210160FDF707FDFDF780FD844C98
S315080284B0206984490860FFF7DDFD2068002807D097
S315080284C04000122802D2FFF777F801E0FEF7BFFF55
S315080284D080208003FDF7D0FB10BD0000106001A8C4
S315080284E070012000B46000A86D3E0000903E0000B6
S315080284F008C000A8482002A8483E0000844000A8F8
S31508028500D4E40350083F00005C1102A8CC3F0000E7
S31508028510E03E000000FFFF00FEB500246A490C7326
S315080285200120694608700294FDF712FC0600624FA4
S315080285303868000300D5B5E003209F4908649F48C0
S315080285400268FF2080019E4910255F4B1B78DB07D6
S3150802855020D51207120F022A03D09A4A12682A4015
S3150802856004D1594A5268584B5B7801E08A680B680D
S315080285708E6A096A0091911B14225143DBB2C9180B
S31508028580009A891A09014068081801D5019453E02E
S31508028590019051E013071B0F032B03D01204120F8D
S315080285A0062A3AD18968426802923A6C920701D53C
S315080285B0806802900800FEF7B0FF0299401801D5BC
S315080285C0019400E00190B86B0107C80F03213F4AE6
S315080285D012680A40022A1AD12E4018D03A4A126D57
S315080285E0D30512D5FE6B984B1E409E4202D17249A4
S315080285F00D640CE092050AD43A6C2823134006D17E
S315080286006B461C702A4A116001E06A461470029091
S3150802861068460678002E03D10FE00068019001260D
S31508028620FEF74AFE002808D0FEF770FE02980028D8
S3150802863002D0FEF796FA00E0002602205E4908609C
S31508028640002E10D0214800780C210140042902D0BE
S31508028650F86B054002D0FDF722FC01E0FDF72CFC81
S31508028660202078601EE018480078C00705D55548CE
S315080286700068054001D1FDF723FCFDF791FD802036
S3150802868000060B4908600020C0437049086001A82B
S31508028690FEF72AFA0400FFF7EDFC002C02D1019836
S315080286A0FEF77AFA80200004FDF7E6FAF7BD000025
S315080286B0481002A8680102A80C0002A880E200E09D
S315080286C0AC3F0000443E0000883E0000083F000020
S315080286D0FEB500245E490C730094FDF739FBFFF7DB
S315080286E0C9FC5C4DE86E5C4E0007000F07280BD1EB
S315080286F06868002808D40020FEF7D0FC306857497D
S315080287000860FDF7D0FC52E0012010276968490786
S315080287100DD453490968014009D001024C4A126D29
S315080287200A4208D0520502D42A68114001D10090A3
S3150802873001E04C48076046480078C00705D521483D
S315080287400068384001D0FDF7BBFB474801680320A3
S31508028750009A002A01D0890900E009090840019017
S315080287600020FEF79BFC0198002805D1686807409F
S3150802877002D1FDF7A1FB01E0FDF791FB002000996C
S31508028780002903D139480068FEF7C7FE7169401807
S3150802879001D5009400E000906846FDF720FC002809
S315080287A005D10098FDF789FCB0692C49086080203C
S315080287B00005FDF761FAF7BD082002A8B00002A875
S315080287C004C101A8B04301A8F8B5FDF7C1FA00240F
S315080287D000252748466B80277F05300606D53007D1
S315080287E009D5FEF793FDFEF7BCF929E001251C48D9
S315080287F00068284019D00020FEF750FC02200640E7
S3150802880002D01C490C60C8611B480468002D03D0BD
S315080288102000FDF781F80400FEF778FD2000FEF738
S31508028820BBF93800FDF728FAF1BD0F480078C021D8
S315080288300140402902D1FDF732FB01E0FDF73CFB7E
S3150802884020200B490860ECE710000010B46000A86D
S31508028850883E0000440002A8BC3F0000443E0000D7
S31508028860B44000A8481002A8083F00001CC101A88D
S31508028870100002A8180000AAD83F0000FFF756F910
S31508028880024803494860FFF782F900BF4327000000
S315080288900000000080B5EFF305800B2801D23A21CB
S315080288A000E02921922252000020FFF78BFBFEE707
S30D080288B010AFFD7F0100000074
S311080288B8C4880208988701202C0C0000D6
S315080288C459F3F8C21F6EA501000000000000F03F2C
S315080288D4C0EA2101C0EA210100800000005A6202AE
S315080288E4AAAAAAAA37000000C487012000401708CA
S315080288F400A00000305A0020C8000000FE00000054
S315080289040000000030EF01080030002030000000AB
S315080289147D8A0008FFFFFFFFFFFFFFFFA8FC01088F
S31508028924D4FE64000A00290079B800086012020815
S3150802893400000000FFFFFFFFFFFFFFFF000000002B
S3150802894400000000742402089C6200202888012082
S31508028954486700203B2A020802000000D5B4000832
S3150802896400000000000000000000000000000000F3
S315080289740B0C0000486700200300000079B50008C4
S315080289840000000003000000E86B0020688801204C
S3150802899400000000E86B0020506C0020B86C002030
S315080289A400000000000000000000000000000000B3
S315080289B400000000000000000000000000000000A3
S315080289C40000000000000000000000000000000093
S315080289D40000000000000000000000000100000082
S315080289E4000000000000060000000000000000006D
S315080289F40100000000000A00000000000000000058
S31508028A04040001000000000088130000FFFFFFFFB6
S31508028A140000000000000000000000000000000042
S31508028A24000000000000000000000000040002002C
S31508028A3400001000000000000000140002000000FC
S31508028A44000000000000060000000000000000000C
S31508028A540100000000000A000000000000000000F7
S31508028A64040001000000000088130000FFFF010053
S31508028A74080000040B0000000000000000000000CB
S31508028A8400000000000000000500000000000000CD
S31508028A9400000200000010000000000000000000B0
S31508028AA400000000000000000700000002000000A9
S31508028AB400000000000000000000000000000000A2
S31508028AC40000000000000000000000000000000092
S31508028AD400000000FFFFFFFF000000000000000086
S31508028AE4FFFF000054480208DDA00108FFFFFFFF4C
S31508028AF4F5A30108F1A30108FFFFFFFFFFFFFFFF2C
S31508028B04FFFFFFFFF9A301080DA9010801000000F0
S31508028B140000000000000000000000000000000041
S31508028B240000000000000000000000000000000031
S31508028B34FFFFFFFF7DAA0108FFFFFFFFFFFFFFFFFD
S31508028B44FFFFFFFFFFFFFFFFCF260000FFFFFFFF28
S31508028B5404F8FFFF0C000000000028FF01010102CF
S31508028B640801030401FF0C01FF0FFF0301000000C3
S31508028B749D37000875370008000000000000000051
S31508028B8400000000000000000000000000000000D1
S31508028B9400000000000000000000000000000000C1
S31508028BA400000000000000000000000000000000B1
S31508028BB400000000000000000000000000000000A1
S31508028BC40000000000000000000000000000000091
S31508028BD40000000000000000000000000000000081
S31508028BE40000000000000000000000000000000071
S31508028BF40000000000000000000000000000000061
S31508028C040000000000000000000000000000000050
S31508028C140000000000000000000000000000000040
S31508028C240000000000000000000000000000000030
S31508028C340000000000000000000000000000000020
S31508028C440000000000000000000000000000000010
S31508028C540000000000000000000000000000000000
S31508028C6400000000000000000000000000000000F0
S31508028C7400000000000000000000000000000000E0
S31508028C8400000000000000000000000000000000D0
S31508028C9400000000000000000000000000000000C0
S31508028CA400000000000000000000000000000000B0
S31508028CB400000000000000000000000000000000A0
S31508028CC40000000000000000000000000000000090
S31508028CD40000000000000000000000000000000080
S31508028CE40000000000000000000000000000000070
S31508028CF40000000000000000000000000000000060
S31508028D04000000000000000000000000000000004F
S31508028D14000000000000000000000000000000003F
S31508028D24000000000000000000000000000000002F
S31508028D34000000000000000000000000000000001F
S31508028D44000000000000000000000000000000000F
S31508028D5400000000000000000000000000000000FF
S31508028D6400000000000000000000000000000000EF
S31508028D7400000000000000000000000000000000DF
S31508028D8400000000000000000000000000000000CF
S31508028D9400000000000000000000000000000000BF
S31508028DA400000000000000000000000000000000AF
S31508028DB4000000000000000000000000000000009F
S31508028DC4000000000000000000000000000000008F
S31508028DD4000000000000000000000000000000007F
S31508028DE4000000000000000000000000000000006F
S31508028DF4000000000000000000000000000000005F
S31508028E04000000000000000000000000000000004E
S31508028E14000000000000000000000000000000003E
S31508028E24000000000000000000000000000000002E
S31508028E34000000000000000000000000000000001E
S31508028E44000000000000000000000000000000000E
S31508028E5400000000000000000000000000000000FE
S31508028E6400000000000000000000000000000000EE
S31508028E7400000000000000000000000000000000DE
S31508028E8400000000000000000000000000000000CE
S31508028E9400000000000000000000000000000000BE
S31508028EA400000000000000000000000000000000AE
S31508028EB4000000000000000000000000000000009E
S31508028EC4000000000000000000000000000000008E
S31508028ED4000000000000000000000000000000007E
S31508028EE4000000000000000000000000000000006E
S31508028EF4000000000000000000000000000000005E
S31508028F04000000000000000000000000000000004D
S31508028F14000000000000000000000000000000003D
S31508028F24000000000000000000000000000000002D
S31508028F34000000000000000000000000000000001D
S31508028F44000000000000000000000000000000000D
S31508028F5400000000000000000000000000000000FD
S31508028F6400000000000000000000000000000000ED
S31508028F7400000000000000000000000000000000DD
S31508028F8400000000000000000000000000000000CD
S31508028F9400000000000000000000000000000000BD
S31508028FA400000000000000000000000000000000AD
S31508028FB4000000000000000000000000000000009D
S31508028FC4000000000000000000000000000000008D
S31508028FD4000000000000000000000000000000007D
S31508028FE4000000000000000000000000000000006D
S31508028FF4000000000000000000000000000000005D
S31508029004000000000000000000000000000000004C
S31508029014000000000000000000000000000000003C
S31508029024000000000000000000000000000000002C
S31508029034000000000000000000000000000000001C
S31508029044000000000000000000000000000000000C
S3150802905400000000000000000000000000000000FC
S3150802906400000000000000000000000000000000EC
S3150802907400000000000000000000000000000000DC
S3150802908400000000000000000000000000000000CC
S3150802909400000000000000000000000000000000BC
S315080290A400000000000000000000000000000000AC
S315080290B4000000000000000000000000000000009C
S315080290C4000000000000000000000000000000008C
S315080290D4000000000000000000000000000000007C
S315080290E4000000000000000000000000000000006C
S315080290F4000000000000000000000000000000005C
S31508029104000000000000000000000000000000004B
S31508029114000000000000000000000000000000003B
S31508029124000000000000000000000000000000002B
S31508029134000000000000000000000000000000001B
S31508029144000000000000000000000000000000000B
S3150802915400000000000000000000000000000000FB
S3150802916400000000000000000000000000000000EB
S3150802917400000000000000000000000000000000DB
S3150802918400000000000000000000000000000000CB
S3150802919400000000000000000000000000000000BB
S315080291A400000000000000000000000000000000AB
S315080291B4000000000000000000000000000000009B
S315080291C4000000000000000000000000000000008B
S315080291D4000000000000000000000000000000007B
S315080291E4000000000000000000000000000000006B
S315080291F4000000000000000000000000000000005B
S31508029204000000000000000000000000000000004A
S31508029214000000000000000000000000000000003A
S31508029224000000000000000000000000000000002A
S31508029234000000000000000000000000000000001A
S31508029244000000000000000000000000000000000A
S3150802925400000000000000000000000000000000FA
S3150802926400000000000000000000000000000000EA
S3150802927400000000000000000000000000000000DA
S3150802928400000000000000000000000000000000CA
S3150802929400000000000000000000000000000000BA
S315080292A400000000000000000000000000000000AA
S315080292B4000000000000000000000000000000009A
S315080292C4000000000000000000000000000000008A
S315080292D4000000000000000000000000000000007A
S315080292E4000000000000000000000000000000006A
S315080292F4000000000000000000000000000000005A
S315080293040000000000000000000000000000000049
S315080293140000000000000000000000000000000039
S315080293240000000000000000000000000000000029
S315080293340000000000000000000000000000000019
S315080293440000000000000000000000000000000009
S3150802935400000000000000000000000000000000F9
S3150802936400000000000000000000000000000000E9
S3150802937400000000000000000000000000000000D9
S3150802938400000000000000000000000000000000C9
S3150802939400000000000000000000000000000000B9
S315080293A400000000000000000000000000000000A9
S315080293B40000000000000000000000000000000099
S315080293C40000000000000000000000000000000089
S315080293D40000000000000000000000000000000079
S315080293E40000000000000000000000000000000069
S315080293F40000000000000000000000000000000059
S315080294040000000000000000000000000000000048
S315080294140000000000000000000000000000000038
S315080294240000000000000000000000000000000028
S315080294340000000000000000000000000000000018
S315080294440000000000000000000000000000000008
S3150802945400000000000000000000000000000000F8
S3150802946400000000000000000000000000000000E8
S3150802947400000000000000000000000000000000D8
S3150802948400000000000000000000000000000000C8
S3150802949400000000000000000000000000000000B8
S315080294A400000000000000000000000000000000A8
S315080294B40000000000000000000000000000000098
S315080294C40000000000000000000000000000000088
S315080294D40000000000000000000000000000000078
S315080294E40000000000000000000000000000000068
S315080294F40000000000000000000000000000000058
S315080295040000000000000000000000000000000047
S315080295140000000000000000000000000000000037
S315080295240000000000000000000000000000000027
S315080295340000000000000000000000000000000017
S315080295440000000000000000000000000000000007
S3150802955400000000000000000000000000000000F7
S3150802956400000000000000000000000000000000E7
S3150802957400000000000000000000000000000000D7
S3150802958400000000000000000000000000000000C7
S3150802959400000000000000000000000000000000B7
S315080295A400000000000000000000000000000000A7
S315080295B40000000000000000000000000000000097
S315080295C40000000000000000000000000000000087
S315080295D40000000000000000000000000000000077
S315080295E40000000000000000000000000000000067
S315080295F40000000000000000000000000000000057
S315080296040000000000000000000000000000000046
S315080296140000000000000000000000000000000036
S315080296240000000000000000000000000000000026
S315080296340000000000000000000000000000000016
S315080296440000000000000000000000000000000006
S3150802965400000000000000000000000000000000F6
S3150802966400000000000000000000000000000000E6
S3150802967400000000000000000000000000000000D6
S3150802968400000000000000000000000000000000C6
S3150802969400000000000000000000000000000000B6
S315080296A400000000000000000000000000000000A6
S315080296B40000000000000000000000000000000096
S315080296C40000000000000000000000000000000086
S315080296D40000000000000000000000000000000076
S315080296E40000000000000000000000000000000066
S315080296F40000000000000000000000000000000056
S315080297040000000000000000000000000000000045
S315080297140000000000000000000000000000000035
S315080297240000000000000000000000000000000025
S315080297340000000000000000000000000000000015
S315080297440000000000000000000000000000000005
S3150802975400000000000000000000000000000000F5
S3150802976400000000000000000000000000000000E5
S3150802977400000000000000000000000000000000D5
S3150802978400000000000000000000000000000000C5
S3150802979400000000000000000000000000000000B5
S315080297A400000000000000000000000000000000A5
S315080297B40000000000000000000000000000000095
S315080297C40000000000000000000000000000000085
S315080297D40000000000000000000000000000000075
S315080297E40000000000000000000000000000000065
S315080297F40000000000000000000000000000000055
S315080298040000000000000000000000000000000044
S315080298140000000000000000000000000000000034
S315080298240000000000000000000000000000000024
S315080298340000000000000000000000000000000014
S315080298440000000000000000000000000000000004
S3150802985400000000000000000000000000000000F4
S3150802986400000000000000000000000000000000E4
S3150802987400000000000000000000000000000000D4
S3150802988400000000000000000000000000000000C4
S3150802989400000000000000000000000000000000B4
S315080298A400000000000000000000000000000000A4
S315080298B40000000000000000000000000000000094
S315080298C40000000000000000000000000000000084
S315080298D40000000000000000000000000000000074
S315080298E40000000000000000000000000000000064
S315080298F40000000000000000000000000000000054
S315080299040000000000000000000000000000000043
S315080299140000000000000000000000000000000033
S315080299240000000000000000000000000000000023
S315080299340000000000000000000000000000000013
S315080299440000000000000000000000000000000003
S3150802995400000000000000000000000000000000F3
S3150802996400000000000000000000000000000000E3
S3150802997400000000000000000000000000000000D3
S3150802998400000000000000000000000000000000C3
S3150802999400000000000000000000000000000000B3
S315080299A400000000000000000000000000000000A3
S315080299B40000000000000000000000000000000093
S315080299C40000000000000000000000000000000083
S315080299D40000000000000000000000000000000073
S315080299E40000000000000000000000000000000063
S315080299F40000000000000000000000000000000053
S31508029A040000000000000000000000000000000042
S31508029A140000000000000000000000000000000032
S31508029A240000000000000000000000000000000022
S31508029A340000000000000000000000000000000012
S31508029A440000000000000000000000000000000002
S31508029A5400000000000000000000000000000000F2
S31508029A6400000000000000000000000000000000E2
S31508029A7400000000000000000000000000000000D2
S31508029A8400000000000000000000000000000000C2
S31508029A9400000000000000000000000000000000B2
S31508029AA400000000000000000000000000000000A2
S31508029AB40000000000000000000000000000000092
S31508029AC40000000000000000000000000000000082
S31508029AD40000000000000000000000000000000072
S31508029AE40000000000000000000000000000000062
S31508029AF40000000000000000000000000000000052
S31508029B040000000000000000000000000000000041
S31508029B140000000000000000000000000000000031
S31508029B240000000000000000000000000000000021
S31508029B340000000000000000000000000000000011
S31508029B440000000000000000000000000000000001
S31508029B5400000000000000000000000000000000F1
S31508029B6400000000000000000000000000000000E1
S31508029B7400000000000000000000000000000000D1
S31508029B8400000000000000000000000000000000C1
S31508029B9400000000000000000000000000000000B1
S31508029BA400000000000000000000000000000000A1
S31508029BB40000000000000000000000000000000091
S31508029BC40000000000000000000000000000000081
S31508029BD40000000000000000000000000000000071
S31508029BE40000000000000000000000000000000061
S31508029BF40000000000000000000000000000000051
S31508029C040000000000000000000000000000000040
S31508029C140000000000000000000000000000000030
S31508029C240000000000000000000000000000000020
S31508029C340000000000000000000000000000000010
S31508029C440000000000000000000000000000000000
S31508029C5400000000000000000000000000000000F0
S31508029C6400000000000000000000000000000000E0
S31508029C7400000000000000000000000000000000D0
S31508029C8400000000000000000000000000000000C0
S31508029C9400000000000000000000000000000000B0
S31508029CA400000000000000000000000000000000A0
S31508029CB40000000000000000000000000000000090
S31508029CC40000000000000000000000000000000080
S31508029CD40000000000000000000000000000000070
S31508029CE40000000000000000000000000000000060
S31508029CF40000000000000000000000000000000050
S31508029D04000000000000000000000000000000003F
S31508029D14000000000000000000000000000000002F
S31508029D24000000000000000000000000000000001F
S31508029D34000000000000000000000000000000000F
S31508029D4400000000000000000000000000000000FF
S31508029D5400000000000000000000000000000000EF
S31508029D6400000000000000000000000000000000DF
S31508029D7400000000000000000000000000000000CF
S31508029D8400000000000000000000000000000000BF
S31508029D9400000000000000000000000000000000AF
S31508029DA4000000000000000000000000000000009F
S31508029DB4000000000000000000000000000000008F
S31508029DC4000000000000000000000000000000007F
S31508029DD4000000000000000000000000000000006F
S31508029DE4000000000000000000000000000000005F
S31508029DF4000000000000000000000000000000004F
S31508029E04000000000000000000000000000000003E
S31508029E14000000000000000000000000000000002E
S31508029E24000000000000000000000000000000001E
S31508029E34000000000000000000000000000000000E
S31508029E4400000000000000000000000000000000FE
S31508029E5400000000000000000000000000000000EE
S31508029E6400000000000000000000000000000000DE
S31508029E7400000000000000000000000000000000CE
S31508029E8400000000000000000000000000000000BE
S31508029E9400000000000000000000000000000000AE
S31508029EA4000000000000000000000000000000009E
S31508029EB4000000000000000000000000000000008E
S31508029EC4000000000000000000000000000000007E
S31508029ED4000000000000000000000000000000006E
S31508029EE4000000000000000000000000000000005E
S31508029EF4000000000000000000000000000000004E
S31508029F04000000000000000000000000000000003D
S31508029F14000000000000000000000000000000002D
S31508029F24000000000000000000000000000000001D
S31508029F34000000000000000000000000000000000D
S31508029F4400000000000000000000000000000000FD
S31508029F5400000000000000000000000000000000ED
S31508029F6400000000000000000000000000000000DD
S31508029F7400000000000000000000000000000000CD
S31508029F8400000000000000000000000000000000BD
S31508029F9400000000000000000000000000000000AD
S31508029FA4000000000000000000000000000000009D
S31508029FB4000000000000000000000000000000008D
S31508029FC4000000000000000000000000000000007D
S31508029FD4000000000000000000000000000000006D
S31508029FE4000000000000000000000000000000005D
S31508029FF4000000000000000000000000000000004D
S3150802A004000000000000000000000000000000003C
S3150802A014000000000000000000000000000000002C
S3150802A024000000000000000000000000000000001C
S3150802A034000000000000000000000000000000000C
S3150802A04400000000000000000000000000000000FC
S3150802A05400000000000000000000000000000000EC
S3150802A06400000000000000000000000000000000DC
S3150802A07400000000000000000000000000000000CC
S3150802A08400000000000000000000000000000000BC
S3150802A09400000000000000000000000000000000AC
S3150802A0A4000000000000000000000000000000009C
S3150802A0B4000000000000000000000000000000008C
S3150802A0C4000000000000000000000000000000007C
S3150802A0D4000000000000000000000000000000006C
S3150802A0E4000000000000000000000000000000005C
S3150802A0F4000000000000000000000000000000004C
S3150802A104000000000000000000000000000000003B
S3150802A114000000000000000000000000000000002B
S3150802A124000000000000000000000000000000001B
S3150802A134000000000000000000000000000000000B
S3150802A14400000000000000000000000000000000FB
S3150802A15400000000000000000000000000000000EB
S3150802A16400000000000000000000000000000000DB
S3150802A17400000000000000000000000000000000CB
S3150802A18400000000000000000000000000000000BB
S3150802A19400000000000000000000000000000000AB
S3150802A1A4000000000000000000000000000000009B
S3150802A1B4000000000000000000000000000000008B
S3150802A1C4000000000000000000000000000000007B
S3150802A1D4000000000000000000000000000000006B
S3150802A1E4000000000000000000000000000000005B
S3150802A1F4000000000000000000000000000000004B
S3150802A204000000000000000000000000000000003A
S3150802A214000000000000000000000000000000002A
S3150802A224000000000000000000000000000000001A
S3150802A234000000000000000000000000000000000A
S3150802A24400000000000000000000000000000000FA
S3150802A25400000000000000000000000000000000EA
S3150802A26400000000000000000000000000000000DA
S3150802A27400000000000000000000000000000000CA
S3150802A28400000000000000000000000000000000BA
S3150802A29400000000000000000000000000000000AA
S3150802A2A4000000000000000000000000000000009A
S3150802A2B4000000000000000000000000000000008A
S3150802A2C4000000000000000000000000000000007A
S3150802A2D4000000000000000000000000000000006A
S3150802A2E4000000000000000000000000000000005A
S3150802A2F4000000000000000000000000000000004A
S3150802A3040000000000000000000000000000000039
S3150802A3140000000000000000000000000000000029
S3150802A3240000000000000000000000000000000019
S3150802A3340000000000000000000000000000000009
S3150802A34400000000000000000000000000000000F9
S3150802A35400000000000000000000000000000000E9
S3150802A36400000000000000000000000000000000D9
S3150802A37400000000000000000000000000000000C9
S3150802A38400000000000000000000000000000000B9
S3150802A39400000000000000000000000000000000A9
S3150802A3A40000000000000000000000000000000099
S3150802A3B40000000000000000000000000000000089
S3150802A3C40000000000000000000000000000000079
S3150802A3D40000000000000000000000000000000069
S3150802A3E40000000000000000000000000000000059
S3150802A3F40000000000000000000000000000000049
S3150802A4040000000000000000000000000000000038
S3150802A4140000000000000000000000000000000028
S3150802A4240000000000000000000000000000000018
S3150802A4340000000000000000000000000000000008
S3150802A44400000000000000000000000000000000F8
S3150802A45400000000000000000000000000000000E8
S3150802A46400000000000000000000000000000000D8
S3150802A47400000000000000000000000000000000C8
S3150802A48400000000000000000000000000000000B8
S3150802A49400000000000000000000000000000000A8
S3150802A4A40000000000000000000000000000000098
S3150802A4B40000000000000000000000000000000088
S3150802A4C40000000000000000000000000000000078
S3150802A4D40000000000000000000000000000000068
S3150802A4E40000000000000000000000000000000058
S3150802A4F40000000000000000000000000000000048
S3150802A5040000000000000000000000000000000037
S3150802A5140000000000000000000000000000000027
S3150802A5240000000000000000000000000000000017
S3150802A5340000000000000000000000000000000007
S3150802A54400000000000000000000000000000000F7
S3150802A55400000000000000000000000000000000E7
S3150802A56400000000000000000000000000000000D7
S3150802A57400000000000000000000000000000000C7
S3150802A58400000000000000000000000000000000B7
S3150802A59400000000000000000000000000000000A7
S3150802A5A40000000000000000000000000000000097
S3150802A5B40000000000000000000000000000000087
S3150802A5C40000000000000000000000000000000077
S3150802A5D40000000000000000000000000000000067
S3150802A5E40000000000000000000000000000000057
S3150802A5F40000000000000000000000000000000047
S3150802A6040000000000000000000000000000000036
S3150802A6140000000000000000000000000000000026
S3150802A6240000000000000000000000000000000016
S3150802A6340000000000000000000000000000000006
S3150802A64400000000000000000000000000000000F6
S3150802A65400000000000000000000000000000000E6
S3150802A66400000000000000000000000000000000D6
S3150802A67400000000000000000000000000000000C6
S3150802A68400000000000000000000000000000000B6
S3150802A69400000000000000000000000000000000A6
S3150802A6A40000000000000000000000000000000096
S3150802A6B40000000000000000000000000000000086
S3150802A6C40000000000000000000000000000000076
S3150802A6D40000000000000000000000000000000066
S3150802A6E40000000000000000000000000000000056
S3150802A6F40000000000000000000000000000000046
S3150802A7040000000000000000000000000000000035
S3150802A7140000000000000000000000000000000025
S3150802A7240000000000000000000000000000000015
S3150802A7340000000000000000000000000000000005
S3150802A74400000000000000000000000000000000F5
S3150802A75400000000000000000000000000000000E5
S3150802A76400000000000000000000000000000000D5
S3150802A77400000000000000000000000000000000C5
S3150802A78400000000000000000000000000000000B5
S3150802A79400000000000000000000000000000000A5
S3150802A7A40000000000000000000000000000000095
S3150802A7B40000000000000000000000000000000085
S3150802A7C40000000000000000000000000000000075
S3150802A7D40000000000000000000000000000000065
S3150802A7E40000000000000000000000000000000055
S3150802A7F40000000000000000000000000000000045
S3150802A8040000000000000000000000000000000034
S3150802A8140000000000000000000000000000000024
S3150802A8240000000000000000000000000000000014
S3150802A8340000000000000000000000000000000004
S3150802A84400000000000000000000000000000000F4
S3150802A85400000000000000000000000000000000E4
S3150802A86400000000000000000000000000000000D4
S3150802A87400000000000000000000000000000000C4
S3150802A88400000000000000000000000000000000B4
S3150802A89400000000000000000000000000000000A4
S3150802A8A40000000000000000000000000000000094
S3150802A8B40000000000000000000000000000000084
S3150802A8C40000000000000000000000000000000074
S3150802A8D40000000000000000000000000000000064
S3150802A8E40000000000000000000000000000000054
S3150802A8F40000000000000000000000000000000044
S3150802A9040000000000000000000000000000000033
S3150802A9140000000000000000000000000000000023
S3150802A9240000000000000000000000000000000013
S3150802A9340000000000000000000000000000000003
S3150802A94400000000000000000000000000000000F3
S3150802A95400000000000000000000000000000000E3
S3150802A96400000000000000000000000000000000D3
S3150802A97400000000000000000000000000000000C3
S3150802A98400000000000000000000000000000000B3
S3150802A99400000000000000000000000000000000A3
S3150802A9A40000000000000000000000000000000093
S3150802A9B40000000000000000000000000000000083
S3150802A9C40000000000000000000000000000000073
S3150802A9D40000000000000000000000000000000063
S3150802A9E40000000000000000000000000000000053
S3150802A9F40000000000000000000000000000000043
S3150802AA040000000000000000000000000000000032
S3150802AA140000000000000000000000000000000022
S3150802AA240000000000000000000000000000000012
S3150802AA340000000000000000000000000000000002
S3150802AA4400000000000000000000000000000000F2
S3150802AA5400000000000000000000000000000000E2
S3150802AA6400000000000000000000000000000000D2
S3150802AA7400000000000000000000000000000000C2
S3150802AA8400000000000000000000000000000000B2
S3150802AA9400000000000000000000000000000000A2
S3150802AAA40000000000000000000000000000000092
S3150802AAB40000000000000000000000000000000082
S3150802AAC40000000000000000000000000000000072
S3150802AAD40000000000000000000000000000000062
S3150802AAE40000000000000000000000000000000052
S3150802AAF40000000000000000000000000000000042
S3150802AB040000000000000000000000000000000031
S3150802AB140000000000000000000000000000000021
S3150802AB240000000000000000000000000000000011
S3150802AB340000000000000000000000000000000001
S3150802AB4400000000000000000000000000000000F1
S3150802AB5400000000000000000000000000000000E1
S3150802AB6400000000000000000000000000000000D1
S3150802AB7400000000000000000000000000000000C1
S3150802AB8400000000000000000000000000000000B1
S3150802AB9400000000000000000000000000000000A1
S3150802ABA40000000000000000000000000000000091
S3150802ABB40000000000000000000000000000000081
S3150802ABC40000000000000000000000000000000071
S3150802ABD40000000000000000000000000000000061
S3150802ABE40000000000000000000000000000000051
S3150802ABF40000000000000000000000000000000041
S3150802AC040000000000000000000000000000000030
S3150802AC140000000000000000000000000000000020
S3150802AC240000000000000000000000000000000010
S3150802AC340000000000000000000000000000000000
S3150802AC4400000000000000000000000000000000F0
S3150802AC5400000000000000000000000000000000E0
S3150802AC6400000000000000000000000000000000D0
S3150802AC7400000000000000000000000000000000C0
S3150802AC8400000000000000000000000000000000B0
S3150802AC9400000000000000000000000000000000A0
S3150802ACA40000000000000000000000000000000090
S3150802ACB40000000000000000000000000000000080
S3150802ACC40000000000000000000000000000000070
S3150802ACD40000000000000000000000000000000060
S3150802ACE40000000000000000000000000000000050
S3150802ACF40000000000000000000000000000000040
S3150802AD04000000000000000000000000000000002F
S3150802AD14000000000000000000000000000000001F
S3150802AD24000000000000000000000000000000000F
S3150802AD3400000000000000000000000000000000FF
S3150802AD4400000000000000000000000000000000EF
S3150802AD5400000000000000000000000000000000DF
S3150802AD6400000000000000000000000000000000CF
S3150802AD7400000000000000000000000000000000BF
S3150802AD8400000000000000000000000000000000AF
S3150802AD94000000000000000000000000000000009F
S3150802ADA4000000000000000000000000000000008F
S3150802ADB4000000000000000000000000000000007F
S3150802ADC4000000000000000000000000000000006F
S3150802ADD4000000000000000000000000000000005F
S3150802ADE4000000000000000000000000000000004F
S3150802ADF4000000000000000000000000000000003F
S3150802AE04000000000000000000000000000000002E
S3150802AE14000000000000000000000000000000001E
S3150802AE24000000000000000000000000000000000E
S3150802AE3400000000000000000000000000000000FE
S3150802AE4400000000000000000000000000000000EE
S3150802AE5400000000000000000000000000000000DE
S3150802AE6400000000000000000000000000000000CE
S3150802AE7400000000000000000000000000000000BE
S3150802AE8400000000000000000000000000000000AE
S3150802AE94000000000000000000000000000000009E
S3150802AEA4000000000000000000000000000000008E
S3150802AEB4000000000000000000000000000000007E
S3150802AEC4000000000000000000000000000000006E
S3150802AED4000000000000000000000000000000005E
S3150802AEE4000000000000000000000000000000004E
S3150802AEF4000000000000000000000000000000003E
S3150802AF04000000000000000000000000000000002D
S3150802AF14000000000000000000000000000000001D
S3150802AF24000000000000000000000000000000000D
S3150802AF3400000000000000000000000000000000FD
S3150802AF4400000000000000000000000000000000ED
S3150802AF5400000000000000000000000000000000DD
S3150802AF6400000000000000000000000000000000CD
S3150802AF7400000000000000000000000000000000BD
S3150802AF8400000000000000000000000000000000AD
S3150802AF94000000000000000000000000000000009D
S3150802AFA4000000000000000000000000000000008D
S3150802AFB4000000000000000000000000000000007D
S3150802AFC4000000000000000000000000000000006D
S3150802AFD4000000000000000000000000000000005D
S3150802AFE4000000000000000000000000000000004D
S3150802AFF4000000000000000000000000000000003D
S3150802B004000000000000000000000000000000002C
S3150802B014000000000000000000000000000000001C
S3150802B024000000000000000000000000000000000C
S3150802B03400000000000000000000000000000000FC
S3150802B04400000000000000000000000000000000EC
S3150802B05400000000000000000000000000000000DC
S3150802B06400000000000000000000000000000000CC
S3150802B07400000000000000000000000000000000BC
S3150802B08400000000000000000000000000000000AC
S3150802B094000000000000000000000000000000009C
S3150802B0A4000000000000000000000000000000008C
S3150802B0B4000000000000000000000000000000007C
S3150802B0C4000000000000000000000000000000006C
S3150802B0D4000000000000000000000000000000005C
S3150802B0E4000000000000000000000000000000004C
S3150802B0F4000000000000000000000000000000003C
S3150802B104000000000000000000000000000000002B
S3150802B114000000000000000000000000000000001B
S3150802B124000000000000000000000000000000000B
S3150802B13400000000000000000000000000000000FB
S3150802B14400000000000000000000000000000000EB
S3150802B15400000000000000000000000000000000DB
S3150802B16400000000000000000000000000000000CB
S3150802B17400000000000000000000000000000000BB
S3150802B18400000000000000000000000000000000AB
S3150802B194000000000000000000000000000000009B
S3150802B1A4000000000000000000000000000000008B
S3150802B1B4000000000000000000000000000000007B
S3150802B1C4000000000000000000000000000000006B
S3150802B1D4000000000000000000000000000000005B
S3150802B1E4000000000000000000000000000000004B
S3150802B1F4000000000000000000000000000000003B
S3150802B204000000000000000000000000000000002A
S3150802B214000000000000000000000000000000001A
S3150802B224000000000000000000000000000000000A
S3150802B23400000000000000000000000000000000FA
S3150802B24400000000000000000000000000000000EA
S3150802B25400000000000000000000000000000000DA
S3150802B26400000000000000000000000000000000CA
S3150802B27400000000000000000000000000000000BA
S3150802B28400000000000000000000000000000000AA
S3150802B294000000000000000000000000000000009A
S3150802B2A4000000000000000000000000000000008A
S3150802B2B4000000000000000000000000000000007A
S3150802B2C4000000000000000000000000000000006A
S3150802B2D4000000000000000000000000000000005A
S3150802B2E4000000000000000000000000000000004A
S3150802B2F4000000000000000000000000000000003A
S3150802B3040000000000000000000000000000000029
S3150802B3140000000000000000000000000000000019
S3150802B3240000000000000000000000000000000009
S3150802B33400000000000000000000000000000000F9
S3150802B34400000000000000000000000000000000E9
S3150802B35400000000000000000000000000000000D9
S3150802B36400000000000000000000000000000000C9
S3150802B37400000000000000000000000000000000B9
S3150802B38400000000000000000000000000000000A9
S3150802B3940000000000000000000000000000000099
S3150802B3A40000000000000000000000000000000089
S3150802B3B40000000000000000000000000000000079
S3150802B3C40000000000000000000000000000000069
S3150802B3D40000000000000000000000000000000059
S3150802B3E40000000000000000000000000000000049
S3150802B3F40000000000000000000000000000000039
S3150802B4040000000000000000000000000000000028
S3150802B4140000000000000000000000000000000018
S3150802B4240000000000000000000000000000000008
S3150802B43400000000000000000000000000000000F8
S3150802B44400000000000000000000000000000000E8
S3150802B45400000000000000000000000000000000D8
S3150802B46400000000000000000000000000000000C8
S3150802B47400000000000000000000000000000000B8
S3150802B48400000000000000000000000000000000A8
S3150802B4940000000000000000000000000000000098
S3150802B4A40000000000000000000000000000000088
S3150802B4B40000000000000000000000000000000078
S3150802B4C40000000000000000000000000000000068
S3150802B4D40000000000000000000000000000000058
S3150802B4E40000000000000000000000000000000048
S3150802B4F40000000000000000000000000000000038
S3150802B5040000000000000000000000000000000027
S3150802B5140000000000000000000000000000000017
S3150802B5240000000000000000000000000000000007
S3150802B53400000000000000000000000000000000F7
S3150802B54400000000000000000000000000000000E7
S3150802B55400000000000000000000000000000000D7
S3150802B56400000000000000000000000000000000C7
S3150802B57400000000000000000000000000000000B7
S3150802B58400000000000000000000000000000000A7
S3150802B5940000000000000000000000000000000097
S3150802B5A40000000000000000000000000000000087
S3150802B5B40000000000000000000000000000000077
S3150802B5C40000000000000000000000000000000067
S3150802B5D40000000000000000000000000000000057
S3150802B5E40000000000000000000000000000000047
S3150802B5F40000000000000000000000000000000037
S3150802B6040000000000000000000000000000000026
S3150802B6140000000000000000000000000000000016
S3150802B6240000000000000000000000000000000006
S3150802B63400000000000000000000000000000000F6
S3150802B64400000000000000000000000000000000E6
S3150802B65400000000000000000000000000000000D6
S3150802B66400000000000000000000000000000000C6
S3150802B67400000000000000000000000000000000B6
S3150802B68400000000000000000000000000000000A6
S3150802B6940000000000000000000000000000000096
S3150802B6A40000000000000000000000000000000086
S3150802B6B40000000000000000000000000000000076
S3150802B6C40000000000000000000000000000000066
S3150802B6D40000000000000000000000000000000056
S3150802B6E40000000000000000000000000000000046
S3150802B6F40000000000000000000000000000000036
S3150802B7040000000000000000000000000000000025
S3150802B7140000000000000000000000000000000015
S3150802B7240000000000000000000000000000000005
S3150802B73400000000000000000000000000000000F5
S3150802B74400000000000000000000000000000000E5
S3150802B75400000000000000000000000000000000D5
S3150802B76400000000000000000000000000000000C5
S3150802B77400000000000000000000000000000000B5
S3150802B78400000000000000000000000000000000A5
S3150802B7940000000000000000000000000000000095
S3150802B7A40000000000000000000000000000000085
S3150802B7B40000000000000000000000000000000075
S3150802B7C40000000000000000000000000000000065
S3150802B7D40000000000000000000000000000000055
S3150802B7E40000000000000000000000000000000045
S3150802B7F40000000000000000000000000000000035
S3150802B8040000000000000000000000000000000024
S3150802B8140000000000000000000000000000000014
S3150802B8240000000000000000000000000000000004
S3150802B83400000000000000000000000000000000F4
S3150802B84400000000000000000000000000000000E4
S3150802B85400000000000000000000000000000000D4
S3150802B86400000000000000000000000000000000C4
S3150802B87400000000000000000000000000000000B4
S3150802B88400000000000000000000000000000000A4
S3150802B8940000000000000000000000000000000094
S3150802B8A40000000000000000000000000000000084
S3150802B8B40000000000000000000000000000000074
S3150802B8C40000000000000000000000000000000064
S3150802B8D40000000000000000000000000000000054
S3150802B8E40000000000000000000000000000000044
S3150802B8F40000000000000000000000000000000034
S3150802B9040000000000000000000000000000000023
S3150802B9140000000000000000000000000000000013
S3150802B9240000000000000000000000000000000003
S3150802B93400000000000000000000000000000000F3
S3150802B94400000000000000000000000000000000E3
S3150802B95400000000000000000000000000000000D3
S3150802B96400000000000000000000000000000000C3
S70508003A3583
